{
"type": "FeatureCollection",
"name": "hurricane_evac_zones",
"features": [
{ "type": "Feature", "properties": { "zone": 6 }, "geometry": { "type": "MultiPolygon", "coordinates": [ [ [ [ -73.821257, 40.672529 ], [ -73.821825, 40.670714 ], [ -73.819019, 40.670208 ], [ -73.817193, 40.669879 ], [ -73.816629, 40.671695 ], [ -73.81845, 40.672032 ], [ -73.821257, 40.672529 ] ] ], [ [ [ -73.803591, 40.672316 ], [ -73.803597, 40.674551 ], [ -73.807442, 40.674897 ], [ -73.807453, 40.672222 ], [ -73.803591, 40.672316 ] ] ], [ [ [ -73.81333, 40.673008 ], [ -73.812596, 40.675362 ], [ -73.81353, 40.675447 ], [ -73.81424, 40.673182 ], [ -73.81333, 40.673008 ] ] ], [ [ [ -73.840568, 40.675315 ], [ -73.840882, 40.675958 ], [ -73.843303, 40.675312 ], [ -73.844937, 40.675078 ], [ -73.843311, 40.674446 ], [ -73.843231, 40.673748 ], [ -73.840623, 40.67403 ], [ -73.839866, 40.673964 ], [ -73.839347, 40.672699 ], [ -73.838952, 40.67116 ], [ -73.838059, 40.671291 ], [ -73.837461, 40.672661 ], [ -73.836381, 40.672421 ], [ -73.836414, 40.673116 ], [ -73.837083, 40.673019 ], [ -73.838079, 40.675253 ], [ -73.839383, 40.674884 ], [ -73.839709, 40.675553 ], [ -73.840568, 40.675315 ] ], [ [ -73.840568, 40.675315 ], [ -73.84025, 40.674741 ], [ -73.841179, 40.674577 ], [ -73.841417, 40.675077 ], [ -73.840568, 40.675315 ] ] ], [ [ [ -73.809045, 40.676027 ], [ -73.809993, 40.675761 ], [ -73.809782, 40.675108 ], [ -73.808536, 40.674996 ], [ -73.809045, 40.676027 ] ] ], [ [ [ -73.819139, 40.676119 ], [ -73.819743, 40.674174 ], [ -73.818798, 40.674003 ], [ -73.818191, 40.675964 ], [ -73.819139, 40.676119 ] ] ], [ [ [ -73.727557, 40.674162 ], [ -73.726548, 40.676488 ], [ -73.727724, 40.67672 ], [ -73.728155, 40.675874 ], [ -73.730079, 40.676532 ], [ -73.7303, 40.676154 ], [ -73.729302, 40.675808 ], [ -73.730254, 40.674039 ], [ -73.732772, 40.673629 ], [ -73.734576, 40.670637 ], [ -73.733714, 40.670354 ], [ -73.732972, 40.671663 ], [ -73.732115, 40.671381 ], [ -73.731369, 40.672694 ], [ -73.730504, 40.672407 ], [ -73.729544, 40.674138 ], [ -73.727557, 40.674162 ] ] ], [ [ [ -73.736077, 40.674521 ], [ -73.737794, 40.675215 ], [ -73.737098, 40.676522 ], [ -73.737935, 40.676792 ], [ -73.739636, 40.673859 ], [ -73.737941, 40.673245 ], [ -73.737081, 40.672968 ], [ -73.736077, 40.674521 ] ] ], [ [ [ -73.821257, 40.672529 ], [ -73.820698, 40.674348 ], [ -73.822518, 40.674673 ], [ -73.821921, 40.676575 ], [ -73.824673, 40.677031 ], [ -73.825252, 40.675168 ], [ -73.823428, 40.674838 ], [ -73.824559, 40.671208 ], [ -73.823648, 40.671044 ], [ -73.823083, 40.672858 ], [ -73.821257, 40.672529 ] ] ], [ [ [ -73.810591, 40.672523 ], [ -73.811504, 40.672687 ], [ -73.810739, 40.675194 ], [ -73.811726, 40.677256 ], [ -73.812602, 40.677008 ], [ -73.811692, 40.675157 ], [ -73.812414, 40.672851 ], [ -73.813542, 40.669222 ], [ -73.812633, 40.669052 ], [ -73.812068, 40.670866 ], [ -73.811155, 40.670705 ], [ -73.810591, 40.672523 ] ] ], [ [ [ -73.85123, 40.677124 ], [ -73.851868, 40.678427 ], [ -73.852985, 40.678266 ], [ -73.852602, 40.676262 ], [ -73.850923, 40.676496 ], [ -73.85123, 40.677124 ] ] ], [ [ [ -73.728159, 40.678205 ], [ -73.729224, 40.678415 ], [ -73.729739, 40.677845 ], [ -73.728371, 40.677556 ], [ -73.728159, 40.678205 ] ] ], [ [ [ -73.749708, 40.67735 ], [ -73.75317, 40.678497 ], [ -73.753659, 40.677535 ], [ -73.749343, 40.676145 ], [ -73.748879, 40.677069 ], [ -73.749708, 40.67735 ] ] ], [ [ [ -73.8205, 40.678749 ], [ -73.821361, 40.678503 ], [ -73.820287, 40.676306 ], [ -73.819225, 40.676133 ], [ -73.8205, 40.678749 ] ] ], [ [ [ -73.83469, 40.676281 ], [ -73.833805, 40.676063 ], [ -73.833605, 40.676677 ], [ -73.832693, 40.67651 ], [ -73.832898, 40.675855 ], [ -73.831814, 40.675572 ], [ -73.831322, 40.676053 ], [ -73.830785, 40.678088 ], [ -73.831083, 40.678151 ], [ -73.831746, 40.679537 ], [ -73.834109, 40.678853 ], [ -73.835263, 40.676971 ], [ -73.834519, 40.676841 ], [ -73.83469, 40.676281 ] ] ], [ [ [ -73.844116, 40.678037 ], [ -73.844255, 40.678789 ], [ -73.845148, 40.67867 ], [ -73.845892, 40.680186 ], [ -73.851595, 40.679833 ], [ -73.850636, 40.677876 ], [ -73.847932, 40.678267 ], [ -73.847001, 40.676373 ], [ -73.844209, 40.676762 ], [ -73.843724, 40.676739 ], [ -73.844116, 40.678037 ] ] ], [ [ [ -73.750831, 40.680236 ], [ -73.75046, 40.680861 ], [ -73.751367, 40.681177 ], [ -73.752258, 40.681491 ], [ -73.752683, 40.68087 ], [ -73.750831, 40.680236 ] ] ], [ [ [ -73.819565, 40.681007 ], [ -73.818707, 40.679255 ], [ -73.816947, 40.679756 ], [ -73.814948, 40.67558 ], [ -73.813869, 40.675478 ], [ -73.816943, 40.681758 ], [ -73.819565, 40.681007 ] ] ], [ [ [ -73.737935, 40.676792 ], [ -73.736721, 40.679024 ], [ -73.737635, 40.679296 ], [ -73.73659, 40.681406 ], [ -73.738268, 40.681949 ], [ -73.740657, 40.677669 ], [ -73.743245, 40.678504 ], [ -73.743928, 40.677292 ], [ -73.741316, 40.6764 ], [ -73.742255, 40.674807 ], [ -73.741411, 40.6745 ], [ -73.739794, 40.677391 ], [ -73.737935, 40.676792 ] ] ], [ [ [ -73.745444, 40.681865 ], [ -73.746305, 40.682145 ], [ -73.748235, 40.678694 ], [ -73.749303, 40.678973 ], [ -73.749812, 40.678121 ], [ -73.748666, 40.677745 ], [ -73.74813, 40.678662 ], [ -73.747354, 40.678428 ], [ -73.745444, 40.681865 ] ] ], [ [ [ -73.729606, 40.682149 ], [ -73.730462, 40.682366 ], [ -73.731179, 40.680437 ], [ -73.732912, 40.680832 ], [ -73.733143, 40.680167 ], [ -73.732243, 40.679892 ], [ -73.73324, 40.677979 ], [ -73.734111, 40.678243 ], [ -73.736077, 40.674521 ], [ -73.735068, 40.673994 ], [ -73.733032, 40.676495 ], [ -73.731061, 40.678307 ], [ -73.729606, 40.682149 ] ] ], [ [ [ -73.819565, 40.681007 ], [ -73.820421, 40.682755 ], [ -73.822212, 40.682244 ], [ -73.821357, 40.680497 ], [ -73.819565, 40.681007 ] ] ], [ [ [ -73.803591, 40.672316 ], [ -73.803576, 40.670484 ], [ -73.802656, 40.670487 ], [ -73.802662, 40.671196 ], [ -73.801134, 40.671294 ], [ -73.801302, 40.673122 ], [ -73.801565, 40.674048 ], [ -73.801682, 40.674384 ], [ -73.801217, 40.674344 ], [ -73.801916, 40.675956 ], [ -73.799232, 40.676226 ], [ -73.798974, 40.674774 ], [ -73.798039, 40.67469 ], [ -73.798127, 40.67519 ], [ -73.796735, 40.67521 ], [ -73.796576, 40.675754 ], [ -73.797535, 40.677739 ], [ -73.796627, 40.677999 ], [ -73.799009, 40.682854 ], [ -73.799917, 40.682599 ], [ -73.798215, 40.679097 ], [ -73.800562, 40.678436 ], [ -73.800896, 40.680326 ], [ -73.803482, 40.679603 ], [ -73.804337, 40.681349 ], [ -73.806298, 40.680789 ], [ -73.803204, 40.674521 ], [ -73.80269, 40.674471 ], [ -73.802692, 40.673092 ], [ -73.801703, 40.673115 ], [ -73.801705, 40.672393 ], [ -73.803591, 40.672316 ] ] ], [ [ [ -73.843231, 40.682775 ], [ -73.842236, 40.680747 ], [ -73.843146, 40.680594 ], [ -73.842154, 40.678584 ], [ -73.841845, 40.677944 ], [ -73.840116, 40.678427 ], [ -73.840945, 40.680165 ], [ -73.839965, 40.680027 ], [ -73.840467, 40.681081 ], [ -73.840129, 40.681147 ], [ -73.841196, 40.683351 ], [ -73.843231, 40.682775 ] ] ], [ [ [ -73.725865, 40.683239 ], [ -73.726356, 40.682831 ], [ -73.727541, 40.681032 ], [ -73.725755, 40.680946 ], [ -73.725865, 40.683239 ] ] ], [ [ [ -73.743928, 40.677292 ], [ -73.744783, 40.677591 ], [ -73.741722, 40.683065 ], [ -73.744308, 40.683902 ], [ -73.745444, 40.681865 ], [ -73.743719, 40.681312 ], [ -73.747436, 40.674613 ], [ -73.746816, 40.674392 ], [ -73.745764, 40.676077 ], [ -73.744884, 40.675756 ], [ -73.743928, 40.677292 ] ] ], [ [ [ -73.729606, 40.682149 ], [ -73.728732, 40.681928 ], [ -73.727853, 40.6838 ], [ -73.728721, 40.684062 ], [ -73.729606, 40.682149 ] ] ], [ [ [ -73.853139, 40.686929 ], [ -73.852531, 40.685665 ], [ -73.849948, 40.6864 ], [ -73.850563, 40.687663 ], [ -73.853139, 40.686929 ] ] ], [ [ [ -73.749726, 40.682463 ], [ -73.749357, 40.683133 ], [ -73.750219, 40.683412 ], [ -73.74919, 40.68525 ], [ -73.749337, 40.685676 ], [ -73.75009, 40.685923 ], [ -73.748846, 40.687447 ], [ -73.74973, 40.687833 ], [ -73.750335, 40.68703 ], [ -73.753308, 40.685021 ], [ -73.752831, 40.684644 ], [ -73.752417, 40.684681 ], [ -73.75103, 40.684223 ], [ -73.751542, 40.683046 ], [ -73.749726, 40.682463 ] ] ], [ [ [ -73.864996, 40.682137 ], [ -73.865328, 40.683461 ], [ -73.864726, 40.683635 ], [ -73.862123, 40.684375 ], [ -73.862601, 40.686443 ], [ -73.860885, 40.686666 ], [ -73.861041, 40.687341 ], [ -73.862754, 40.687116 ], [ -73.86291, 40.687796 ], [ -73.865592, 40.687434 ], [ -73.866337, 40.687127 ], [ -73.866661, 40.688561 ], [ -73.867456, 40.688401 ], [ -73.8666, 40.685278 ], [ -73.866291, 40.683123 ], [ -73.866021, 40.681928 ], [ -73.864996, 40.682137 ] ] ], [ [ [ -73.853139, 40.686929 ], [ -73.854081, 40.688699 ], [ -73.858256, 40.687516 ], [ -73.858029, 40.687052 ], [ -73.857375, 40.685723 ], [ -73.853139, 40.686929 ] ] ], [ [ [ -73.794778, 40.687471 ], [ -73.794153, 40.687752 ], [ -73.794995, 40.688917 ], [ -73.795615, 40.688657 ], [ -73.794778, 40.687471 ] ] ], [ [ [ -73.794778, 40.687471 ], [ -73.796068, 40.687078 ], [ -73.796629, 40.688222 ], [ -73.797461, 40.687872 ], [ -73.798235, 40.688957 ], [ -73.799873, 40.687723 ], [ -73.80127, 40.688676 ], [ -73.801936, 40.688174 ], [ -73.802867, 40.688809 ], [ -73.804686, 40.688372 ], [ -73.805292, 40.68745 ], [ -73.803229, 40.685645 ], [ -73.803422, 40.68559 ], [ -73.801709, 40.682098 ], [ -73.799917, 40.682599 ], [ -73.80163, 40.686118 ], [ -73.799135, 40.687182 ], [ -73.797249, 40.68336 ], [ -73.794615, 40.684108 ], [ -73.793755, 40.68236 ], [ -73.79266, 40.682568 ], [ -73.789731, 40.683784 ], [ -73.790169, 40.684385 ], [ -73.792582, 40.683389 ], [ -73.792801, 40.684842 ], [ -73.794778, 40.687471 ] ] ], [ [ [ -73.843231, 40.682775 ], [ -73.844215, 40.684775 ], [ -73.844918, 40.684576 ], [ -73.845426, 40.685457 ], [ -73.844541, 40.685707 ], [ -73.844919, 40.686483 ], [ -73.843098, 40.687012 ], [ -73.844307, 40.689442 ], [ -73.845903, 40.688988 ], [ -73.845708, 40.68846 ], [ -73.846963, 40.688402 ], [ -73.846463, 40.68739 ], [ -73.849069, 40.686649 ], [ -73.847662, 40.683794 ], [ -73.846785, 40.684045 ], [ -73.845832, 40.682107 ], [ -73.843231, 40.682775 ] ] ], [ [ [ -73.795907, 40.690171 ], [ -73.796647, 40.68985 ], [ -73.796101, 40.689282 ], [ -73.795455, 40.689552 ], [ -73.795907, 40.690171 ] ] ], [ [ [ -73.790422, 40.690695 ], [ -73.787987, 40.689213 ], [ -73.786331, 40.689841 ], [ -73.787783, 40.691819 ], [ -73.789796, 40.69096 ], [ -73.790954, 40.692526 ], [ -73.791723, 40.6922 ], [ -73.791054, 40.691268 ], [ -73.790422, 40.690695 ] ] ], [ [ [ -73.771858, 40.69522 ], [ -73.775799, 40.693037 ], [ -73.776691, 40.694292 ], [ -73.777668, 40.693748 ], [ -73.777281, 40.692114 ], [ -73.778214, 40.691896 ], [ -73.777201, 40.690151 ], [ -73.776125, 40.68853 ], [ -73.775377, 40.688781 ], [ -73.775111, 40.688324 ], [ -73.775705, 40.687612 ], [ -73.77381, 40.686272 ], [ -73.770457, 40.688541 ], [ -73.769234, 40.689614 ], [ -73.7668, 40.687783 ], [ -73.766279, 40.687769 ], [ -73.765948, 40.687022 ], [ -73.766803, 40.686807 ], [ -73.766111, 40.685212 ], [ -73.765254, 40.685425 ], [ -73.764654, 40.684081 ], [ -73.76391, 40.683693 ], [ -73.76468, 40.682737 ], [ -73.761174, 40.681111 ], [ -73.761313, 40.680674 ], [ -73.760261, 40.680274 ], [ -73.759837, 40.67897 ], [ -73.759132, 40.678932 ], [ -73.758047, 40.679221 ], [ -73.755441, 40.680194 ], [ -73.754641, 40.681611 ], [ -73.753548, 40.681389 ], [ -73.753171, 40.682691 ], [ -73.754584, 40.682988 ], [ -73.756082, 40.681066 ], [ -73.757308, 40.682015 ], [ -73.758646, 40.681019 ], [ -73.760215, 40.683111 ], [ -73.760612, 40.682775 ], [ -73.762459, 40.68536 ], [ -73.760941, 40.685777 ], [ -73.761468, 40.68713 ], [ -73.763102, 40.686738 ], [ -73.763294, 40.687377 ], [ -73.764354, 40.689507 ], [ -73.764703, 40.689267 ], [ -73.7662, 40.692183 ], [ -73.769631, 40.692681 ], [ -73.769572, 40.692317 ], [ -73.771247, 40.691781 ], [ -73.771628, 40.692961 ], [ -73.770353, 40.69365 ], [ -73.771858, 40.69522 ] ] ], [ [ [ -73.790422, 40.690695 ], [ -73.791713, 40.691499 ], [ -73.793474, 40.693196 ], [ -73.795989, 40.696634 ], [ -73.798302, 40.695656 ], [ -73.799182, 40.696872 ], [ -73.797537, 40.698199 ], [ -73.799321, 40.699304 ], [ -73.799541, 40.699161 ], [ -73.801337, 40.700312 ], [ -73.802101, 40.700643 ], [ -73.802739, 40.699017 ], [ -73.802007, 40.697087 ], [ -73.802819, 40.696386 ], [ -73.802036, 40.69585 ], [ -73.802912, 40.69509 ], [ -73.802113, 40.694545 ], [ -73.802959, 40.693818 ], [ -73.801593, 40.692887 ], [ -73.800514, 40.693768 ], [ -73.799748, 40.693348 ], [ -73.79893, 40.692458 ], [ -73.800864, 40.690987 ], [ -73.799544, 40.689976 ], [ -73.797794, 40.691281 ], [ -73.797154, 40.690406 ], [ -73.796332, 40.690755 ], [ -73.796768, 40.691356 ], [ -73.795523, 40.691878 ], [ -73.795983, 40.692483 ], [ -73.79516, 40.692832 ], [ -73.792855, 40.689665 ], [ -73.790422, 40.690695 ] ] ], [ [ [ -73.771858, 40.69522 ], [ -73.7711, 40.69564 ], [ -73.772952, 40.697571 ], [ -73.774892, 40.698387 ], [ -73.773957, 40.699806 ], [ -73.775869, 40.701655 ], [ -73.77691, 40.702525 ], [ -73.778222, 40.702306 ], [ -73.779273, 40.701908 ], [ -73.781542, 40.702644 ], [ -73.782391, 40.701382 ], [ -73.780952, 40.700914 ], [ -73.78134, 40.700284 ], [ -73.782845, 40.699767 ], [ -73.781878, 40.698454 ], [ -73.784554, 40.697329 ], [ -73.786901, 40.698386 ], [ -73.786254, 40.698606 ], [ -73.78672, 40.700033 ], [ -73.787599, 40.699866 ], [ -73.788157, 40.701268 ], [ -73.789538, 40.700822 ], [ -73.790764, 40.701982 ], [ -73.791944, 40.701272 ], [ -73.790374, 40.699125 ], [ -73.790798, 40.698817 ], [ -73.78964, 40.697246 ], [ -73.790428, 40.696912 ], [ -73.789272, 40.695326 ], [ -73.790087, 40.694981 ], [ -73.788173, 40.692356 ], [ -73.787348, 40.692702 ], [ -73.788103, 40.693733 ], [ -73.785671, 40.694746 ], [ -73.785221, 40.694211 ], [ -73.784315, 40.694456 ], [ -73.783656, 40.693553 ], [ -73.776088, 40.696725 ], [ -73.775328, 40.697786 ], [ -73.773646, 40.697083 ], [ -73.771858, 40.69522 ] ] ], [ [ [ -73.921887, 40.709401 ], [ -73.920696, 40.708699 ], [ -73.91618, 40.713132 ], [ -73.916239, 40.713296 ], [ -73.917992, 40.712749 ], [ -73.918526, 40.712448 ], [ -73.91986, 40.711456 ], [ -73.920749, 40.710534 ], [ -73.921887, 40.709401 ] ] ], [ [ [ -73.847008, 40.732947 ], [ -73.847354, 40.733611 ], [ -73.849604, 40.732942 ], [ -73.849264, 40.732278 ], [ -73.847008, 40.732947 ] ] ], [ [ [ -73.844345, 40.73298 ], [ -73.844753, 40.733619 ], [ -73.847008, 40.732947 ], [ -73.846667, 40.732282 ], [ -73.844817, 40.732838 ], [ -73.844189, 40.732642 ], [ -73.842856, 40.731141 ], [ -73.841468, 40.729998 ], [ -73.840327, 40.728807 ], [ -73.839064, 40.726879 ], [ -73.838362, 40.725562 ], [ -73.839359, 40.725261 ], [ -73.838324, 40.723269 ], [ -73.837315, 40.723572 ], [ -73.838363, 40.72557 ], [ -73.839065, 40.726888 ], [ -73.840328, 40.728815 ], [ -73.84147, 40.730006 ], [ -73.842857, 40.731149 ], [ -73.84419, 40.73265 ], [ -73.844345, 40.73298 ] ] ], [ [ [ -73.936285, 40.734993 ], [ -73.935865, 40.734345 ], [ -73.934417, 40.734884 ], [ -73.93478, 40.735554 ], [ -73.936285, 40.734993 ] ] ], [ [ [ -73.90984, 40.717694 ], [ -73.910702, 40.718933 ], [ -73.908216, 40.719027 ], [ -73.908343, 40.721084 ], [ -73.910559, 40.721001 ], [ -73.910603, 40.721687 ], [ -73.912984, 40.721601 ], [ -73.913321, 40.722339 ], [ -73.912044, 40.722396 ], [ -73.912086, 40.723122 ], [ -73.910686, 40.72299 ], [ -73.909361, 40.723075 ], [ -73.909551, 40.724057 ], [ -73.907566, 40.723921 ], [ -73.907959, 40.724639 ], [ -73.901816, 40.724216 ], [ -73.901782, 40.725596 ], [ -73.903783, 40.725733 ], [ -73.903645, 40.7265 ], [ -73.903156, 40.726445 ], [ -73.903121, 40.727375 ], [ -73.904076, 40.727841 ], [ -73.904029, 40.729004 ], [ -73.901765, 40.73172 ], [ -73.902597, 40.732104 ], [ -73.90108, 40.733915 ], [ -73.904703, 40.73568 ], [ -73.906289, 40.732401 ], [ -73.910689, 40.733471 ], [ -73.911252, 40.732188 ], [ -73.911747, 40.729912 ], [ -73.91426, 40.730523 ], [ -73.917343, 40.731383 ], [ -73.917521, 40.731003 ], [ -73.917967, 40.728501 ], [ -73.915072, 40.727971 ], [ -73.912101, 40.727609 ], [ -73.912161, 40.726326 ], [ -73.908892, 40.726068 ], [ -73.912572, 40.72324 ], [ -73.914236, 40.722774 ], [ -73.912653, 40.720867 ], [ -73.90984, 40.717694 ] ] ], [ [ [ -73.93478, 40.735554 ], [ -73.932654, 40.736342 ], [ -73.933069, 40.736984 ], [ -73.935192, 40.7362 ], [ -73.93478, 40.735554 ] ] ], [ [ [ -73.850259, 40.739942 ], [ -73.850116, 40.740724 ], [ -73.852358, 40.741375 ], [ -73.852878, 40.740038 ], [ -73.850526, 40.73928 ], [ -73.850259, 40.739942 ] ] ], [ [ [ -73.932453, 40.740814 ], [ -73.931683, 40.744669 ], [ -73.932609, 40.744782 ], [ -73.93338, 40.740921 ], [ -73.932453, 40.740814 ] ] ], [ [ [ -73.853159, 40.739384 ], [ -73.853388, 40.738686 ], [ -73.857051, 40.73989 ], [ -73.856454, 40.740363 ], [ -73.85754, 40.741193 ], [ -73.858878, 40.742485 ], [ -73.859884, 40.74188 ], [ -73.860452, 40.742428 ], [ -73.861187, 40.741985 ], [ -73.86266, 40.743407 ], [ -73.863683, 40.743351 ], [ -73.864371, 40.745081 ], [ -73.8656, 40.744279 ], [ -73.866099, 40.745223 ], [ -73.867827, 40.744629 ], [ -73.867491, 40.743302 ], [ -73.866363, 40.742801 ], [ -73.866033, 40.742036 ], [ -73.866932, 40.741826 ], [ -73.866209, 40.740051 ], [ -73.867147, 40.739837 ], [ -73.86648, 40.738211 ], [ -73.873037, 40.736748 ], [ -73.874103, 40.739488 ], [ -73.877431, 40.738601 ], [ -73.877918, 40.739395 ], [ -73.880113, 40.741168 ], [ -73.887014, 40.739108 ], [ -73.88725, 40.73958 ], [ -73.888127, 40.739562 ], [ -73.888266, 40.740264 ], [ -73.889898, 40.740074 ], [ -73.890254, 40.739392 ], [ -73.889672, 40.738315 ], [ -73.891294, 40.737936 ], [ -73.892916, 40.737973 ], [ -73.894108, 40.738317 ], [ -73.894246, 40.734842 ], [ -73.893474, 40.734602 ], [ -73.891385, 40.734505 ], [ -73.891379, 40.735239 ], [ -73.889016, 40.735231 ], [ -73.889128, 40.73607 ], [ -73.88383, 40.73398 ], [ -73.883144, 40.734497 ], [ -73.881104, 40.735574 ], [ -73.878667, 40.736248 ], [ -73.876984, 40.734908 ], [ -73.878349, 40.733906 ], [ -73.876433, 40.732396 ], [ -73.877522, 40.731593 ], [ -73.875092, 40.730671 ], [ -73.871289, 40.731816 ], [ -73.868884, 40.730967 ], [ -73.866943, 40.730005 ], [ -73.863262, 40.728659 ], [ -73.862188, 40.730276 ], [ -73.86083, 40.730913 ], [ -73.858264, 40.732304 ], [ -73.8547, 40.732829 ], [ -73.855466, 40.734319 ], [ -73.852153, 40.735297 ], [ -73.852454, 40.73445 ], [ -73.850656, 40.734985 ], [ -73.850998, 40.735656 ], [ -73.851913, 40.737423 ], [ -73.852873, 40.739289 ], [ -73.853159, 40.739384 ] ] ], [ [ [ -73.833546, 40.74464 ], [ -73.829534, 40.744244 ], [ -73.829418, 40.744932 ], [ -73.831422, 40.745127 ], [ -73.831305, 40.745829 ], [ -73.833309, 40.746027 ], [ -73.833546, 40.74464 ] ] ], [ [ [ -73.9344, 40.746035 ], [ -73.929335, 40.747062 ], [ -73.929905, 40.748186 ], [ -73.935561, 40.747158 ], [ -73.9344, 40.746035 ] ] ], [ [ [ -73.825986, 40.748311 ], [ -73.825844, 40.749348 ], [ -73.827239, 40.74986 ], [ -73.827656, 40.749861 ], [ -73.827851, 40.748464 ], [ -73.825986, 40.748311 ] ] ], [ [ [ -73.937562, 40.751411 ], [ -73.938833, 40.75004 ], [ -73.937381, 40.749468 ], [ -73.936688, 40.749359 ], [ -73.936161, 40.749674 ], [ -73.936745, 40.74996 ], [ -73.936591, 40.75123 ], [ -73.937562, 40.751411 ] ] ], [ [ [ -73.925174, 40.748915 ], [ -73.920539, 40.749751 ], [ -73.921015, 40.750973 ], [ -73.921612, 40.751372 ], [ -73.92255, 40.751577 ], [ -73.924715, 40.751228 ], [ -73.925174, 40.748915 ] ] ], [ [ [ -73.821319, 40.748758 ], [ -73.820585, 40.749223 ], [ -73.821154, 40.749738 ], [ -73.819411, 40.750888 ], [ -73.821918, 40.753173 ], [ -73.824265, 40.751833 ], [ -73.821319, 40.748758 ] ] ], [ [ [ -73.826887, 40.75249 ], [ -73.827375, 40.75331 ], [ -73.829296, 40.752593 ], [ -73.828774, 40.751787 ], [ -73.826887, 40.75249 ] ] ], [ [ [ -73.852614, 40.753405 ], [ -73.854978, 40.752782 ], [ -73.854556, 40.751962 ], [ -73.852604, 40.752542 ], [ -73.851916, 40.751182 ], [ -73.858059, 40.749353 ], [ -73.857348, 40.747971 ], [ -73.860273, 40.747102 ], [ -73.859217, 40.745061 ], [ -73.856292, 40.74593 ], [ -73.855611, 40.744604 ], [ -73.852577, 40.745506 ], [ -73.850512, 40.741519 ], [ -73.850509, 40.74152 ], [ -73.853607, 40.747505 ], [ -73.854423, 40.748852 ], [ -73.854793, 40.749563 ], [ -73.851569, 40.750516 ], [ -73.851308, 40.749853 ], [ -73.850866, 40.750004 ], [ -73.852614, 40.753405 ] ] ], [ [ [ -73.9337, 40.753112 ], [ -73.93447, 40.753521 ], [ -73.935615, 40.752282 ], [ -73.934749, 40.751959 ], [ -73.9337, 40.753112 ] ] ], [ [ [ -73.931252, 40.753374 ], [ -73.932022, 40.753787 ], [ -73.93291, 40.752693 ], [ -73.932126, 40.752302 ], [ -73.931252, 40.753374 ] ] ], [ [ [ -73.93794, 40.753489 ], [ -73.93871, 40.753899 ], [ -73.941086, 40.751328 ], [ -73.940263, 40.750967 ], [ -73.939102, 40.752231 ], [ -73.93794, 40.753489 ] ] ], [ [ [ -73.834073, 40.754501 ], [ -73.833803, 40.753545 ], [ -73.83282, 40.753721 ], [ -73.833103, 40.754661 ], [ -73.834073, 40.754501 ] ] ], [ [ [ -73.926469, 40.752069 ], [ -73.926508, 40.752435 ], [ -73.928025, 40.753272 ], [ -73.926554, 40.755086 ], [ -73.927352, 40.75546 ], [ -73.928782, 40.753696 ], [ -73.929541, 40.754122 ], [ -73.93048, 40.752965 ], [ -73.928742, 40.752042 ], [ -73.926469, 40.752069 ] ] ], [ [ [ -73.833103, 40.754661 ], [ -73.830748, 40.755744 ], [ -73.831349, 40.756481 ], [ -73.833399, 40.755522 ], [ -73.833103, 40.754661 ] ] ], [ [ [ -73.855385, 40.753571 ], [ -73.857055, 40.756868 ], [ -73.858799, 40.756492 ], [ -73.857526, 40.754073 ], [ -73.856988, 40.75382 ], [ -73.856662, 40.753191 ], [ -73.855385, 40.753571 ] ] ], [ [ [ -73.933353, 40.758274 ], [ -73.934632, 40.75694 ], [ -73.935798, 40.755796 ], [ -73.93504, 40.755391 ], [ -73.933958, 40.756571 ], [ -73.933345, 40.756239 ], [ -73.932152, 40.75771 ], [ -73.933353, 40.758274 ] ] ], [ [ [ -73.829842, 40.758962 ], [ -73.830483, 40.760271 ], [ -73.834528, 40.758993 ], [ -73.835351, 40.758802 ], [ -73.835161, 40.758141 ], [ -73.834274, 40.758197 ], [ -73.83191, 40.758949 ], [ -73.831536, 40.758364 ], [ -73.829842, 40.758962 ] ] ], [ [ [ -73.832744, 40.760949 ], [ -73.832924, 40.761522 ], [ -73.833802, 40.761363 ], [ -73.835173, 40.761048 ], [ -73.834922, 40.760254 ], [ -73.832744, 40.760949 ] ] ], [ [ [ -73.832744, 40.760949 ], [ -73.832609, 40.760168 ], [ -73.829368, 40.76117 ], [ -73.829666, 40.76189 ], [ -73.831119, 40.761548 ], [ -73.832744, 40.760949 ] ] ], [ [ [ -73.928998, 40.762828 ], [ -73.929434, 40.76238 ], [ -73.93005, 40.76267 ], [ -73.930585, 40.762003 ], [ -73.930049, 40.761745 ], [ -73.931944, 40.759741 ], [ -73.9309, 40.759253 ], [ -73.928291, 40.762475 ], [ -73.928998, 40.762828 ] ] ], [ [ [ -73.758864, 40.763275 ], [ -73.758481, 40.761995 ], [ -73.758114, 40.762054 ], [ -73.758433, 40.763343 ], [ -73.758864, 40.763275 ] ] ], [ [ [ -73.759494, 40.764295 ], [ -73.759853, 40.765401 ], [ -73.760355, 40.765357 ], [ -73.761267, 40.76524 ], [ -73.761539, 40.764896 ], [ -73.761228, 40.76413 ], [ -73.759494, 40.764295 ] ] ], [ [ [ -73.925965, 40.766745 ], [ -73.926438, 40.765733 ], [ -73.925061, 40.765097 ], [ -73.924339, 40.765981 ], [ -73.925965, 40.766745 ] ] ], [ [ [ -73.865277, 40.766938 ], [ -73.866026, 40.766496 ], [ -73.864859, 40.765293 ], [ -73.864078, 40.765749 ], [ -73.865277, 40.766938 ] ] ], [ [ [ -73.824212, 40.768169 ], [ -73.826848, 40.767987 ], [ -73.827537, 40.766464 ], [ -73.82395, 40.766887 ], [ -73.824212, 40.768169 ] ] ], [ [ [ -73.748351, 40.767223 ], [ -73.746975, 40.766496 ], [ -73.746466, 40.767031 ], [ -73.748076, 40.767757 ], [ -73.748859, 40.768472 ], [ -73.749282, 40.768128 ], [ -73.748351, 40.767223 ] ] ], [ [ [ -73.89029, 40.766345 ], [ -73.892775, 40.76623 ], [ -73.898836, 40.767097 ], [ -73.90182, 40.76759 ], [ -73.903569, 40.765782 ], [ -73.902252, 40.762644 ], [ -73.901201, 40.758673 ], [ -73.900702, 40.757687 ], [ -73.899834, 40.757781 ], [ -73.89941, 40.758809 ], [ -73.898474, 40.759586 ], [ -73.898192, 40.757955 ], [ -73.899212, 40.757848 ], [ -73.898926, 40.756299 ], [ -73.89791, 40.756405 ], [ -73.897157, 40.752457 ], [ -73.893398, 40.752852 ], [ -73.893735, 40.754681 ], [ -73.891881, 40.754873 ], [ -73.892261, 40.75699 ], [ -73.889472, 40.757293 ], [ -73.88975, 40.758841 ], [ -73.876738, 40.76021 ], [ -73.87743, 40.764031 ], [ -73.878981, 40.763881 ], [ -73.878939, 40.76574 ], [ -73.878701, 40.765761 ], [ -73.879073, 40.767836 ], [ -73.878141, 40.767933 ], [ -73.878528, 40.770049 ], [ -73.88029, 40.769419 ], [ -73.879981, 40.76774 ], [ -73.881858, 40.767471 ], [ -73.881484, 40.76546 ], [ -73.882413, 40.765362 ], [ -73.882768, 40.767312 ], [ -73.887484, 40.766382 ], [ -73.887707, 40.766839 ], [ -73.89029, 40.766345 ] ] ], [ [ [ -73.890237, 40.766704 ], [ -73.889323, 40.766866 ], [ -73.890035, 40.77081 ], [ -73.890966, 40.770712 ], [ -73.890237, 40.766704 ] ] ], [ [ [ -73.742271, 40.77035 ], [ -73.744053, 40.77011 ], [ -73.743483, 40.769645 ], [ -73.743131, 40.768972 ], [ -73.742977, 40.767785 ], [ -73.742293, 40.768251 ], [ -73.741337, 40.768437 ], [ -73.740233, 40.768954 ], [ -73.741383, 40.770573 ], [ -73.742271, 40.77035 ] ] ], [ [ [ -73.895613, 40.770224 ], [ -73.895828, 40.771405 ], [ -73.896657, 40.770726 ], [ -73.896546, 40.770125 ], [ -73.895613, 40.770224 ] ] ], [ [ [ -73.824443, 40.769285 ], [ -73.824669, 40.770408 ], [ -73.824673, 40.771634 ], [ -73.826575, 40.77163 ], [ -73.826558, 40.770137 ], [ -73.826049, 40.770211 ], [ -73.825793, 40.769093 ], [ -73.824443, 40.769285 ] ] ], [ [ [ -73.9259, 40.772262 ], [ -73.926408, 40.771641 ], [ -73.925063, 40.77101 ], [ -73.925963, 40.769903 ], [ -73.924573, 40.769265 ], [ -73.923634, 40.770428 ], [ -73.9259, 40.772262 ] ] ], [ [ [ -73.745382, 40.772081 ], [ -73.745463, 40.772549 ], [ -73.745565, 40.772588 ], [ -73.745686, 40.772749 ], [ -73.7474, 40.77256 ], [ -73.746991, 40.771904 ], [ -73.745382, 40.772081 ] ] ], [ [ [ -73.893369, 40.773415 ], [ -73.895008, 40.772078 ], [ -73.894683, 40.770321 ], [ -73.891895, 40.770613 ], [ -73.892315, 40.772964 ], [ -73.893251, 40.772869 ], [ -73.893369, 40.773415 ] ] ], [ [ [ -73.752156, 40.77389 ], [ -73.752403, 40.774741 ], [ -73.753705, 40.774531 ], [ -73.75302, 40.773957 ], [ -73.752156, 40.77389 ] ] ], [ [ [ -73.896648, 40.772914 ], [ -73.90022, 40.775434 ], [ -73.901546, 40.774349 ], [ -73.899096, 40.773087 ], [ -73.90024, 40.772151 ], [ -73.898809, 40.771146 ], [ -73.896648, 40.772914 ] ] ], [ [ [ -73.843554, 40.775615 ], [ -73.844454, 40.775647 ], [ -73.844535, 40.774389 ], [ -73.843625, 40.774363 ], [ -73.843554, 40.775615 ] ] ], [ [ [ -73.9259, 40.772262 ], [ -73.928989, 40.773388 ], [ -73.92988, 40.77361 ], [ -73.92904, 40.775173 ], [ -73.928707, 40.775815 ], [ -73.930258, 40.775482 ], [ -73.931046, 40.773981 ], [ -73.930648, 40.773852 ], [ -73.931156, 40.772918 ], [ -73.931473, 40.772325 ], [ -73.930772, 40.772108 ], [ -73.928992, 40.77215 ], [ -73.9259, 40.772262 ] ] ], [ [ [ -73.74789, 40.774787 ], [ -73.747553, 40.774144 ], [ -73.746374, 40.774666 ], [ -73.745266, 40.774783 ], [ -73.745641, 40.775624 ], [ -73.747116, 40.774823 ], [ -73.74789, 40.774787 ] ] ], [ [ [ -73.841697, 40.776558 ], [ -73.842599, 40.776572 ], [ -73.842658, 40.775584 ], [ -73.841775, 40.775549 ], [ -73.841697, 40.776558 ] ] ], [ [ [ -73.927561, 40.774398 ], [ -73.926909, 40.774088 ], [ -73.924928, 40.773489 ], [ -73.923981, 40.774615 ], [ -73.923278, 40.775178 ], [ -73.925662, 40.778294 ], [ -73.926158, 40.778165 ], [ -73.927846, 40.776727 ], [ -73.926581, 40.776039 ], [ -73.927561, 40.774398 ] ] ], [ [ [ -73.772903, 40.777804 ], [ -73.772337, 40.77609 ], [ -73.770305, 40.776654 ], [ -73.770486, 40.777026 ], [ -73.771132, 40.778341 ], [ -73.772903, 40.777804 ] ] ], [ [ [ -73.849091, 40.775787 ], [ -73.849093, 40.775181 ], [ -73.848775, 40.775172 ], [ -73.846628, 40.775094 ], [ -73.84632, 40.775709 ], [ -73.846113, 40.778605 ], [ -73.847034, 40.778606 ], [ -73.847124, 40.776935 ], [ -73.8472, 40.775745 ], [ -73.849091, 40.775787 ] ] ], [ [ [ -73.772903, 40.777804 ], [ -73.773317, 40.77855 ], [ -73.774302, 40.778176 ], [ -73.775724, 40.7779 ], [ -73.77584, 40.778612 ], [ -73.777694, 40.77816 ], [ -73.777322, 40.77649 ], [ -73.772903, 40.777804 ] ] ], [ [ [ -73.906412, 40.778768 ], [ -73.906806, 40.779323 ], [ -73.908465, 40.777961 ], [ -73.907896, 40.777557 ], [ -73.906412, 40.778768 ] ] ], [ [ [ -73.839759, 40.778615 ], [ -73.839604, 40.781693 ], [ -73.840504, 40.781693 ], [ -73.840681, 40.778613 ], [ -73.839759, 40.778615 ] ] ], [ [ [ -73.84686, 40.781684 ], [ -73.846946, 40.780149 ], [ -73.846026, 40.780151 ], [ -73.845854, 40.783222 ], [ -73.846777, 40.78322 ], [ -73.84686, 40.781684 ] ] ], [ [ [ -73.911408, 40.783333 ], [ -73.912428, 40.784052 ], [ -73.914595, 40.782283 ], [ -73.913588, 40.781578 ], [ -73.911408, 40.783333 ] ] ], [ [ [ -73.846777, 40.78322 ], [ -73.84679, 40.784854 ], [ -73.847694, 40.784822 ], [ -73.847677, 40.783219 ], [ -73.846777, 40.78322 ] ] ], [ [ [ -73.79302, 40.785378 ], [ -73.792803, 40.784266 ], [ -73.791985, 40.784357 ], [ -73.79214, 40.785475 ], [ -73.79302, 40.785378 ] ] ], [ [ [ -73.839423, 40.784724 ], [ -73.839356, 40.785599 ], [ -73.840288, 40.785375 ], [ -73.84042, 40.783229 ], [ -73.839514, 40.78323 ], [ -73.839423, 40.784724 ] ] ], [ [ [ -73.853206, 40.784623 ], [ -73.851234, 40.784693 ], [ -73.851303, 40.785804 ], [ -73.854186, 40.785698 ], [ -73.854106, 40.784591 ], [ -73.853206, 40.784623 ] ] ], [ [ [ -73.848583, 40.78479 ], [ -73.848653, 40.785901 ], [ -73.849541, 40.785869 ], [ -73.849466, 40.784757 ], [ -73.848583, 40.78479 ] ] ], [ [ [ -73.833664, 40.786149 ], [ -73.834562, 40.786209 ], [ -73.836335, 40.786286 ], [ -73.836335, 40.785591 ], [ -73.833633, 40.785452 ], [ -73.833451, 40.785004 ], [ -73.832573, 40.785105 ], [ -73.83065, 40.784965 ], [ -73.830909, 40.786246 ], [ -73.832754, 40.786108 ], [ -73.833664, 40.786149 ] ] ], [ [ [ -73.793181, 40.786192 ], [ -73.794116, 40.786097 ], [ -73.793949, 40.785274 ], [ -73.79302, 40.785378 ], [ -73.793181, 40.786192 ] ] ], [ [ [ -73.785551, 40.786365 ], [ -73.786019, 40.787519 ], [ -73.787023, 40.787606 ], [ -73.787024, 40.786855 ], [ -73.786692, 40.786445 ], [ -73.787461, 40.785953 ], [ -73.787966, 40.78641 ], [ -73.788057, 40.786365 ], [ -73.786645, 40.784976 ], [ -73.78582, 40.78373 ], [ -73.78535, 40.782629 ], [ -73.784821, 40.782397 ], [ -73.784537, 40.78287 ], [ -73.783684, 40.783099 ], [ -73.784357, 40.784606 ], [ -73.78443, 40.78554 ], [ -73.785543, 40.785835 ], [ -73.785551, 40.786365 ] ] ], [ [ [ -73.778939, 40.787309 ], [ -73.77999, 40.787197 ], [ -73.780529, 40.787825 ], [ -73.782296, 40.786975 ], [ -73.782414, 40.787117 ], [ -73.783104, 40.786876 ], [ -73.78291, 40.785899 ], [ -73.782801, 40.785391 ], [ -73.781596, 40.78538 ], [ -73.781796, 40.784597 ], [ -73.781537, 40.78408 ], [ -73.780733, 40.783819 ], [ -73.779539, 40.784864 ], [ -73.777489, 40.781955 ], [ -73.776537, 40.782439 ], [ -73.775645, 40.782783 ], [ -73.777342, 40.785176 ], [ -73.776536, 40.785523 ], [ -73.777675, 40.78707 ], [ -73.778492, 40.786717 ], [ -73.778939, 40.787309 ] ] ], [ [ [ -73.825338, 40.786694 ], [ -73.825842, 40.788042 ], [ -73.828457, 40.787736 ], [ -73.828231, 40.786553 ], [ -73.826395, 40.786652 ], [ -73.825338, 40.786694 ] ] ], [ [ [ -73.795029, 40.788188 ], [ -73.794728, 40.788689 ], [ -73.794005, 40.789104 ], [ -73.795258, 40.788936 ], [ -73.795029, 40.788188 ] ] ], [ [ [ -73.795435, 40.789635 ], [ -73.797297, 40.789372 ], [ -73.797119, 40.788667 ], [ -73.795258, 40.788936 ], [ -73.795435, 40.789635 ] ] ], [ [ [ -73.847139, 40.790183 ], [ -73.846777, 40.789459 ], [ -73.845574, 40.789434 ], [ -73.845536, 40.790137 ], [ -73.847139, 40.790183 ] ] ], [ [ [ -73.807522, 40.790167 ], [ -73.807622, 40.789461 ], [ -73.804852, 40.789238 ], [ -73.804757, 40.789947 ], [ -73.807522, 40.790167 ] ] ], [ [ [ -73.842718, 40.790743 ], [ -73.842798, 40.789348 ], [ -73.841878, 40.789317 ], [ -73.841795, 40.79072 ], [ -73.842718, 40.790743 ] ] ], [ [ [ -73.807522, 40.790167 ], [ -73.807425, 40.790873 ], [ -73.81008, 40.790724 ], [ -73.809996, 40.78972 ], [ -73.807522, 40.790167 ] ] ], [ [ [ -73.800077, 40.791013 ], [ -73.800188, 40.790304 ], [ -73.797477, 40.790091 ], [ -73.797664, 40.790836 ], [ -73.800077, 40.791013 ] ] ], [ [ [ -73.810164, 40.791735 ], [ -73.810227, 40.792528 ], [ -73.812577, 40.792005 ], [ -73.812274, 40.791254 ], [ -73.810164, 40.791735 ] ] ], [ [ [ -73.824234, 40.791609 ], [ -73.824889, 40.792753 ], [ -73.82725, 40.792534 ], [ -73.827224, 40.791411 ], [ -73.826104, 40.791619 ], [ -73.825221, 40.791498 ], [ -73.824234, 40.791609 ] ] ], [ [ [ -73.799599, 40.794146 ], [ -73.799752, 40.793132 ], [ -73.798266, 40.79301 ], [ -73.798135, 40.794024 ], [ -73.799599, 40.794146 ] ] ], [ [ [ -73.843345, 40.794261 ], [ -73.843822, 40.794268 ], [ -73.843941, 40.793402 ], [ -73.843333, 40.793514 ], [ -73.843345, 40.794261 ] ] ], [ [ [ -73.843606, 40.791595 ], [ -73.843555, 40.79259 ], [ -73.84476, 40.79264 ], [ -73.844933, 40.793237 ], [ -73.844807, 40.794297 ], [ -73.845394, 40.794305 ], [ -73.845413, 40.792666 ], [ -73.845446, 40.791662 ], [ -73.843606, 40.791595 ] ] ], [ [ [ -73.813888, 40.795292 ], [ -73.81296, 40.792966 ], [ -73.810311, 40.79356 ], [ -73.810436, 40.795009 ], [ -73.813888, 40.795292 ] ] ], [ [ [ -73.827023, 40.793455 ], [ -73.825576, 40.79393 ], [ -73.826756, 40.795954 ], [ -73.827606, 40.796019 ], [ -73.827051, 40.794678 ], [ -73.827023, 40.793455 ] ] ], [ [ [ -73.813888, 40.795292 ], [ -73.814273, 40.796249 ], [ -73.814728, 40.796713 ], [ -73.815551, 40.79635 ], [ -73.814899, 40.795061 ], [ -73.813888, 40.795292 ] ] ], [ [ [ -73.80298, 40.796706 ], [ -73.803093, 40.795845 ], [ -73.803161, 40.795166 ], [ -73.803248, 40.79444 ], [ -73.802337, 40.794365 ], [ -73.802166, 40.795613 ], [ -73.800149, 40.795568 ], [ -73.800022, 40.796238 ], [ -73.800949, 40.796378 ], [ -73.802391, 40.796267 ], [ -73.80298, 40.796706 ] ] ], [ [ [ -73.827794, 40.796098 ], [ -73.827603, 40.796706 ], [ -73.829102, 40.796413 ], [ -73.827794, 40.796098 ] ] ], [ [ [ -73.82188, 40.799751 ], [ -73.822611, 40.798893 ], [ -73.824103, 40.797944 ], [ -73.822971, 40.796213 ], [ -73.821863, 40.796555 ], [ -73.822674, 40.797777 ], [ -73.821234, 40.799022 ], [ -73.82188, 40.799751 ] ] ], [ [ [ -73.81826, 40.797634 ], [ -73.819071, 40.799523 ], [ -73.819153, 40.799566 ], [ -73.81975, 40.799877 ], [ -73.820654, 40.799528 ], [ -73.820024, 40.799112 ], [ -73.819164, 40.797376 ], [ -73.81826, 40.797634 ] ] ] ] } },
{ "type": "Feature", "properties": { "zone": 3 }, "geometry": { "type": "MultiPolygon", "coordinates": [ [ [ [ -73.741532, 40.657358 ], [ -73.740488, 40.657384 ], [ -73.739937, 40.658117 ], [ -73.740748, 40.658476 ], [ -73.740281, 40.659094 ], [ -73.741731, 40.659731 ], [ -73.741263, 40.66035 ], [ -73.742443, 40.660869 ], [ -73.744956, 40.65817 ], [ -73.743558, 40.658046 ], [ -73.743, 40.657263 ], [ -73.741532, 40.657358 ] ] ], [ [ [ -73.728153, 40.662454 ], [ -73.727819, 40.663125 ], [ -73.727875, 40.664695 ], [ -73.72983, 40.664694 ], [ -73.729746, 40.664331 ], [ -73.731347, 40.663522 ], [ -73.730838, 40.662956 ], [ -73.729486, 40.66364 ], [ -73.729238, 40.662957 ], [ -73.730326, 40.662391 ], [ -73.729308, 40.661261 ], [ -73.732605, 40.659532 ], [ -73.733115, 40.660099 ], [ -73.734741, 40.659248 ], [ -73.735264, 40.659809 ], [ -73.733624, 40.660664 ], [ -73.735157, 40.662361 ], [ -73.736606, 40.661596 ], [ -73.737079, 40.660982 ], [ -73.738405, 40.661566 ], [ -73.73981, 40.659712 ], [ -73.735657, 40.657888 ], [ -73.735356, 40.657584 ], [ -73.732985, 40.657528 ], [ -73.733021, 40.656467 ], [ -73.727592, 40.656306 ], [ -73.729097, 40.658287 ], [ -73.728617, 40.658266 ], [ -73.727254, 40.658972 ], [ -73.728555, 40.660979 ], [ -73.728959, 40.662248 ], [ -73.728153, 40.662454 ] ] ], [ [ [ -73.811555, 40.663188 ], [ -73.811265, 40.664071 ], [ -73.81592, 40.664667 ], [ -73.815704, 40.665449 ], [ -73.817334, 40.664888 ], [ -73.820203, 40.66447 ], [ -73.82275, 40.66454 ], [ -73.822959, 40.663868 ], [ -73.818371, 40.663284 ], [ -73.814107, 40.662803 ], [ -73.812458, 40.662937 ], [ -73.811555, 40.663188 ] ] ], [ [ [ -73.851635, 40.67193 ], [ -73.857114, 40.673575 ], [ -73.856289, 40.670404 ], [ -73.855251, 40.670457 ], [ -73.851124, 40.671079 ], [ -73.846331, 40.669555 ], [ -73.846017, 40.668248 ], [ -73.845407, 40.667934 ], [ -73.845012, 40.667275 ], [ -73.843752, 40.667447 ], [ -73.842032, 40.667895 ], [ -73.842272, 40.668736 ], [ -73.845419, 40.669699 ], [ -73.848478, 40.670917 ], [ -73.851635, 40.67193 ] ] ], [ [ [ -73.856593, 40.663755 ], [ -73.856591, 40.663747 ], [ -73.855687, 40.663876 ], [ -73.856593, 40.663755 ] ] ], [ [ [ -73.920755, 40.710537 ], [ -73.920749, 40.710534 ], [ -73.91986, 40.711456 ], [ -73.921229, 40.712255 ], [ -73.922232, 40.712855 ], [ -73.921547, 40.711052 ], [ -73.920755, 40.710537 ] ] ], [ [ [ -73.913902, 40.716223 ], [ -73.915167, 40.718555 ], [ -73.913399, 40.719051 ], [ -73.912321, 40.719348 ], [ -73.912653, 40.720867 ], [ -73.914236, 40.722774 ], [ -73.916555, 40.722006 ], [ -73.916775, 40.720824 ], [ -73.918042, 40.718007 ], [ -73.91805, 40.717765 ], [ -73.917361, 40.717954 ], [ -73.916757, 40.716589 ], [ -73.917186, 40.71538 ], [ -73.91537, 40.716 ], [ -73.913902, 40.716223 ] ] ], [ [ [ -73.924906, 40.721961 ], [ -73.922509, 40.722245 ], [ -73.921681, 40.722036 ], [ -73.922126, 40.720886 ], [ -73.919801, 40.720485 ], [ -73.919039, 40.722525 ], [ -73.917893, 40.722271 ], [ -73.917452, 40.723482 ], [ -73.920152, 40.724004 ], [ -73.920371, 40.723681 ], [ -73.920714, 40.723317 ], [ -73.922181, 40.723708 ], [ -73.924517, 40.723552 ], [ -73.925086, 40.722471 ], [ -73.924906, 40.721961 ] ] ], [ [ [ -73.925404, 40.730365 ], [ -73.926775, 40.730668 ], [ -73.927273, 40.729993 ], [ -73.92855, 40.729358 ], [ -73.930368, 40.729327 ], [ -73.931028, 40.729087 ], [ -73.931644, 40.729223 ], [ -73.93431, 40.731033 ], [ -73.935299, 40.729988 ], [ -73.933898, 40.729545 ], [ -73.928256, 40.728328 ], [ -73.926528, 40.727955 ], [ -73.925261, 40.727529 ], [ -73.922302, 40.726281 ], [ -73.919473, 40.725946 ], [ -73.919425, 40.726099 ], [ -73.920551, 40.726125 ], [ -73.92217, 40.726362 ], [ -73.924099, 40.727058 ], [ -73.924797, 40.727536 ], [ -73.926144, 40.728781 ], [ -73.925404, 40.730365 ] ] ], [ [ [ -73.936971, 40.735529 ], [ -73.938559, 40.734958 ], [ -73.938015, 40.734315 ], [ -73.936971, 40.735529 ] ] ], [ [ [ -73.935635, 40.736876 ], [ -73.936033, 40.737486 ], [ -73.93752, 40.736923 ], [ -73.937111, 40.736294 ], [ -73.935782, 40.736757 ], [ -73.935635, 40.736876 ] ] ], [ [ [ -73.937651, 40.743305 ], [ -73.938019, 40.741455 ], [ -73.937091, 40.741349 ], [ -73.937752, 40.738052 ], [ -73.936269, 40.737839 ], [ -73.935908, 40.737801 ], [ -73.935235, 40.741135 ], [ -73.936163, 40.741244 ], [ -73.93579, 40.743085 ], [ -73.937651, 40.743305 ] ] ], [ [ [ -73.850509, 40.74152 ], [ -73.850512, 40.741519 ], [ -73.850116, 40.740724 ], [ -73.850259, 40.739942 ], [ -73.848236, 40.73929 ], [ -73.84879, 40.738724 ], [ -73.849609, 40.738183 ], [ -73.851913, 40.737423 ], [ -73.850998, 40.735656 ], [ -73.84876, 40.736356 ], [ -73.847695, 40.734277 ], [ -73.845426, 40.73495 ], [ -73.844965, 40.734008 ], [ -73.845428, 40.734958 ], [ -73.846057, 40.737108 ], [ -73.846895, 40.73868 ], [ -73.847759, 40.739307 ], [ -73.848096, 40.740035 ], [ -73.850117, 40.740732 ], [ -73.850509, 40.74152 ] ] ], [ [ [ -73.937261, 40.745177 ], [ -73.937697, 40.745239 ], [ -73.938258, 40.745068 ], [ -73.93857, 40.74342 ], [ -73.937651, 40.743305 ], [ -73.937261, 40.745177 ] ] ], [ [ [ -73.947606, 40.747359 ], [ -73.947837, 40.74667 ], [ -73.945529, 40.746223 ], [ -73.945317, 40.746916 ], [ -73.947606, 40.747359 ] ] ], [ [ [ -73.837107, 40.741397 ], [ -73.836666, 40.741311 ], [ -73.83518, 40.743072 ], [ -73.835861, 40.743228 ], [ -73.836101, 40.742437 ], [ -73.836989, 40.742103 ], [ -73.837107, 40.741397 ] ] ], [ [ [ -73.833092, 40.747994 ], [ -73.834627, 40.746889 ], [ -73.835677, 40.744859 ], [ -73.835951, 40.743731 ], [ -73.833737, 40.743514 ], [ -73.833546, 40.74464 ], [ -73.833309, 40.746027 ], [ -73.833092, 40.747994 ] ] ], [ [ [ -73.940667, 40.747725 ], [ -73.941245, 40.748652 ], [ -73.942136, 40.74889 ], [ -73.943195, 40.747701 ], [ -73.942382, 40.747122 ], [ -73.940667, 40.747725 ] ] ], [ [ [ -73.949416, 40.749298 ], [ -73.949628, 40.74854 ], [ -73.947355, 40.748107 ], [ -73.947107, 40.748851 ], [ -73.949416, 40.749298 ] ] ], [ [ [ -73.929905, 40.748186 ], [ -73.931519, 40.751153 ], [ -73.933939, 40.75027 ], [ -73.936864, 40.748421 ], [ -73.937396, 40.748916 ], [ -73.939737, 40.748066 ], [ -73.93882, 40.746559 ], [ -73.936637, 40.748204 ], [ -73.935561, 40.747158 ], [ -73.929905, 40.748186 ] ] ], [ [ [ -73.835379, 40.754276 ], [ -73.834073, 40.754501 ], [ -73.834475, 40.755839 ], [ -73.833678, 40.756321 ], [ -73.833802, 40.756722 ], [ -73.836162, 40.755372 ], [ -73.835833, 40.754203 ], [ -73.835379, 40.754276 ] ] ], [ [ [ -73.949178, 40.749988 ], [ -73.948575, 40.749876 ], [ -73.947239, 40.751436 ], [ -73.945718, 40.753044 ], [ -73.944053, 40.752313 ], [ -73.941239, 40.755234 ], [ -73.943547, 40.756441 ], [ -73.941662, 40.758398 ], [ -73.940862, 40.758112 ], [ -73.939994, 40.759469 ], [ -73.943304, 40.760658 ], [ -73.944167, 40.759308 ], [ -73.947979, 40.755832 ], [ -73.950895, 40.752442 ], [ -73.949467, 40.751456 ], [ -73.95051, 40.750247 ], [ -73.949178, 40.749988 ] ] ], [ [ [ -73.834068, 40.762226 ], [ -73.834636, 40.762147 ], [ -73.835286, 40.761386 ], [ -73.835173, 40.761048 ], [ -73.833802, 40.761363 ], [ -73.834068, 40.762226 ] ] ], [ [ [ -73.833287, 40.762746 ], [ -73.83335, 40.764084 ], [ -73.835063, 40.763747 ], [ -73.834867, 40.762767 ], [ -73.834336, 40.762747 ], [ -73.833287, 40.762746 ] ] ], [ [ [ -73.930366, 40.764491 ], [ -73.932252, 40.765534 ], [ -73.932796, 40.764924 ], [ -73.935062, 40.765793 ], [ -73.935506, 40.766437 ], [ -73.936005, 40.765885 ], [ -73.93682, 40.766183 ], [ -73.937796, 40.764616 ], [ -73.938603, 40.764921 ], [ -73.939717, 40.76313 ], [ -73.938901, 40.762836 ], [ -73.93998, 40.7611 ], [ -73.937489, 40.760202 ], [ -73.93425, 40.758695 ], [ -73.932897, 40.76019 ], [ -73.931581, 40.761706 ], [ -73.932247, 40.762016 ], [ -73.933981, 40.762826 ], [ -73.932249, 40.764639 ], [ -73.930867, 40.763874 ], [ -73.930366, 40.764491 ] ] ], [ [ [ -73.93942, 40.765215 ], [ -73.938461, 40.766768 ], [ -73.940463, 40.767531 ], [ -73.941312, 40.766918 ], [ -73.943503, 40.764499 ], [ -73.944715, 40.762879 ], [ -73.942472, 40.761994 ], [ -73.940272, 40.76553 ], [ -73.93942, 40.765215 ] ] ], [ [ [ -73.749021, 40.768774 ], [ -73.749719, 40.769803 ], [ -73.750487, 40.771502 ], [ -73.75188, 40.770842 ], [ -73.750731, 40.768969 ], [ -73.750112, 40.76835 ], [ -73.749021, 40.768774 ] ] ], [ [ [ -73.859672, 40.761908 ], [ -73.862861, 40.765846 ], [ -73.865093, 40.768015 ], [ -73.867282, 40.76965 ], [ -73.868894, 40.770649 ], [ -73.870715, 40.771391 ], [ -73.872264, 40.771695 ], [ -73.87436, 40.771742 ], [ -73.876089, 40.771537 ], [ -73.876019, 40.770351 ], [ -73.873744, 40.770685 ], [ -73.872149, 40.770961 ], [ -73.871464, 40.770744 ], [ -73.869445, 40.7695 ], [ -73.868845, 40.769506 ], [ -73.868588, 40.768955 ], [ -73.865277, 40.766938 ], [ -73.864078, 40.765749 ], [ -73.862311, 40.763915 ], [ -73.861393, 40.762387 ], [ -73.859436, 40.760322 ], [ -73.859265, 40.759922 ], [ -73.857126, 40.759409 ], [ -73.856158, 40.758976 ], [ -73.855691, 40.758513 ], [ -73.855017, 40.757181 ], [ -73.857055, 40.756868 ], [ -73.855385, 40.753571 ], [ -73.854978, 40.752782 ], [ -73.852614, 40.753405 ], [ -73.85354, 40.756563 ], [ -73.854141, 40.757775 ], [ -73.855253, 40.759156 ], [ -73.856041, 40.759734 ], [ -73.85829, 40.760741 ], [ -73.859125, 40.761284 ], [ -73.859672, 40.761908 ] ] ], [ [ [ -73.928425, 40.763416 ], [ -73.926784, 40.765094 ], [ -73.926438, 40.765733 ], [ -73.928556, 40.766714 ], [ -73.92715, 40.768442 ], [ -73.926473, 40.769271 ], [ -73.927807, 40.769889 ], [ -73.927304, 40.770527 ], [ -73.926815, 40.771133 ], [ -73.928992, 40.77215 ], [ -73.929395, 40.771488 ], [ -73.930212, 40.771913 ], [ -73.931278, 40.771516 ], [ -73.929905, 40.770862 ], [ -73.930566, 40.770044 ], [ -73.928471, 40.76906 ], [ -73.930386, 40.766666 ], [ -73.92915, 40.765983 ], [ -73.930366, 40.764491 ], [ -73.928425, 40.763416 ] ] ], [ [ [ -73.7432, 40.771332 ], [ -73.74252, 40.771787 ], [ -73.743454, 40.772792 ], [ -73.744796, 40.771727 ], [ -73.744298, 40.770865 ], [ -73.7432, 40.771332 ] ] ], [ [ [ -73.82769, 40.766104 ], [ -73.829091, 40.766447 ], [ -73.829045, 40.76727 ], [ -73.827532, 40.76877 ], [ -73.828628, 40.768519 ], [ -73.828626, 40.770708 ], [ -73.829571, 40.770711 ], [ -73.829569, 40.772229 ], [ -73.828409, 40.772334 ], [ -73.82795, 40.772757 ], [ -73.828059, 40.773998 ], [ -73.829083, 40.774794 ], [ -73.83, 40.773732 ], [ -73.830867, 40.77296 ], [ -73.832099, 40.772104 ], [ -73.83434, 40.770788 ], [ -73.832714, 40.766745 ], [ -73.831773, 40.764454 ], [ -73.830686, 40.764712 ], [ -73.830472, 40.764186 ], [ -73.828906, 40.764557 ], [ -73.828708, 40.763801 ], [ -73.828147, 40.763941 ], [ -73.82769, 40.766104 ] ] ], [ [ [ -73.742037, 40.773924 ], [ -73.739376, 40.776014 ], [ -73.74008, 40.776209 ], [ -73.74152, 40.777102 ], [ -73.742717, 40.776113 ], [ -73.742774, 40.775118 ], [ -73.743681, 40.774915 ], [ -73.743502, 40.774274 ], [ -73.743709, 40.773202 ], [ -73.742975, 40.773342 ], [ -73.742037, 40.773924 ] ] ], [ [ [ -73.752801, 40.776081 ], [ -73.752966, 40.777243 ], [ -73.752878, 40.777947 ], [ -73.754191, 40.77821 ], [ -73.754789, 40.776615 ], [ -73.75436, 40.775806 ], [ -73.752801, 40.776081 ] ] ], [ [ [ -73.745916, 40.77652 ], [ -73.746232, 40.777863 ], [ -73.747267, 40.778407 ], [ -73.750209, 40.777916 ], [ -73.749292, 40.777095 ], [ -73.748637, 40.776068 ], [ -73.745916, 40.77652 ] ] ], [ [ [ -73.847934, 40.778604 ], [ -73.84801, 40.776964 ], [ -73.847124, 40.776935 ], [ -73.847034, 40.778606 ], [ -73.847934, 40.778604 ] ] ], [ [ [ -73.845526, 40.773095 ], [ -73.840994, 40.772901 ], [ -73.833956, 40.772702 ], [ -73.836358, 40.778613 ], [ -73.838862, 40.778617 ], [ -73.838967, 40.776774 ], [ -73.839766, 40.77653 ], [ -73.840796, 40.776536 ], [ -73.841697, 40.776558 ], [ -73.841775, 40.775549 ], [ -73.842658, 40.775584 ], [ -73.842715, 40.774332 ], [ -73.843625, 40.774363 ], [ -73.844535, 40.774389 ], [ -73.845418, 40.774414 ], [ -73.845526, 40.773095 ] ] ], [ [ [ -73.889413, 40.772986 ], [ -73.889456, 40.773533 ], [ -73.889888, 40.774026 ], [ -73.889473, 40.775544 ], [ -73.890088, 40.777785 ], [ -73.891772, 40.776593 ], [ -73.892523, 40.777405 ], [ -73.89286, 40.777159 ], [ -73.894945, 40.778659 ], [ -73.89728, 40.776753 ], [ -73.900167, 40.778779 ], [ -73.902386, 40.776965 ], [ -73.90022, 40.775434 ], [ -73.896648, 40.772914 ], [ -73.895933, 40.772409 ], [ -73.893703, 40.774226 ], [ -73.89289, 40.773808 ], [ -73.889413, 40.772985 ], [ -73.889413, 40.772986 ] ] ], [ [ [ -73.825817, 40.779023 ], [ -73.825667, 40.77973 ], [ -73.826079, 40.779853 ], [ -73.8279, 40.776682 ], [ -73.825825, 40.776671 ], [ -73.825817, 40.779023 ] ] ], [ [ [ -73.753406, 40.780175 ], [ -73.75391, 40.779567 ], [ -73.752328, 40.779259 ], [ -73.752024, 40.779912 ], [ -73.753406, 40.780175 ] ] ], [ [ [ -73.751713, 40.780552 ], [ -73.749583, 40.780829 ], [ -73.750397, 40.782336 ], [ -73.750844, 40.782494 ], [ -73.751713, 40.780552 ] ] ], [ [ [ -73.768078, 40.779252 ], [ -73.769088, 40.780533 ], [ -73.77061, 40.78208 ], [ -73.772669, 40.780948 ], [ -73.772964, 40.781357 ], [ -73.773649, 40.781419 ], [ -73.774073, 40.782341 ], [ -73.773593, 40.782837 ], [ -73.775379, 40.782444 ], [ -73.775645, 40.782783 ], [ -73.776537, 40.782439 ], [ -73.775425, 40.78086 ], [ -73.775319, 40.780065 ], [ -73.77584, 40.778612 ], [ -73.774716, 40.778813 ], [ -73.77295, 40.779626 ], [ -73.771782, 40.779881 ], [ -73.771081, 40.779588 ], [ -73.770144, 40.77995 ], [ -73.76935, 40.778875 ], [ -73.768543, 40.779115 ], [ -73.768078, 40.779252 ] ] ], [ [ [ -73.847694, 40.784822 ], [ -73.848583, 40.78479 ], [ -73.849466, 40.784757 ], [ -73.849423, 40.784072 ], [ -73.848535, 40.784105 ], [ -73.84858, 40.783218 ], [ -73.847677, 40.783219 ], [ -73.847694, 40.784822 ] ] ], [ [ [ -73.917304, 40.781803 ], [ -73.915734, 40.783088 ], [ -73.915975, 40.783261 ], [ -73.913807, 40.785026 ], [ -73.915236, 40.786039 ], [ -73.916565, 40.784493 ], [ -73.917502, 40.783764 ], [ -73.918279, 40.783575 ], [ -73.919088, 40.783061 ], [ -73.917304, 40.781803 ] ] ], [ [ [ -73.82915, 40.786443 ], [ -73.829958, 40.786354 ], [ -73.829622, 40.784638 ], [ -73.828806, 40.784649 ], [ -73.82915, 40.786443 ] ] ], [ [ [ -73.822502, 40.782673 ], [ -73.822352, 40.783645 ], [ -73.822693, 40.784158 ], [ -73.823084, 40.785542 ], [ -73.823795, 40.785391 ], [ -73.823519, 40.786653 ], [ -73.824451, 40.78673 ], [ -73.824835, 40.785085 ], [ -73.82599, 40.784863 ], [ -73.826903, 40.784648 ], [ -73.826785, 40.781668 ], [ -73.825137, 40.7817 ], [ -73.823841, 40.781717 ], [ -73.822502, 40.782673 ] ] ], [ [ [ -73.880088, 40.786273 ], [ -73.880864, 40.786747 ], [ -73.881869, 40.787734 ], [ -73.883252, 40.788265 ], [ -73.883967, 40.787321 ], [ -73.882796, 40.787205 ], [ -73.880088, 40.786273 ] ] ], [ [ [ -73.83113, 40.787437 ], [ -73.830187, 40.787538 ], [ -73.828921, 40.787682 ], [ -73.829094, 40.788559 ], [ -73.831269, 40.788231 ], [ -73.83113, 40.787437 ] ] ], [ [ [ -73.9042, 40.78232 ], [ -73.902197, 40.783987 ], [ -73.904005, 40.78543 ], [ -73.904189, 40.785692 ], [ -73.906905, 40.787643 ], [ -73.908692, 40.789098 ], [ -73.909851, 40.788152 ], [ -73.909852, 40.787946 ], [ -73.913508, 40.784816 ], [ -73.913146, 40.784563 ], [ -73.912561, 40.784147 ], [ -73.911486, 40.785011 ], [ -73.910157, 40.784087 ], [ -73.908598, 40.785255 ], [ -73.9042, 40.78232 ] ] ], [ [ [ -73.831445, 40.789171 ], [ -73.832929, 40.788518 ], [ -73.833813, 40.788523 ], [ -73.834087, 40.789033 ], [ -73.835239, 40.789189 ], [ -73.835566, 40.78954 ], [ -73.837024, 40.789568 ], [ -73.83735, 40.787759 ], [ -73.838244, 40.787786 ], [ -73.838169, 40.789182 ], [ -73.839084, 40.789221 ], [ -73.839356, 40.785599 ], [ -73.839423, 40.784724 ], [ -73.837629, 40.784676 ], [ -73.837713, 40.783223 ], [ -73.83862, 40.783227 ], [ -73.838699, 40.781677 ], [ -73.836694, 40.78165 ], [ -73.836334, 40.784632 ], [ -73.836335, 40.785591 ], [ -73.836335, 40.786286 ], [ -73.834562, 40.786209 ], [ -73.834317, 40.787668 ], [ -73.833945, 40.787589 ], [ -73.833664, 40.786149 ], [ -73.832754, 40.786108 ], [ -73.833095, 40.787834 ], [ -73.831269, 40.788231 ], [ -73.831445, 40.789171 ] ] ], [ [ [ -73.854526, 40.78986 ], [ -73.854799, 40.788604 ], [ -73.854418, 40.788336 ], [ -73.852843, 40.788351 ], [ -73.853229, 40.78789 ], [ -73.855229, 40.787741 ], [ -73.85514, 40.786361 ], [ -73.856041, 40.786326 ], [ -73.855987, 40.785632 ], [ -73.855088, 40.785663 ], [ -73.854186, 40.785698 ], [ -73.851303, 40.785804 ], [ -73.85144, 40.78793 ], [ -73.850554, 40.787962 ], [ -73.850598, 40.788693 ], [ -73.852124, 40.788632 ], [ -73.851814, 40.789256 ], [ -73.851668, 40.790001 ], [ -73.854526, 40.78986 ] ] ], [ [ [ -73.782118, 40.789427 ], [ -73.781526, 40.790912 ], [ -73.782292, 40.79119 ], [ -73.783588, 40.790534 ], [ -73.785035, 40.790262 ], [ -73.787527, 40.790128 ], [ -73.78974, 40.790219 ], [ -73.790267, 40.790093 ], [ -73.791564, 40.789103 ], [ -73.791793, 40.789352 ], [ -73.792688, 40.788778 ], [ -73.793771, 40.789098 ], [ -73.794005, 40.789104 ], [ -73.794728, 40.788689 ], [ -73.795029, 40.788188 ], [ -73.794727, 40.787286 ], [ -73.795086, 40.785851 ], [ -73.794116, 40.786097 ], [ -73.793181, 40.786192 ], [ -73.792215, 40.786404 ], [ -73.79214, 40.785475 ], [ -73.788057, 40.786365 ], [ -73.787966, 40.78641 ], [ -73.788914, 40.787262 ], [ -73.789519, 40.787808 ], [ -73.789248, 40.788369 ], [ -73.788006, 40.788794 ], [ -73.78702, 40.788892 ], [ -73.787021, 40.788128 ], [ -73.785932, 40.788112 ], [ -73.785039, 40.788117 ], [ -73.785029, 40.78755 ], [ -73.783303, 40.787706 ], [ -73.783104, 40.786876 ], [ -73.782414, 40.787117 ], [ -73.782627, 40.787958 ], [ -73.782293, 40.788693 ], [ -73.782118, 40.789427 ] ] ], [ [ [ -73.824234, 40.791609 ], [ -73.825221, 40.791498 ], [ -73.826104, 40.791619 ], [ -73.827224, 40.791411 ], [ -73.828148, 40.791027 ], [ -73.829365, 40.790246 ], [ -73.828956, 40.789682 ], [ -73.827692, 40.790312 ], [ -73.825878, 40.790695 ], [ -73.823905, 40.7908 ], [ -73.824234, 40.791609 ] ] ], [ [ [ -73.85068, 40.790024 ], [ -73.849415, 40.790075 ], [ -73.849896, 40.790721 ], [ -73.85043, 40.791436 ], [ -73.85074, 40.791858 ], [ -73.851543, 40.791515 ], [ -73.850698, 40.790375 ], [ -73.85068, 40.790024 ] ] ], [ [ [ -73.839874, 40.791471 ], [ -73.839832, 40.792458 ], [ -73.840761, 40.7925 ], [ -73.840815, 40.791505 ], [ -73.839874, 40.791471 ] ] ], [ [ [ -73.842696, 40.79398 ], [ -73.843333, 40.793514 ], [ -73.842552, 40.793481 ], [ -73.842696, 40.79398 ] ] ], [ [ [ -73.848778, 40.79458 ], [ -73.849078, 40.794147 ], [ -73.848901, 40.793435 ], [ -73.847915, 40.791734 ], [ -73.845446, 40.791662 ], [ -73.845413, 40.792666 ], [ -73.846533, 40.79271 ], [ -73.846943, 40.793116 ], [ -73.84757, 40.793107 ], [ -73.848048, 40.794478 ], [ -73.848778, 40.79458 ] ] ], [ [ [ -73.794311, 40.793664 ], [ -73.794396, 40.794502 ], [ -73.794706, 40.794889 ], [ -73.796168, 40.795032 ], [ -73.797337, 40.795443 ], [ -73.797491, 40.793971 ], [ -73.795598, 40.7938 ], [ -73.794311, 40.793664 ] ] ], [ [ [ -73.806902, 40.794702 ], [ -73.80839, 40.794969 ], [ -73.808346, 40.795359 ], [ -73.809986, 40.79536 ], [ -73.809823, 40.793515 ], [ -73.807101, 40.7933 ], [ -73.806902, 40.794702 ] ] ], [ [ [ -73.774373, 40.793713 ], [ -73.774782, 40.794416 ], [ -73.776283, 40.79572 ], [ -73.779327, 40.794959 ], [ -73.778702, 40.794175 ], [ -73.779768, 40.793984 ], [ -73.779625, 40.793037 ], [ -73.77999, 40.792978 ], [ -73.780917, 40.791471 ], [ -73.780145, 40.79104 ], [ -73.778066, 40.790446 ], [ -73.775489, 40.789258 ], [ -73.774403, 40.789069 ], [ -73.773251, 40.789194 ], [ -73.772439, 40.788393 ], [ -73.771678, 40.788801 ], [ -73.773015, 40.790201 ], [ -73.772645, 40.791016 ], [ -73.773, 40.791755 ], [ -73.773709, 40.792296 ], [ -73.774373, 40.793713 ] ] ], [ [ [ -73.80298, 40.796706 ], [ -73.804022, 40.796262 ], [ -73.805396, 40.796171 ], [ -73.806265, 40.796395 ], [ -73.806315, 40.79525 ], [ -73.806063, 40.795395 ], [ -73.804364, 40.795255 ], [ -73.804281, 40.795733 ], [ -73.803093, 40.795845 ], [ -73.80298, 40.796706 ] ] ], [ [ [ -73.888371, 40.797561 ], [ -73.890436, 40.797699 ], [ -73.891607, 40.79675 ], [ -73.891872, 40.796118 ], [ -73.890302, 40.796378 ], [ -73.888372, 40.796384 ], [ -73.888371, 40.797561 ] ] ], [ [ [ -73.888371, 40.797561 ], [ -73.887142, 40.797812 ], [ -73.887628, 40.798131 ], [ -73.888371, 40.797561 ] ] ], [ [ [ -73.811608, 40.797372 ], [ -73.81179, 40.798026 ], [ -73.81254, 40.798059 ], [ -73.812874, 40.797177 ], [ -73.816039, 40.79854 ], [ -73.816491, 40.79901 ], [ -73.817386, 40.799289 ], [ -73.818589, 40.80013 ], [ -73.819153, 40.799566 ], [ -73.819071, 40.799523 ], [ -73.817363, 40.798942 ], [ -73.816651, 40.798309 ], [ -73.814265, 40.797035 ], [ -73.814728, 40.796713 ], [ -73.814273, 40.796249 ], [ -73.813888, 40.795292 ], [ -73.810436, 40.795009 ], [ -73.810451, 40.795332 ], [ -73.810562, 40.796301 ], [ -73.811778, 40.796002 ], [ -73.811608, 40.797372 ] ] ], [ [ [ -73.806141, 40.664921 ], [ -73.804322, 40.665129 ], [ -73.801222, 40.665284 ], [ -73.799821, 40.665268 ], [ -73.79582, 40.664964 ], [ -73.787513, 40.663834 ], [ -73.785011, 40.663426 ], [ -73.783218, 40.663166 ], [ -73.780755, 40.662407 ], [ -73.77932, 40.661836 ], [ -73.778721, 40.661597 ], [ -73.776709, 40.660706 ], [ -73.774849, 40.660149 ], [ -73.773841, 40.659657 ], [ -73.770501, 40.657884 ], [ -73.764064, 40.654365 ], [ -73.757941, 40.650862 ], [ -73.754654, 40.649017 ], [ -73.751094, 40.654212 ], [ -73.752949, 40.654885 ], [ -73.753719, 40.655365 ], [ -73.756066, 40.656487 ], [ -73.75681, 40.657093 ], [ -73.756407, 40.657638 ], [ -73.757215, 40.657948 ], [ -73.756597, 40.658912 ], [ -73.755735, 40.658688 ], [ -73.75498, 40.659858 ], [ -73.753296, 40.65923 ], [ -73.7526, 40.660325 ], [ -73.751753, 40.660003 ], [ -73.752989, 40.658087 ], [ -73.751009, 40.657859 ], [ -73.750043, 40.659355 ], [ -73.749168, 40.659026 ], [ -73.748038, 40.660777 ], [ -73.749788, 40.661431 ], [ -73.747937, 40.664285 ], [ -73.748788, 40.665479 ], [ -73.752348, 40.665489 ], [ -73.752911, 40.664619 ], [ -73.75401, 40.665029 ], [ -73.75506, 40.663408 ], [ -73.758688, 40.66476 ], [ -73.759356, 40.663605 ], [ -73.762447, 40.664392 ], [ -73.76217, 40.665041 ], [ -73.764743, 40.665672 ], [ -73.764456, 40.666393 ], [ -73.765347, 40.666493 ], [ -73.766399, 40.663999 ], [ -73.767261, 40.664212 ], [ -73.76757, 40.662832 ], [ -73.768367, 40.662902 ], [ -73.768591, 40.664018 ], [ -73.770776, 40.666963 ], [ -73.774162, 40.667052 ], [ -73.773379, 40.666015 ], [ -73.774193, 40.665658 ], [ -73.775259, 40.667047 ], [ -73.775836, 40.667037 ], [ -73.778953, 40.665644 ], [ -73.780317, 40.667176 ], [ -73.784411, 40.666857 ], [ -73.79003, 40.666328 ], [ -73.79306, 40.666193 ], [ -73.795874, 40.666156 ], [ -73.801683, 40.666322 ], [ -73.801837, 40.665881 ], [ -73.805744, 40.666152 ], [ -73.806141, 40.664921 ] ] ] ] } },
{ "type": "Feature", "properties": { "zone": 4 }, "geometry": { "type": "MultiPolygon", "coordinates": [ [ [ [ -73.727793, 40.67149 ], [ -73.728787, 40.671846 ], [ -73.729532, 40.670534 ], [ -73.730391, 40.670816 ], [ -73.731136, 40.669506 ], [ -73.731989, 40.669791 ], [ -73.732737, 40.668477 ], [ -73.731017, 40.667908 ], [ -73.731398, 40.667253 ], [ -73.733108, 40.667821 ], [ -73.73348, 40.667169 ], [ -73.73192, 40.666556 ], [ -73.736401, 40.666569 ], [ -73.735359, 40.66528 ], [ -73.732965, 40.665356 ], [ -73.732873, 40.665213 ], [ -73.736177, 40.663491 ], [ -73.736527, 40.664044 ], [ -73.739253, 40.665257 ], [ -73.73955, 40.665256 ], [ -73.740443, 40.66411 ], [ -73.741152, 40.662774 ], [ -73.742443, 40.660869 ], [ -73.741263, 40.66035 ], [ -73.741731, 40.659731 ], [ -73.740281, 40.659094 ], [ -73.73981, 40.659712 ], [ -73.738405, 40.661566 ], [ -73.737079, 40.660982 ], [ -73.736606, 40.661596 ], [ -73.735157, 40.662361 ], [ -73.733624, 40.660664 ], [ -73.735264, 40.659809 ], [ -73.734741, 40.659248 ], [ -73.733115, 40.660099 ], [ -73.732605, 40.659532 ], [ -73.729308, 40.661261 ], [ -73.730326, 40.662391 ], [ -73.729238, 40.662957 ], [ -73.729486, 40.66364 ], [ -73.730838, 40.662956 ], [ -73.731347, 40.663522 ], [ -73.729746, 40.664331 ], [ -73.72983, 40.664694 ], [ -73.727875, 40.664695 ], [ -73.728274, 40.666438 ], [ -73.728243, 40.668032 ], [ -73.728001, 40.669413 ], [ -73.727793, 40.67149 ] ] ], [ [ [ -73.861143, 40.67433 ], [ -73.86094, 40.674361 ], [ -73.85786, 40.673281 ], [ -73.857114, 40.673575 ], [ -73.851635, 40.67193 ], [ -73.851852, 40.672492 ], [ -73.85001, 40.672833 ], [ -73.850378, 40.674298 ], [ -73.851297, 40.674162 ], [ -73.851473, 40.675063 ], [ -73.854559, 40.675742 ], [ -73.856871, 40.676455 ], [ -73.857899, 40.676619 ], [ -73.85859, 40.679403 ], [ -73.858198, 40.679431 ], [ -73.858786, 40.68063 ], [ -73.860533, 40.680134 ], [ -73.861364, 40.681803 ], [ -73.863118, 40.681296 ], [ -73.862296, 40.679632 ], [ -73.863349, 40.679352 ], [ -73.862347, 40.679173 ], [ -73.861143, 40.67433 ] ] ], [ [ [ -73.806141, 40.664921 ], [ -73.805744, 40.666152 ], [ -73.801837, 40.665881 ], [ -73.801683, 40.666322 ], [ -73.795874, 40.666156 ], [ -73.79306, 40.666193 ], [ -73.79003, 40.666328 ], [ -73.784411, 40.666857 ], [ -73.780317, 40.667176 ], [ -73.778953, 40.665644 ], [ -73.775836, 40.667037 ], [ -73.775259, 40.667047 ], [ -73.774193, 40.665658 ], [ -73.773379, 40.666015 ], [ -73.774162, 40.667052 ], [ -73.770776, 40.666963 ], [ -73.768591, 40.664018 ], [ -73.768367, 40.662902 ], [ -73.76757, 40.662832 ], [ -73.767261, 40.664212 ], [ -73.766399, 40.663999 ], [ -73.765347, 40.666493 ], [ -73.764456, 40.666393 ], [ -73.764743, 40.665672 ], [ -73.76217, 40.665041 ], [ -73.762447, 40.664392 ], [ -73.759356, 40.663605 ], [ -73.758688, 40.66476 ], [ -73.75506, 40.663408 ], [ -73.75401, 40.665029 ], [ -73.752911, 40.664619 ], [ -73.752348, 40.665489 ], [ -73.748788, 40.665479 ], [ -73.747937, 40.664285 ], [ -73.749788, 40.661431 ], [ -73.748038, 40.660777 ], [ -73.747191, 40.66046 ], [ -73.746865, 40.660802 ], [ -73.744546, 40.663774 ], [ -73.743927, 40.66355 ], [ -73.742712, 40.665304 ], [ -73.73955, 40.665256 ], [ -73.73891, 40.665955 ], [ -73.740878, 40.66595 ], [ -73.739995, 40.666468 ], [ -73.739053, 40.667412 ], [ -73.738712, 40.667788 ], [ -73.738091, 40.668637 ], [ -73.737398, 40.667579 ], [ -73.736019, 40.669891 ], [ -73.735602, 40.670887 ], [ -73.736656, 40.670722 ], [ -73.738149, 40.671254 ], [ -73.739203, 40.669564 ], [ -73.741741, 40.670488 ], [ -73.740685, 40.672173 ], [ -73.742461, 40.672815 ], [ -73.744566, 40.669446 ], [ -73.745414, 40.669752 ], [ -73.74436, 40.671436 ], [ -73.745248, 40.671758 ], [ -73.744194, 40.673444 ], [ -73.745935, 40.67408 ], [ -73.746984, 40.672384 ], [ -73.74876, 40.673026 ], [ -73.75077, 40.669797 ], [ -73.753698, 40.673187 ], [ -73.755762, 40.675886 ], [ -73.756489, 40.676023 ], [ -73.756919, 40.676529 ], [ -73.758013, 40.676078 ], [ -73.758234, 40.673492 ], [ -73.758805, 40.673006 ], [ -73.758216, 40.672696 ], [ -73.757568, 40.670993 ], [ -73.763718, 40.674316 ], [ -73.770339, 40.678431 ], [ -73.771099, 40.678244 ], [ -73.769327, 40.677148 ], [ -73.76979, 40.67618 ], [ -73.770295, 40.676294 ], [ -73.772234, 40.67466 ], [ -73.774039, 40.676011 ], [ -73.774764, 40.67513 ], [ -73.775672, 40.673387 ], [ -73.777138, 40.675315 ], [ -73.779332, 40.673554 ], [ -73.779955, 40.67406 ], [ -73.778604, 40.67517 ], [ -73.779977, 40.676165 ], [ -73.778618, 40.677264 ], [ -73.779478, 40.678365 ], [ -73.778419, 40.679031 ], [ -73.778567, 40.679752 ], [ -73.780089, 40.679264 ], [ -73.780825, 40.680526 ], [ -73.782479, 40.679961 ], [ -73.783577, 40.681842 ], [ -73.781917, 40.682401 ], [ -73.783015, 40.684278 ], [ -73.785078, 40.683559 ], [ -73.78613, 40.682989 ], [ -73.788408, 40.681992 ], [ -73.78735, 40.680535 ], [ -73.787703, 40.679953 ], [ -73.789235, 40.679708 ], [ -73.788342, 40.676343 ], [ -73.789241, 40.676197 ], [ -73.788926, 40.675073 ], [ -73.78989, 40.675202 ], [ -73.789096, 40.674204 ], [ -73.788247, 40.673479 ], [ -73.789018, 40.673158 ], [ -73.789778, 40.669962 ], [ -73.790662, 40.670084 ], [ -73.79031, 40.671568 ], [ -73.7912, 40.671692 ], [ -73.790798, 40.673419 ], [ -73.790474, 40.673391 ], [ -73.79157, 40.675748 ], [ -73.790344, 40.67604 ], [ -73.790952, 40.677325 ], [ -73.792093, 40.680476 ], [ -73.792777, 40.680345 ], [ -73.793755, 40.68236 ], [ -73.796395, 40.681613 ], [ -73.794868, 40.678499 ], [ -73.795747, 40.67825 ], [ -73.794986, 40.6767 ], [ -73.795935, 40.676597 ], [ -73.795691, 40.675572 ], [ -73.795715, 40.673101 ], [ -73.795837, 40.671683 ], [ -73.798293, 40.671937 ], [ -73.798376, 40.672531 ], [ -73.799867, 40.672469 ], [ -73.799413, 40.671408 ], [ -73.801134, 40.671294 ], [ -73.801179, 40.6691 ], [ -73.798623, 40.669339 ], [ -73.798132, 40.667976 ], [ -73.797959, 40.667058 ], [ -73.797919, 40.667014 ], [ -73.798743, 40.666553 ], [ -73.804005, 40.666848 ], [ -73.803468, 40.667076 ], [ -73.803297, 40.66764 ], [ -73.802639, 40.667674 ], [ -73.802643, 40.669012 ], [ -73.803565, 40.669 ], [ -73.803555, 40.668283 ], [ -73.804958, 40.668278 ], [ -73.805095, 40.667621 ], [ -73.806237, 40.667643 ], [ -73.805566, 40.670613 ], [ -73.809079, 40.671073 ], [ -73.808367, 40.673472 ], [ -73.80931, 40.67356 ], [ -73.809677, 40.672357 ], [ -73.810591, 40.672523 ], [ -73.811155, 40.670705 ], [ -73.811718, 40.668886 ], [ -73.810809, 40.668723 ], [ -73.811319, 40.667119 ], [ -73.813256, 40.667027 ], [ -73.815377, 40.666429 ], [ -73.81333, 40.673008 ], [ -73.81424, 40.673182 ], [ -73.815154, 40.673346 ], [ -73.816281, 40.669714 ], [ -73.817193, 40.669879 ], [ -73.819019, 40.670208 ], [ -73.819584, 40.668391 ], [ -73.820497, 40.668554 ], [ -73.821317, 40.665918 ], [ -73.822241, 40.666121 ], [ -73.822009, 40.66691 ], [ -73.822957, 40.667081 ], [ -73.822391, 40.668897 ], [ -73.825128, 40.669392 ], [ -73.825694, 40.667574 ], [ -73.826605, 40.667737 ], [ -73.82604, 40.669556 ], [ -73.826952, 40.669718 ], [ -73.828079, 40.666086 ], [ -73.830616, 40.666149 ], [ -73.833348, 40.666773 ], [ -73.835281, 40.670814 ], [ -73.835949, 40.670799 ], [ -73.838059, 40.671291 ], [ -73.838337, 40.670595 ], [ -73.837471, 40.670387 ], [ -73.837905, 40.669321 ], [ -73.839607, 40.669925 ], [ -73.840251, 40.672562 ], [ -73.842101, 40.6723 ], [ -73.841715, 40.670761 ], [ -73.844605, 40.670348 ], [ -73.843799, 40.672299 ], [ -73.844471, 40.672574 ], [ -73.84488, 40.671948 ], [ -73.846165, 40.672458 ], [ -73.846999, 40.671239 ], [ -73.847821, 40.671557 ], [ -73.84787, 40.670779 ], [ -73.848478, 40.670917 ], [ -73.845419, 40.669699 ], [ -73.842272, 40.668736 ], [ -73.839969, 40.667998 ], [ -73.836039, 40.666848 ], [ -73.834877, 40.666397 ], [ -73.831804, 40.66559 ], [ -73.829513, 40.665332 ], [ -73.82263, 40.664918 ], [ -73.82275, 40.66454 ], [ -73.820203, 40.66447 ], [ -73.817334, 40.664888 ], [ -73.815704, 40.665449 ], [ -73.81592, 40.664667 ], [ -73.811265, 40.664071 ], [ -73.811555, 40.663188 ], [ -73.808451, 40.66447 ], [ -73.806141, 40.664921 ] ], [ [ -73.779977, 40.676165 ], [ -73.780855, 40.675443 ], [ -73.782218, 40.676438 ], [ -73.781283, 40.67711 ], [ -73.779977, 40.676165 ] ], [ [ -73.766505, 40.6712 ], [ -73.765611, 40.671258 ], [ -73.764547, 40.671513 ], [ -73.76047, 40.672276 ], [ -73.758175, 40.671014 ], [ -73.758951, 40.670978 ], [ -73.758788, 40.668526 ], [ -73.763881, 40.669378 ], [ -73.764437, 40.668152 ], [ -73.766249, 40.66851 ], [ -73.765899, 40.669146 ], [ -73.767202, 40.669315 ], [ -73.767407, 40.671142 ], [ -73.766505, 40.6712 ] ] ], [ [ [ -73.921887, 40.709401 ], [ -73.920749, 40.710534 ], [ -73.920755, 40.710537 ], [ -73.921887, 40.709401 ] ] ], [ [ [ -73.91986, 40.711456 ], [ -73.918526, 40.712448 ], [ -73.919981, 40.713314 ], [ -73.921229, 40.712255 ], [ -73.91986, 40.711456 ] ] ], [ [ [ -73.91196, 40.716403 ], [ -73.913399, 40.719051 ], [ -73.915167, 40.718555 ], [ -73.913902, 40.716223 ], [ -73.91196, 40.716403 ] ] ], [ [ [ -73.916555, 40.722006 ], [ -73.914236, 40.722774 ], [ -73.915214, 40.724206 ], [ -73.916985, 40.725293 ], [ -73.917126, 40.724223 ], [ -73.917452, 40.723482 ], [ -73.917893, 40.722271 ], [ -73.916555, 40.722006 ] ] ], [ [ [ -73.936285, 40.734993 ], [ -73.938015, 40.734315 ], [ -73.93742, 40.733762 ], [ -73.935865, 40.734345 ], [ -73.936285, 40.734993 ] ] ], [ [ [ -73.847695, 40.734277 ], [ -73.84876, 40.736356 ], [ -73.850998, 40.735656 ], [ -73.850656, 40.734985 ], [ -73.849945, 40.733607 ], [ -73.847695, 40.734277 ] ] ], [ [ [ -73.937111, 40.736294 ], [ -73.936758, 40.735724 ], [ -73.935782, 40.736757 ], [ -73.937111, 40.736294 ] ] ], [ [ [ -73.84879, 40.738724 ], [ -73.848236, 40.73929 ], [ -73.850259, 40.739942 ], [ -73.850526, 40.73928 ], [ -73.84879, 40.738724 ] ] ], [ [ [ -73.933514, 40.737723 ], [ -73.933921, 40.738332 ], [ -73.93338, 40.740921 ], [ -73.934307, 40.741029 ], [ -73.933588, 40.744733 ], [ -73.937261, 40.745177 ], [ -73.937651, 40.743305 ], [ -73.93579, 40.743085 ], [ -73.936163, 40.741244 ], [ -73.935235, 40.741135 ], [ -73.935908, 40.737801 ], [ -73.936269, 40.737839 ], [ -73.936033, 40.737486 ], [ -73.935635, 40.736876 ], [ -73.933906, 40.737431 ], [ -73.933514, 40.737723 ] ] ], [ [ [ -73.833399, 40.755522 ], [ -73.833678, 40.756321 ], [ -73.834475, 40.755839 ], [ -73.834073, 40.754501 ], [ -73.833103, 40.754661 ], [ -73.833399, 40.755522 ] ] ], [ [ [ -73.834068, 40.762226 ], [ -73.833173, 40.762334 ], [ -73.833287, 40.762746 ], [ -73.834336, 40.762747 ], [ -73.834636, 40.762147 ], [ -73.834068, 40.762226 ] ] ], [ [ [ -73.930366, 40.764491 ], [ -73.930867, 40.763874 ], [ -73.932249, 40.764639 ], [ -73.933981, 40.762826 ], [ -73.932247, 40.762016 ], [ -73.931336, 40.763276 ], [ -73.93005, 40.76267 ], [ -73.929434, 40.76238 ], [ -73.928998, 40.762828 ], [ -73.928425, 40.763416 ], [ -73.930366, 40.764491 ] ] ], [ [ [ -73.828708, 40.763801 ], [ -73.828906, 40.764557 ], [ -73.830472, 40.764186 ], [ -73.830208, 40.763543 ], [ -73.828708, 40.763801 ] ] ], [ [ [ -73.932897, 40.76019 ], [ -73.93425, 40.758695 ], [ -73.937489, 40.760202 ], [ -73.93998, 40.7611 ], [ -73.938901, 40.762836 ], [ -73.939717, 40.76313 ], [ -73.938603, 40.764921 ], [ -73.93942, 40.765215 ], [ -73.940272, 40.76553 ], [ -73.942472, 40.761994 ], [ -73.943304, 40.760658 ], [ -73.939994, 40.759469 ], [ -73.940862, 40.758112 ], [ -73.941662, 40.758398 ], [ -73.943547, 40.756441 ], [ -73.941239, 40.755234 ], [ -73.944053, 40.752313 ], [ -73.945718, 40.753044 ], [ -73.947239, 40.751436 ], [ -73.948575, 40.749876 ], [ -73.949178, 40.749988 ], [ -73.949416, 40.749298 ], [ -73.947107, 40.748851 ], [ -73.947355, 40.748107 ], [ -73.947606, 40.747359 ], [ -73.945317, 40.746916 ], [ -73.945529, 40.746223 ], [ -73.944019, 40.746479 ], [ -73.943681, 40.745985 ], [ -73.94274, 40.746355 ], [ -73.94171, 40.746134 ], [ -73.942382, 40.747122 ], [ -73.943195, 40.747701 ], [ -73.942136, 40.74889 ], [ -73.941245, 40.748652 ], [ -73.940667, 40.747725 ], [ -73.939737, 40.748066 ], [ -73.937396, 40.748916 ], [ -73.936864, 40.748421 ], [ -73.933939, 40.75027 ], [ -73.931519, 40.751153 ], [ -73.926516, 40.751513 ], [ -73.926469, 40.752069 ], [ -73.928742, 40.752042 ], [ -73.932276, 40.751954 ], [ -73.933833, 40.751605 ], [ -73.934743, 40.750979 ], [ -73.936161, 40.749674 ], [ -73.936688, 40.749359 ], [ -73.937381, 40.749468 ], [ -73.938833, 40.75004 ], [ -73.940442, 40.750738 ], [ -73.940263, 40.750967 ], [ -73.941086, 40.751328 ], [ -73.93871, 40.753899 ], [ -73.93794, 40.753489 ], [ -73.935798, 40.755796 ], [ -73.936581, 40.756212 ], [ -73.935465, 40.757393 ], [ -73.934632, 40.75694 ], [ -73.933353, 40.758274 ], [ -73.931944, 40.759741 ], [ -73.932897, 40.76019 ] ] ], [ [ [ -73.832714, 40.766745 ], [ -73.833419, 40.766577 ], [ -73.83335, 40.764084 ], [ -73.831773, 40.764454 ], [ -73.832714, 40.766745 ] ] ], [ [ [ -73.925965, 40.766745 ], [ -73.92553, 40.767679 ], [ -73.92715, 40.768442 ], [ -73.928556, 40.766714 ], [ -73.926438, 40.765733 ], [ -73.925965, 40.766745 ] ] ], [ [ [ -73.758561, 40.764387 ], [ -73.759697, 40.767475 ], [ -73.76032, 40.768715 ], [ -73.761652, 40.77028 ], [ -73.762133, 40.769757 ], [ -73.760877, 40.767164 ], [ -73.760355, 40.765357 ], [ -73.759853, 40.765401 ], [ -73.759494, 40.764295 ], [ -73.759198, 40.764327 ], [ -73.758561, 40.764387 ] ] ], [ [ [ -73.925963, 40.769903 ], [ -73.927304, 40.770527 ], [ -73.927807, 40.769889 ], [ -73.926473, 40.769271 ], [ -73.925963, 40.769903 ] ] ], [ [ [ -73.7432, 40.771332 ], [ -73.744298, 40.770865 ], [ -73.744053, 40.77011 ], [ -73.742271, 40.77035 ], [ -73.7432, 40.771332 ] ] ], [ [ [ -73.751231, 40.771934 ], [ -73.751916, 40.772448 ], [ -73.752811, 40.772124 ], [ -73.752399, 40.77151 ], [ -73.751231, 40.771934 ] ] ], [ [ [ -73.932685, 40.7727 ], [ -73.933299, 40.771997 ], [ -73.933071, 40.771387 ], [ -73.931278, 40.771516 ], [ -73.930212, 40.771913 ], [ -73.929395, 40.771488 ], [ -73.928992, 40.77215 ], [ -73.930772, 40.772108 ], [ -73.931473, 40.772325 ], [ -73.932685, 40.7727 ] ] ], [ [ [ -73.895008, 40.772078 ], [ -73.893369, 40.773415 ], [ -73.89289, 40.773808 ], [ -73.893703, 40.774226 ], [ -73.895933, 40.772409 ], [ -73.895008, 40.772078 ] ] ], [ [ [ -73.753746, 40.774055 ], [ -73.753367, 40.773208 ], [ -73.752193, 40.773374 ], [ -73.752156, 40.77389 ], [ -73.75302, 40.773957 ], [ -73.753746, 40.774055 ] ] ], [ [ [ -73.930258, 40.775482 ], [ -73.932617, 40.776159 ], [ -73.933388, 40.774712 ], [ -73.931817, 40.774214 ], [ -73.931046, 40.773981 ], [ -73.930258, 40.775482 ] ] ], [ [ [ -73.752801, 40.776081 ], [ -73.75436, 40.775806 ], [ -73.75396, 40.775187 ], [ -73.752745, 40.775391 ], [ -73.752801, 40.776081 ] ] ], [ [ [ -73.74789, 40.774787 ], [ -73.747116, 40.774823 ], [ -73.745641, 40.775624 ], [ -73.745916, 40.77652 ], [ -73.748637, 40.776068 ], [ -73.74789, 40.774787 ] ] ], [ [ [ -73.8279, 40.776682 ], [ -73.829083, 40.774794 ], [ -73.828059, 40.773998 ], [ -73.82795, 40.772757 ], [ -73.828409, 40.772334 ], [ -73.829569, 40.772229 ], [ -73.829571, 40.770711 ], [ -73.828626, 40.770708 ], [ -73.828628, 40.768519 ], [ -73.827532, 40.76877 ], [ -73.829045, 40.76727 ], [ -73.829091, 40.766447 ], [ -73.82769, 40.766104 ], [ -73.827537, 40.766464 ], [ -73.826848, 40.767987 ], [ -73.826558, 40.770137 ], [ -73.826575, 40.77163 ], [ -73.826575, 40.772345 ], [ -73.826254, 40.774521 ], [ -73.825831, 40.775915 ], [ -73.825825, 40.776671 ], [ -73.8279, 40.776682 ] ] ], [ [ [ -73.849091, 40.775787 ], [ -73.8472, 40.775745 ], [ -73.847124, 40.776935 ], [ -73.84801, 40.776964 ], [ -73.84902, 40.777004 ], [ -73.849091, 40.775787 ] ] ], [ [ [ -73.902386, 40.776965 ], [ -73.903093, 40.777462 ], [ -73.904506, 40.77846 ], [ -73.905578, 40.777595 ], [ -73.904269, 40.776176 ], [ -73.903778, 40.775831 ], [ -73.902386, 40.776965 ] ] ], [ [ [ -73.839766, 40.77653 ], [ -73.838967, 40.776774 ], [ -73.838862, 40.778617 ], [ -73.839759, 40.778615 ], [ -73.839867, 40.777228 ], [ -73.839766, 40.77653 ] ] ], [ [ [ -73.824889, 40.778714 ], [ -73.823821, 40.77836 ], [ -73.823547, 40.779036 ], [ -73.824505, 40.779353 ], [ -73.825667, 40.77973 ], [ -73.825817, 40.779023 ], [ -73.824889, 40.778714 ] ] ], [ [ [ -73.752846, 40.78079 ], [ -73.753406, 40.780175 ], [ -73.752024, 40.779912 ], [ -73.751713, 40.780552 ], [ -73.752846, 40.78079 ] ] ], [ [ [ -73.777694, 40.77816 ], [ -73.77584, 40.778612 ], [ -73.775319, 40.780065 ], [ -73.775425, 40.78086 ], [ -73.776537, 40.782439 ], [ -73.777489, 40.781955 ], [ -73.779224, 40.780455 ], [ -73.778855, 40.779953 ], [ -73.779755, 40.779447 ], [ -73.779477, 40.777664 ], [ -73.777694, 40.77816 ] ] ], [ [ [ -73.923278, 40.775178 ], [ -73.923026, 40.775384 ], [ -73.923758, 40.776547 ], [ -73.917304, 40.781803 ], [ -73.919088, 40.783061 ], [ -73.924247, 40.778818 ], [ -73.925662, 40.778294 ], [ -73.923278, 40.775178 ] ] ], [ [ [ -73.846777, 40.78322 ], [ -73.847677, 40.783219 ], [ -73.847763, 40.781683 ], [ -73.84686, 40.781684 ], [ -73.846777, 40.78322 ] ] ], [ [ [ -73.83862, 40.783227 ], [ -73.837713, 40.783223 ], [ -73.837629, 40.784676 ], [ -73.839423, 40.784724 ], [ -73.839514, 40.78323 ], [ -73.83862, 40.783227 ] ] ], [ [ [ -73.913508, 40.784816 ], [ -73.913807, 40.785026 ], [ -73.915975, 40.783261 ], [ -73.915734, 40.783088 ], [ -73.915314, 40.782791 ], [ -73.913146, 40.784563 ], [ -73.913508, 40.784816 ] ] ], [ [ [ -73.855088, 40.785663 ], [ -73.855987, 40.785632 ], [ -73.855911, 40.78452 ], [ -73.85501, 40.784555 ], [ -73.855088, 40.785663 ] ] ], [ [ [ -73.826903, 40.784648 ], [ -73.82599, 40.784863 ], [ -73.826395, 40.786652 ], [ -73.828231, 40.786553 ], [ -73.82915, 40.786443 ], [ -73.828806, 40.784649 ], [ -73.826903, 40.784648 ] ] ], [ [ [ -73.830187, 40.787538 ], [ -73.83113, 40.787437 ], [ -73.830909, 40.786246 ], [ -73.83065, 40.784965 ], [ -73.829622, 40.784638 ], [ -73.829958, 40.786354 ], [ -73.830187, 40.787538 ] ] ], [ [ [ -73.785932, 40.788112 ], [ -73.786019, 40.787519 ], [ -73.785551, 40.786365 ], [ -73.784427, 40.786359 ], [ -73.783543, 40.786595 ], [ -73.783367, 40.785899 ], [ -73.78291, 40.785899 ], [ -73.783104, 40.786876 ], [ -73.783303, 40.787706 ], [ -73.785029, 40.78755 ], [ -73.785039, 40.788117 ], [ -73.785932, 40.788112 ] ] ], [ [ [ -73.788914, 40.787262 ], [ -73.78797, 40.787433 ], [ -73.788006, 40.788794 ], [ -73.789248, 40.788369 ], [ -73.789519, 40.787808 ], [ -73.788914, 40.787262 ] ] ], [ [ [ -73.850637, 40.7893 ], [ -73.851814, 40.789256 ], [ -73.852124, 40.788632 ], [ -73.850598, 40.788693 ], [ -73.850637, 40.7893 ] ] ], [ [ [ -73.839084, 40.789221 ], [ -73.841878, 40.789317 ], [ -73.842798, 40.789348 ], [ -73.843726, 40.789387 ], [ -73.843784, 40.787971 ], [ -73.842883, 40.787945 ], [ -73.842941, 40.786749 ], [ -73.842029, 40.786721 ], [ -73.84211, 40.78528 ], [ -73.840288, 40.785375 ], [ -73.839356, 40.785599 ], [ -73.839084, 40.789221 ] ] ], [ [ [ -73.82441, 40.787485 ], [ -73.824091, 40.787762 ], [ -73.823672, 40.789447 ], [ -73.82518, 40.789119 ], [ -73.82441, 40.787485 ] ] ], [ [ [ -73.773593, 40.782837 ], [ -73.774079, 40.783499 ], [ -73.774048, 40.784037 ], [ -73.774432, 40.784629 ], [ -73.773707, 40.784876 ], [ -73.774819, 40.78614 ], [ -73.776603, 40.787583 ], [ -73.777988, 40.788329 ], [ -73.78011, 40.789057 ], [ -73.782118, 40.789427 ], [ -73.782293, 40.788693 ], [ -73.780758, 40.788015 ], [ -73.779125, 40.788179 ], [ -73.777075, 40.787328 ], [ -73.777675, 40.78707 ], [ -73.776536, 40.785523 ], [ -73.777342, 40.785176 ], [ -73.775645, 40.782783 ], [ -73.775379, 40.782444 ], [ -73.773593, 40.782837 ] ] ], [ [ [ -73.838169, 40.789182 ], [ -73.838105, 40.790581 ], [ -73.839005, 40.790617 ], [ -73.839084, 40.789221 ], [ -73.838169, 40.789182 ] ] ], [ [ [ -73.880088, 40.786273 ], [ -73.879823, 40.786959 ], [ -73.878888, 40.787326 ], [ -73.879248, 40.78769 ], [ -73.880075, 40.787221 ], [ -73.88117, 40.788356 ], [ -73.880726, 40.789128 ], [ -73.881061, 40.789626 ], [ -73.879279, 40.791534 ], [ -73.881384, 40.791177 ], [ -73.881978, 40.790614 ], [ -73.882414, 40.790825 ], [ -73.883654, 40.789177 ], [ -73.883252, 40.788265 ], [ -73.881869, 40.787734 ], [ -73.880864, 40.786747 ], [ -73.880088, 40.786273 ] ] ], [ [ [ -73.79561, 40.790338 ], [ -73.795913, 40.791514 ], [ -73.796827, 40.791346 ], [ -73.796532, 40.790204 ], [ -73.79561, 40.790338 ] ] ], [ [ [ -73.798135, 40.794024 ], [ -73.798266, 40.79301 ], [ -73.797621, 40.792958 ], [ -73.797491, 40.793971 ], [ -73.798135, 40.794024 ] ] ], [ [ [ -73.842696, 40.79398 ], [ -73.843345, 40.794261 ], [ -73.843333, 40.793514 ], [ -73.842696, 40.79398 ] ] ], [ [ [ -73.876491, 40.792905 ], [ -73.878045, 40.794017 ], [ -73.879192, 40.794479 ], [ -73.882095, 40.794927 ], [ -73.881949, 40.793517 ], [ -73.881355, 40.79271 ], [ -73.880875, 40.792569 ], [ -73.879412, 40.792682 ], [ -73.878304, 40.792356 ], [ -73.877329, 40.793316 ], [ -73.876491, 40.792905 ] ] ], [ [ [ -73.848059, 40.7957 ], [ -73.84871, 40.795416 ], [ -73.848778, 40.79458 ], [ -73.848048, 40.794478 ], [ -73.84757, 40.793107 ], [ -73.846943, 40.793116 ], [ -73.846533, 40.79271 ], [ -73.846413, 40.795135 ], [ -73.847849, 40.795275 ], [ -73.848059, 40.7957 ] ] ], [ [ [ -73.803093, 40.795845 ], [ -73.804281, 40.795733 ], [ -73.804364, 40.795255 ], [ -73.803161, 40.795166 ], [ -73.803093, 40.795845 ] ] ], [ [ [ -73.828633, 40.7957 ], [ -73.828015, 40.794941 ], [ -73.827793, 40.793295 ], [ -73.828063, 40.792755 ], [ -73.829109, 40.791898 ], [ -73.8304, 40.791631 ], [ -73.829979, 40.79117 ], [ -73.829279, 40.791419 ], [ -73.828423, 40.792044 ], [ -73.82725, 40.792534 ], [ -73.827023, 40.793455 ], [ -73.827051, 40.794678 ], [ -73.827606, 40.796019 ], [ -73.827794, 40.796098 ], [ -73.828633, 40.7957 ] ] ], [ [ [ -73.887142, 40.797812 ], [ -73.888371, 40.797561 ], [ -73.888372, 40.796384 ], [ -73.890302, 40.796378 ], [ -73.891872, 40.796118 ], [ -73.891954, 40.794758 ], [ -73.891321, 40.794564 ], [ -73.890037, 40.794553 ], [ -73.888556, 40.794567 ], [ -73.88784, 40.795178 ], [ -73.887758, 40.796386 ], [ -73.885651, 40.796387 ], [ -73.885179, 40.796285 ], [ -73.887142, 40.797812 ] ] ], [ [ [ -73.819071, 40.799523 ], [ -73.81826, 40.797634 ], [ -73.816902, 40.795782 ], [ -73.815551, 40.79635 ], [ -73.814728, 40.796713 ], [ -73.814265, 40.797035 ], [ -73.816651, 40.798309 ], [ -73.817363, 40.798942 ], [ -73.819071, 40.799523 ] ] ] ] } },
{ "type": "Feature", "properties": { "zone": 1 }, "geometry": { "type": "MultiPolygon", "coordinates": [ [ [ [ -73.883129, 40.568381 ], [ -73.88446, 40.567893 ], [ -73.885342, 40.568599 ], [ -73.886547, 40.568471 ], [ -73.887474, 40.56813 ], [ -73.889595, 40.567942 ], [ -73.891465, 40.568415 ], [ -73.892494, 40.568531 ], [ -73.893141, 40.568395 ], [ -73.895486, 40.566872 ], [ -73.895337, 40.566332 ], [ -73.896133, 40.565358 ], [ -73.899844, 40.563296 ], [ -73.901611, 40.562751 ], [ -73.902367, 40.562857 ], [ -73.902871, 40.563515 ], [ -73.904492, 40.562872 ], [ -73.905523, 40.562709 ], [ -73.906528, 40.562752 ], [ -73.907747, 40.563298 ], [ -73.908516, 40.563939 ], [ -73.909277, 40.563997 ], [ -73.910332, 40.565017 ], [ -73.912202, 40.565055 ], [ -73.913132, 40.564638 ], [ -73.913868, 40.564608 ], [ -73.915191, 40.564091 ], [ -73.916497, 40.563337 ], [ -73.917661, 40.562826 ], [ -73.921078, 40.56208 ], [ -73.923295, 40.562091 ], [ -73.925299, 40.561807 ], [ -73.926157, 40.561553 ], [ -73.927751, 40.560444 ], [ -73.928785, 40.559926 ], [ -73.931776, 40.5579 ], [ -73.932219, 40.557678 ], [ -73.931673, 40.556858 ], [ -73.931188, 40.557024 ], [ -73.930565, 40.55553 ], [ -73.929824, 40.554083 ], [ -73.9291, 40.553102 ], [ -73.927341, 40.553521 ], [ -73.926438, 40.55387 ], [ -73.922068, 40.555158 ], [ -73.920988, 40.556283 ], [ -73.917349, 40.556334 ], [ -73.913605, 40.556476 ], [ -73.913167, 40.556351 ], [ -73.909891, 40.556681 ], [ -73.91008, 40.557323 ], [ -73.909954, 40.560509 ], [ -73.910096, 40.560781 ], [ -73.908355, 40.560763 ], [ -73.907241, 40.560953 ], [ -73.903332, 40.561855 ], [ -73.889572, 40.565699 ], [ -73.882758, 40.567578 ], [ -73.883129, 40.568381 ] ] ], [ [ [ -73.765018, 40.613497 ], [ -73.765164, 40.613754 ], [ -73.766819, 40.614291 ], [ -73.768337, 40.614229 ], [ -73.769246, 40.613983 ], [ -73.770198, 40.614063 ], [ -73.771654, 40.61397 ], [ -73.772906, 40.613571 ], [ -73.773474, 40.613626 ], [ -73.774014, 40.61235 ], [ -73.773769, 40.611264 ], [ -73.772169, 40.61149 ], [ -73.771863, 40.610854 ], [ -73.77123, 40.610387 ], [ -73.770243, 40.610258 ], [ -73.76911, 40.609624 ], [ -73.768935, 40.609155 ], [ -73.769237, 40.608422 ], [ -73.769784, 40.607927 ], [ -73.770019, 40.607187 ], [ -73.76984, 40.6062 ], [ -73.770009, 40.605337 ], [ -73.770573, 40.604799 ], [ -73.770187, 40.602757 ], [ -73.770935, 40.601152 ], [ -73.77113, 40.600405 ], [ -73.771038, 40.59899 ], [ -73.770294, 40.598978 ], [ -73.769737, 40.598664 ], [ -73.768293, 40.598349 ], [ -73.768464, 40.597899 ], [ -73.76944, 40.598253 ], [ -73.77053, 40.598105 ], [ -73.771025, 40.598302 ], [ -73.771977, 40.597922 ], [ -73.77299, 40.59788 ], [ -73.773718, 40.598241 ], [ -73.774215, 40.598998 ], [ -73.774111, 40.599597 ], [ -73.774578, 40.600417 ], [ -73.774972, 40.601744 ], [ -73.775564, 40.601658 ], [ -73.776277, 40.601084 ], [ -73.777422, 40.598812 ], [ -73.779044, 40.597649 ], [ -73.780183, 40.597213 ], [ -73.78133, 40.597753 ], [ -73.781832, 40.598344 ], [ -73.781994, 40.598986 ], [ -73.780812, 40.599956 ], [ -73.78011, 40.600736 ], [ -73.778349, 40.600374 ], [ -73.778153, 40.600755 ], [ -73.777031, 40.601674 ], [ -73.776352, 40.60253 ], [ -73.775896, 40.603454 ], [ -73.77518, 40.604449 ], [ -73.774586, 40.606533 ], [ -73.774708, 40.608184 ], [ -73.77413, 40.608749 ], [ -73.774923, 40.609521 ], [ -73.775479, 40.609741 ], [ -73.776928, 40.609835 ], [ -73.778568, 40.609644 ], [ -73.779401, 40.609226 ], [ -73.780987, 40.607907 ], [ -73.782254, 40.606584 ], [ -73.783491, 40.605496 ], [ -73.783956, 40.604866 ], [ -73.783137, 40.60359 ], [ -73.783506, 40.602563 ], [ -73.784482, 40.6018 ], [ -73.785284, 40.601582 ], [ -73.785994, 40.600295 ], [ -73.789166, 40.597883 ], [ -73.789264, 40.596439 ], [ -73.78918, 40.595186 ], [ -73.789674, 40.594861 ], [ -73.790651, 40.594783 ], [ -73.791038, 40.595531 ], [ -73.791243, 40.596627 ], [ -73.790429, 40.598675 ], [ -73.790335, 40.599207 ], [ -73.789536, 40.59998 ], [ -73.788501, 40.600547 ], [ -73.78769, 40.601339 ], [ -73.787164, 40.602335 ], [ -73.786169, 40.603075 ], [ -73.786503, 40.60325 ], [ -73.787856, 40.603113 ], [ -73.790375, 40.601174 ], [ -73.79154, 40.600363 ], [ -73.793359, 40.599962 ], [ -73.79421, 40.599484 ], [ -73.799185, 40.599258 ], [ -73.801235, 40.599123 ], [ -73.801656, 40.598901 ], [ -73.802922, 40.598873 ], [ -73.803933, 40.597944 ], [ -73.804724, 40.597656 ], [ -73.80511, 40.597153 ], [ -73.804586, 40.596242 ], [ -73.803686, 40.595206 ], [ -73.803216, 40.595154 ], [ -73.803044, 40.594545 ], [ -73.802589, 40.594385 ], [ -73.802439, 40.59264 ], [ -73.803075, 40.592613 ], [ -73.803927, 40.593106 ], [ -73.804036, 40.59417 ], [ -73.80464, 40.594907 ], [ -73.806034, 40.595552 ], [ -73.807122, 40.595272 ], [ -73.807892, 40.594308 ], [ -73.808044, 40.593654 ], [ -73.807041, 40.593067 ], [ -73.804167, 40.591863 ], [ -73.80436, 40.591314 ], [ -73.806636, 40.59226 ], [ -73.806875, 40.592265 ], [ -73.809044, 40.593358 ], [ -73.809881, 40.592282 ], [ -73.810907, 40.592059 ], [ -73.812285, 40.591326 ], [ -73.81313, 40.591247 ], [ -73.813632, 40.590794 ], [ -73.814844, 40.590513 ], [ -73.815248, 40.589989 ], [ -73.818837, 40.588251 ], [ -73.819234, 40.587933 ], [ -73.82146, 40.58677 ], [ -73.822643, 40.587402 ], [ -73.823262, 40.587468 ], [ -73.827847, 40.586138 ], [ -73.828172, 40.585921 ], [ -73.828525, 40.584854 ], [ -73.835841, 40.582879 ], [ -73.838647, 40.582722 ], [ -73.839354, 40.581857 ], [ -73.845206, 40.58158 ], [ -73.84861, 40.582188 ], [ -73.850444, 40.58213 ], [ -73.853056, 40.581255 ], [ -73.86288, 40.576061 ], [ -73.862752, 40.575866 ], [ -73.863968, 40.575035 ], [ -73.863349, 40.574029 ], [ -73.866685, 40.572997 ], [ -73.864468, 40.56915 ], [ -73.864069, 40.569306 ], [ -73.863089, 40.567606 ], [ -73.86287, 40.566839 ], [ -73.857205, 40.569109 ], [ -73.854234, 40.570145 ], [ -73.852203, 40.570753 ], [ -73.846159, 40.573043 ], [ -73.841384, 40.574727 ], [ -73.837786, 40.575932 ], [ -73.833871, 40.577658 ], [ -73.831627, 40.578375 ], [ -73.829568, 40.578789 ], [ -73.82496, 40.580146 ], [ -73.822291, 40.581104 ], [ -73.81929, 40.581775 ], [ -73.818383, 40.582085 ], [ -73.815082, 40.582964 ], [ -73.813526, 40.583481 ], [ -73.811326, 40.58373 ], [ -73.808076, 40.584003 ], [ -73.806864, 40.584412 ], [ -73.805593, 40.584522 ], [ -73.804341, 40.584911 ], [ -73.803343, 40.584901 ], [ -73.80183, 40.58536 ], [ -73.800614, 40.58549 ], [ -73.796655, 40.586382 ], [ -73.795704, 40.586475 ], [ -73.791499, 40.587311 ], [ -73.789232, 40.587629 ], [ -73.788785, 40.587459 ], [ -73.787685, 40.587931 ], [ -73.784534, 40.588486 ], [ -73.782891, 40.589007 ], [ -73.780576, 40.589571 ], [ -73.77913, 40.589614 ], [ -73.777355, 40.590102 ], [ -73.774117, 40.590392 ], [ -73.770834, 40.590561 ], [ -73.76886, 40.590871 ], [ -73.768135, 40.590745 ], [ -73.766326, 40.590982 ], [ -73.762763, 40.591633 ], [ -73.761345, 40.591735 ], [ -73.757893, 40.591365 ], [ -73.755919, 40.590879 ], [ -73.753411, 40.59098 ], [ -73.751695, 40.59132 ], [ -73.750501, 40.592355 ], [ -73.749127, 40.593225 ], [ -73.748181, 40.593524 ], [ -73.746657, 40.594304 ], [ -73.744727, 40.594657 ], [ -73.742916, 40.59484 ], [ -73.741374, 40.594816 ], [ -73.738536, 40.594447 ], [ -73.737993, 40.594564 ], [ -73.738414, 40.595932 ], [ -73.738855, 40.596783 ], [ -73.739609, 40.596764 ], [ -73.739928, 40.596062 ], [ -73.740494, 40.596074 ], [ -73.740361, 40.596783 ], [ -73.739545, 40.597244 ], [ -73.738764, 40.596998 ], [ -73.738358, 40.597609 ], [ -73.738228, 40.602568 ], [ -73.738405, 40.603122 ], [ -73.739207, 40.60404 ], [ -73.740291, 40.604598 ], [ -73.741214, 40.605519 ], [ -73.743397, 40.607472 ], [ -73.743113, 40.607722 ], [ -73.745762, 40.611992 ], [ -73.746855, 40.611574 ], [ -73.747216, 40.612179 ], [ -73.750088, 40.611641 ], [ -73.753458, 40.61052 ], [ -73.754732, 40.610405 ], [ -73.754995, 40.610132 ], [ -73.75584, 40.610302 ], [ -73.756482, 40.610177 ], [ -73.759197, 40.61037 ], [ -73.759985, 40.610879 ], [ -73.761551, 40.609031 ], [ -73.761784, 40.60916 ], [ -73.760242, 40.610824 ], [ -73.761724, 40.611847 ], [ -73.762299, 40.611359 ], [ -73.763273, 40.61169 ], [ -73.765044, 40.612027 ], [ -73.765018, 40.613497 ] ] ], [ [ [ -73.726543, 40.651735 ], [ -73.725101, 40.652354 ], [ -73.724986, 40.654258 ], [ -73.725503, 40.655517 ], [ -73.725569, 40.656728 ], [ -73.726444, 40.659162 ], [ -73.727254, 40.658972 ], [ -73.726953, 40.658178 ], [ -73.728617, 40.658266 ], [ -73.729097, 40.658287 ], [ -73.727592, 40.656306 ], [ -73.726386, 40.654919 ], [ -73.726622, 40.654212 ], [ -73.729668, 40.654297 ], [ -73.729733, 40.65287 ], [ -73.726488, 40.652785 ], [ -73.726789, 40.652073 ], [ -73.726543, 40.651735 ] ] ], [ [ [ -73.754654, 40.649017 ], [ -73.751575, 40.647268 ], [ -73.75205, 40.64666 ], [ -73.75007, 40.64545 ], [ -73.749485, 40.644966 ], [ -73.748782, 40.645127 ], [ -73.748753, 40.644479 ], [ -73.748137, 40.644078 ], [ -73.747239, 40.643108 ], [ -73.746316, 40.641403 ], [ -73.746171, 40.640396 ], [ -73.746601, 40.638351 ], [ -73.74686, 40.638056 ], [ -73.747051, 40.637014 ], [ -73.746294, 40.636446 ], [ -73.745636, 40.636961 ], [ -73.744805, 40.637218 ], [ -73.744223, 40.638028 ], [ -73.742731, 40.638278 ], [ -73.741218, 40.637824 ], [ -73.740965, 40.637305 ], [ -73.742049, 40.636137 ], [ -73.742555, 40.635203 ], [ -73.742042, 40.634985 ], [ -73.740005, 40.635317 ], [ -73.739475, 40.635712 ], [ -73.741259, 40.638898 ], [ -73.742274, 40.640123 ], [ -73.741427, 40.64051 ], [ -73.742052, 40.641482 ], [ -73.741663, 40.642206 ], [ -73.741438, 40.646897 ], [ -73.739046, 40.648209 ], [ -73.73674, 40.649107 ], [ -73.735199, 40.649806 ], [ -73.732014, 40.650156 ], [ -73.73045, 40.650447 ], [ -73.730824, 40.650827 ], [ -73.733084, 40.650523 ], [ -73.733006, 40.652216 ], [ -73.733937, 40.652235 ], [ -73.734022, 40.65041 ], [ -73.734968, 40.650284 ], [ -73.734913, 40.651553 ], [ -73.736803, 40.651602 ], [ -73.736842, 40.650497 ], [ -73.737381, 40.650265 ], [ -73.739376, 40.653796 ], [ -73.740193, 40.655257 ], [ -73.741532, 40.657358 ], [ -73.743, 40.657263 ], [ -73.741778, 40.655415 ], [ -73.740576, 40.653277 ], [ -73.743318, 40.653281 ], [ -73.743299, 40.655424 ], [ -73.744746, 40.655425 ], [ -73.744874, 40.656145 ], [ -73.74377, 40.656139 ], [ -73.743924, 40.657327 ], [ -73.74506, 40.657407 ], [ -73.744956, 40.65817 ], [ -73.742443, 40.660869 ], [ -73.741152, 40.662774 ], [ -73.740443, 40.66411 ], [ -73.73955, 40.665256 ], [ -73.742712, 40.665304 ], [ -73.743927, 40.66355 ], [ -73.744546, 40.663774 ], [ -73.746865, 40.660802 ], [ -73.746793, 40.658908 ], [ -73.747353, 40.659137 ], [ -73.747811, 40.65855 ], [ -73.749168, 40.659026 ], [ -73.751296, 40.655725 ], [ -73.752175, 40.656055 ], [ -73.752949, 40.654885 ], [ -73.751094, 40.654212 ], [ -73.754654, 40.649017 ] ] ], [ [ [ -73.831855, 40.663655 ], [ -73.832332, 40.663719 ], [ -73.835899, 40.663207 ], [ -73.835179, 40.665442 ], [ -73.839189, 40.666172 ], [ -73.839788, 40.666096 ], [ -73.84104, 40.664999 ], [ -73.844104, 40.664509 ], [ -73.846698, 40.663333 ], [ -73.8463, 40.661719 ], [ -73.850055, 40.661175 ], [ -73.849224, 40.657834 ], [ -73.850145, 40.657701 ], [ -73.849317, 40.65438 ], [ -73.852231, 40.653954 ], [ -73.852583, 40.655404 ], [ -73.853491, 40.655014 ], [ -73.854016, 40.657136 ], [ -73.852127, 40.657416 ], [ -73.852751, 40.659924 ], [ -73.851246, 40.660965 ], [ -73.851153, 40.661564 ], [ -73.850187, 40.662142 ], [ -73.84965, 40.662507 ], [ -73.850477, 40.662842 ], [ -73.852383, 40.662575 ], [ -73.852796, 40.66425 ], [ -73.853724, 40.664115 ], [ -73.854139, 40.665774 ], [ -73.856117, 40.665509 ], [ -73.855687, 40.663876 ], [ -73.856591, 40.663747 ], [ -73.858429, 40.663453 ], [ -73.857617, 40.660127 ], [ -73.860306, 40.659643 ], [ -73.863172, 40.658285 ], [ -73.862699, 40.657627 ], [ -73.861729, 40.658042 ], [ -73.861615, 40.657005 ], [ -73.860889, 40.656917 ], [ -73.860343, 40.657256 ], [ -73.860537, 40.658092 ], [ -73.861249, 40.658224 ], [ -73.861251, 40.658729 ], [ -73.859637, 40.658466 ], [ -73.85981, 40.657322 ], [ -73.860674, 40.656585 ], [ -73.860842, 40.65618 ], [ -73.859329, 40.654949 ], [ -73.858759, 40.65417 ], [ -73.858522, 40.653319 ], [ -73.857725, 40.652735 ], [ -73.856912, 40.652955 ], [ -73.855921, 40.651317 ], [ -73.854102, 40.650687 ], [ -73.852355, 40.650588 ], [ -73.850786, 40.651541 ], [ -73.849924, 40.651666 ], [ -73.849218, 40.651177 ], [ -73.850577, 40.65035 ], [ -73.850906, 40.649168 ], [ -73.851589, 40.649067 ], [ -73.852343, 40.647677 ], [ -73.852359, 40.646714 ], [ -73.852078, 40.646184 ], [ -73.849508, 40.644142 ], [ -73.845796, 40.64411 ], [ -73.83861, 40.645356 ], [ -73.836332, 40.645329 ], [ -73.835925, 40.645508 ], [ -73.836813, 40.649249 ], [ -73.838061, 40.654236 ], [ -73.838398, 40.655816 ], [ -73.838965, 40.657573 ], [ -73.839293, 40.659241 ], [ -73.839981, 40.661913 ], [ -73.839697, 40.662247 ], [ -73.838725, 40.662415 ], [ -73.838142, 40.662078 ], [ -73.838076, 40.661588 ], [ -73.838892, 40.661404 ], [ -73.838455, 40.65937 ], [ -73.835974, 40.649357 ], [ -73.835644, 40.648523 ], [ -73.834536, 40.648033 ], [ -73.831489, 40.647896 ], [ -73.830801, 40.648984 ], [ -73.831187, 40.650752 ], [ -73.831567, 40.651168 ], [ -73.833061, 40.656688 ], [ -73.833386, 40.65806 ], [ -73.832599, 40.657827 ], [ -73.831945, 40.65618 ], [ -73.832769, 40.656796 ], [ -73.832183, 40.654903 ], [ -73.832123, 40.654274 ], [ -73.831288, 40.653479 ], [ -73.831322, 40.652732 ], [ -73.830938, 40.651634 ], [ -73.830009, 40.650912 ], [ -73.830007, 40.650331 ], [ -73.829283, 40.649586 ], [ -73.828462, 40.649127 ], [ -73.827424, 40.648903 ], [ -73.826395, 40.648333 ], [ -73.828072, 40.655268 ], [ -73.828602, 40.657209 ], [ -73.829316, 40.658907 ], [ -73.829915, 40.659674 ], [ -73.831855, 40.663655 ] ] ], [ [ [ -73.924028, 40.714008 ], [ -73.91948, 40.713732 ], [ -73.918244, 40.714731 ], [ -73.917186, 40.71538 ], [ -73.916757, 40.716589 ], [ -73.917361, 40.717954 ], [ -73.91805, 40.717765 ], [ -73.922326, 40.716593 ], [ -73.922239, 40.716391 ], [ -73.920606, 40.716044 ], [ -73.920643, 40.715773 ], [ -73.92233, 40.716077 ], [ -73.923526, 40.715617 ], [ -73.924122, 40.715139 ], [ -73.923684, 40.714083 ], [ -73.924028, 40.714008 ] ] ], [ [ [ -73.923008, 40.72427 ], [ -73.921667, 40.724064 ], [ -73.920371, 40.723681 ], [ -73.920152, 40.724004 ], [ -73.919803, 40.725034 ], [ -73.921834, 40.725492 ], [ -73.922361, 40.725907 ], [ -73.923008, 40.72427 ] ] ], [ [ [ -73.928704, 40.727934 ], [ -73.928256, 40.728328 ], [ -73.933898, 40.729545 ], [ -73.935299, 40.729988 ], [ -73.936152, 40.73047 ], [ -73.937391, 40.731651 ], [ -73.939384, 40.734655 ], [ -73.94089, 40.736212 ], [ -73.942398, 40.737249 ], [ -73.942276, 40.737513 ], [ -73.940602, 40.738154 ], [ -73.940917, 40.738695 ], [ -73.942556, 40.739021 ], [ -73.942579, 40.738816 ], [ -73.945936, 40.737508 ], [ -73.943781, 40.736784 ], [ -73.941803, 40.735971 ], [ -73.940866, 40.735079 ], [ -73.940069, 40.73377 ], [ -73.939112, 40.731388 ], [ -73.938046, 40.730518 ], [ -73.936483, 40.729695 ], [ -73.934533, 40.729113 ], [ -73.931299, 40.728734 ], [ -73.929394, 40.728317 ], [ -73.928704, 40.727934 ] ] ], [ [ [ -73.940806, 40.740899 ], [ -73.942283, 40.741181 ], [ -73.942991, 40.73911 ], [ -73.942803, 40.739071 ], [ -73.941596, 40.739872 ], [ -73.940806, 40.740899 ] ] ], [ [ [ -73.944343, 40.738654 ], [ -73.944743, 40.739444 ], [ -73.947601, 40.74 ], [ -73.947381, 40.740697 ], [ -73.949701, 40.741114 ], [ -73.95123, 40.740708 ], [ -73.9569, 40.74179 ], [ -73.956208, 40.743872 ], [ -73.958457, 40.744316 ], [ -73.958479, 40.745038 ], [ -73.958775, 40.744556 ], [ -73.959632, 40.743935 ], [ -73.959775, 40.743505 ], [ -73.960646, 40.743393 ], [ -73.961549, 40.742 ], [ -73.961074, 40.741626 ], [ -73.961219, 40.741108 ], [ -73.961804, 40.741098 ], [ -73.96179, 40.740013 ], [ -73.962209, 40.740006 ], [ -73.96262, 40.739033 ], [ -73.962166, 40.73828 ], [ -73.960727, 40.738088 ], [ -73.957468, 40.739552 ], [ -73.954743, 40.739824 ], [ -73.9538, 40.739828 ], [ -73.951923, 40.739496 ], [ -73.950338, 40.739015 ], [ -73.947152, 40.737908 ], [ -73.945484, 40.738215 ], [ -73.944343, 40.738654 ] ] ], [ [ [ -73.954476, 40.751097 ], [ -73.954516, 40.750587 ], [ -73.955067, 40.749633 ], [ -73.95576, 40.749597 ], [ -73.956316, 40.749087 ], [ -73.954785, 40.748436 ], [ -73.953055, 40.748096 ], [ -73.953184, 40.747735 ], [ -73.954854, 40.748041 ], [ -73.956854, 40.748514 ], [ -73.956415, 40.747395 ], [ -73.95665, 40.746163 ], [ -73.955514, 40.745945 ], [ -73.955282, 40.746637 ], [ -73.952946, 40.746186 ], [ -73.952232, 40.748257 ], [ -73.952264, 40.750566 ], [ -73.954476, 40.751097 ] ] ], [ [ [ -73.755204, 40.770676 ], [ -73.754697, 40.769717 ], [ -73.754731, 40.768595 ], [ -73.755076, 40.767664 ], [ -73.754378, 40.766493 ], [ -73.753147, 40.765046 ], [ -73.753115, 40.764433 ], [ -73.754937, 40.766093 ], [ -73.756411, 40.766514 ], [ -73.757345, 40.76707 ], [ -73.75787, 40.766946 ], [ -73.758643, 40.767357 ], [ -73.75881, 40.768186 ], [ -73.759601, 40.768723 ], [ -73.761263, 40.770396 ], [ -73.763784, 40.772517 ], [ -73.764059, 40.772288 ], [ -73.761652, 40.77028 ], [ -73.76032, 40.768715 ], [ -73.759697, 40.767475 ], [ -73.758561, 40.764387 ], [ -73.75758, 40.762848 ], [ -73.756983, 40.762261 ], [ -73.755654, 40.761283 ], [ -73.754393, 40.76069 ], [ -73.751638, 40.759837 ], [ -73.749867, 40.759088 ], [ -73.748427, 40.758106 ], [ -73.747499, 40.757198 ], [ -73.746276, 40.756465 ], [ -73.744984, 40.755971 ], [ -73.743393, 40.755716 ], [ -73.742415, 40.755778 ], [ -73.741208, 40.756205 ], [ -73.74126, 40.75671 ], [ -73.742502, 40.758588 ], [ -73.743106, 40.758494 ], [ -73.743466, 40.759338 ], [ -73.744738, 40.76076 ], [ -73.745978, 40.763976 ], [ -73.746088, 40.763941 ], [ -73.746563, 40.763786 ], [ -73.74937, 40.762934 ], [ -73.750213, 40.763749 ], [ -73.747062, 40.76446 ], [ -73.74579, 40.764898 ], [ -73.745745, 40.764914 ], [ -73.746009, 40.765771 ], [ -73.74672, 40.766362 ], [ -73.748351, 40.767223 ], [ -73.749282, 40.768128 ], [ -73.748859, 40.768472 ], [ -73.749021, 40.768774 ], [ -73.750112, 40.76835 ], [ -73.750731, 40.768969 ], [ -73.75188, 40.770842 ], [ -73.753576, 40.770034 ], [ -73.754083, 40.770918 ], [ -73.755204, 40.770676 ] ] ], [ [ [ -73.849093, 40.775181 ], [ -73.849212, 40.774552 ], [ -73.848963, 40.773751 ], [ -73.849186, 40.773105 ], [ -73.849946, 40.772057 ], [ -73.848859, 40.772012 ], [ -73.848798, 40.773209 ], [ -73.848642, 40.773789 ], [ -73.848926, 40.774457 ], [ -73.848775, 40.775172 ], [ -73.849093, 40.775181 ] ] ], [ [ [ -73.745611, 40.779593 ], [ -73.746725, 40.780307 ], [ -73.747244, 40.780078 ], [ -73.746641, 40.779367 ], [ -73.745611, 40.779593 ] ] ], [ [ [ -73.753746, 40.774055 ], [ -73.75302, 40.773957 ], [ -73.753705, 40.774531 ], [ -73.75396, 40.775187 ], [ -73.75436, 40.775806 ], [ -73.754789, 40.776615 ], [ -73.754191, 40.77821 ], [ -73.75391, 40.779567 ], [ -73.753406, 40.780175 ], [ -73.752846, 40.78079 ], [ -73.75278, 40.781247 ], [ -73.751615, 40.782278 ], [ -73.750844, 40.782494 ], [ -73.750397, 40.782336 ], [ -73.749583, 40.780829 ], [ -73.751713, 40.780552 ], [ -73.75139, 40.779142 ], [ -73.748994, 40.779518 ], [ -73.748388, 40.778841 ], [ -73.747267, 40.778407 ], [ -73.746232, 40.777863 ], [ -73.745916, 40.77652 ], [ -73.745641, 40.775624 ], [ -73.745266, 40.774783 ], [ -73.745269, 40.773999 ], [ -73.74568, 40.773317 ], [ -73.745686, 40.772749 ], [ -73.745565, 40.772588 ], [ -73.745463, 40.772549 ], [ -73.745382, 40.772081 ], [ -73.745126, 40.771704 ], [ -73.744796, 40.771727 ], [ -73.743454, 40.772792 ], [ -73.742037, 40.773924 ], [ -73.742975, 40.773342 ], [ -73.743709, 40.773202 ], [ -73.743502, 40.774274 ], [ -73.743681, 40.774915 ], [ -73.744058, 40.775874 ], [ -73.742809, 40.77627 ], [ -73.743878, 40.778074 ], [ -73.74345, 40.778241 ], [ -73.744041, 40.77859 ], [ -73.74462, 40.777925 ], [ -73.745077, 40.778249 ], [ -73.745408, 40.778983 ], [ -73.746866, 40.778878 ], [ -73.748058, 40.780289 ], [ -73.748249, 40.780765 ], [ -73.748956, 40.781067 ], [ -73.750208, 40.782399 ], [ -73.750829, 40.782627 ], [ -73.75184, 40.782338 ], [ -73.752998, 40.78129 ], [ -73.753008, 40.780866 ], [ -73.75413, 40.779384 ], [ -73.754302, 40.778406 ], [ -73.754812, 40.777636 ], [ -73.755138, 40.776416 ], [ -73.754243, 40.775275 ], [ -73.753746, 40.774055 ] ] ], [ [ [ -73.895425, 40.78272 ], [ -73.896181, 40.783242 ], [ -73.898654, 40.781995 ], [ -73.89948, 40.78217 ], [ -73.901291, 40.781858 ], [ -73.902036, 40.781203 ], [ -73.902343, 40.780187 ], [ -73.904506, 40.77846 ], [ -73.903093, 40.777462 ], [ -73.900873, 40.77928 ], [ -73.900167, 40.778779 ], [ -73.895425, 40.78272 ] ] ], [ [ [ -73.889413, 40.772986 ], [ -73.889413, 40.772985 ], [ -73.88869, 40.768986 ], [ -73.889413, 40.772986 ] ] ], [ [ [ -73.888179, 40.768435 ], [ -73.887707, 40.766839 ], [ -73.886026, 40.767283 ], [ -73.884397, 40.767842 ], [ -73.882571, 40.768645 ], [ -73.878993, 40.770572 ], [ -73.877875, 40.771058 ], [ -73.876089, 40.771537 ], [ -73.87436, 40.771742 ], [ -73.872264, 40.771695 ], [ -73.870715, 40.771391 ], [ -73.868894, 40.770649 ], [ -73.867282, 40.76965 ], [ -73.865093, 40.768015 ], [ -73.862861, 40.765846 ], [ -73.859672, 40.761908 ], [ -73.860938, 40.763737 ], [ -73.862933, 40.766113 ], [ -73.864274, 40.767441 ], [ -73.865985, 40.768868 ], [ -73.868004, 40.770263 ], [ -73.870263, 40.771365 ], [ -73.871287, 40.771653 ], [ -73.873833, 40.771879 ], [ -73.875529, 40.771738 ], [ -73.878062, 40.771084 ], [ -73.87952, 40.770435 ], [ -73.882385, 40.768866 ], [ -73.884321, 40.76799 ], [ -73.887731, 40.766923 ], [ -73.888179, 40.768435 ] ] ], [ [ [ -73.837915, 40.754542 ], [ -73.836162, 40.755372 ], [ -73.833802, 40.756722 ], [ -73.834274, 40.758197 ], [ -73.835161, 40.758141 ], [ -73.835351, 40.758802 ], [ -73.834528, 40.758993 ], [ -73.834922, 40.760254 ], [ -73.835173, 40.761048 ], [ -73.835286, 40.761386 ], [ -73.835576, 40.762796 ], [ -73.836024, 40.763589 ], [ -73.837695, 40.766059 ], [ -73.839234, 40.766961 ], [ -73.841043, 40.768646 ], [ -73.842831, 40.767768 ], [ -73.842955, 40.766394 ], [ -73.844091, 40.766155 ], [ -73.845885, 40.766335 ], [ -73.847231, 40.767281 ], [ -73.847921, 40.767013 ], [ -73.847232, 40.766321 ], [ -73.846523, 40.766304 ], [ -73.845283, 40.765674 ], [ -73.843949, 40.765503 ], [ -73.842683, 40.765839 ], [ -73.840313, 40.766303 ], [ -73.838222, 40.765672 ], [ -73.837432, 40.764666 ], [ -73.836454, 40.763082 ], [ -73.836243, 40.761246 ], [ -73.837293, 40.758757 ], [ -73.837818, 40.758377 ], [ -73.838196, 40.757401 ], [ -73.838056, 40.756849 ], [ -73.838406, 40.756101 ], [ -73.837915, 40.754542 ] ] ], [ [ [ -73.839127, 40.756835 ], [ -73.839182, 40.75727 ], [ -73.838178, 40.759435 ], [ -73.838165, 40.759829 ], [ -73.837081, 40.761183 ], [ -73.837437, 40.762042 ], [ -73.837321, 40.762871 ], [ -73.837958, 40.764003 ], [ -73.838693, 40.764762 ], [ -73.839465, 40.765201 ], [ -73.840526, 40.765388 ], [ -73.842312, 40.764832 ], [ -73.842985, 40.764424 ], [ -73.843143, 40.763548 ], [ -73.844116, 40.763136 ], [ -73.846704, 40.761349 ], [ -73.845968, 40.760708 ], [ -73.843245, 40.755345 ], [ -73.84192, 40.755755 ], [ -73.839127, 40.756835 ] ] ], [ [ [ -73.915343, 40.786116 ], [ -73.915752, 40.786108 ], [ -73.916833, 40.785191 ], [ -73.917171, 40.784194 ], [ -73.918189, 40.783933 ], [ -73.91909, 40.783368 ], [ -73.9221, 40.780852 ], [ -73.922957, 40.780441 ], [ -73.924234, 40.779101 ], [ -73.924873, 40.778626 ], [ -73.926318, 40.778242 ], [ -73.928605, 40.776593 ], [ -73.929881, 40.776222 ], [ -73.930629, 40.776591 ], [ -73.931052, 40.777443 ], [ -73.931788, 40.777871 ], [ -73.933811, 40.778101 ], [ -73.935082, 40.777944 ], [ -73.93638, 40.776922 ], [ -73.937655, 40.775086 ], [ -73.937858, 40.774088 ], [ -73.937468, 40.77254 ], [ -73.934808, 40.771742 ], [ -73.935146, 40.770549 ], [ -73.934696, 40.770434 ], [ -73.93524, 40.769679 ], [ -73.936169, 40.769516 ], [ -73.936815, 40.768904 ], [ -73.937958, 40.768785 ], [ -73.935932, 40.767784 ], [ -73.935771, 40.76905 ], [ -73.934475, 40.770412 ], [ -73.934015, 40.771697 ], [ -73.933299, 40.771997 ], [ -73.932685, 40.7727 ], [ -73.932344, 40.773282 ], [ -73.931817, 40.774214 ], [ -73.933388, 40.774712 ], [ -73.932617, 40.776159 ], [ -73.930258, 40.775482 ], [ -73.929967, 40.776051 ], [ -73.927846, 40.776727 ], [ -73.926158, 40.778165 ], [ -73.925662, 40.778294 ], [ -73.924247, 40.778818 ], [ -73.919088, 40.783061 ], [ -73.918279, 40.783575 ], [ -73.917502, 40.783764 ], [ -73.916565, 40.784493 ], [ -73.915236, 40.786039 ], [ -73.915343, 40.786116 ] ] ], [ [ [ -73.848992, 40.778067 ], [ -73.84884, 40.778601 ], [ -73.84858, 40.783218 ], [ -73.848535, 40.784105 ], [ -73.849423, 40.784072 ], [ -73.853163, 40.783936 ], [ -73.85497, 40.783871 ], [ -73.85501, 40.784555 ], [ -73.855911, 40.78452 ], [ -73.85681, 40.784485 ], [ -73.856888, 40.785597 ], [ -73.855987, 40.785632 ], [ -73.856041, 40.786326 ], [ -73.856982, 40.786652 ], [ -73.858157, 40.787035 ], [ -73.859123, 40.785733 ], [ -73.857977, 40.784672 ], [ -73.858085, 40.783732 ], [ -73.857281, 40.783369 ], [ -73.855451, 40.783143 ], [ -73.855389, 40.782081 ], [ -73.854856, 40.781948 ], [ -73.853225, 40.782069 ], [ -73.853151, 40.782332 ], [ -73.851232, 40.782411 ], [ -73.849525, 40.782365 ], [ -73.849845, 40.781593 ], [ -73.849782, 40.780604 ], [ -73.849488, 40.78008 ], [ -73.849844, 40.779776 ], [ -73.849397, 40.778205 ], [ -73.848992, 40.778067 ] ] ], [ [ [ -73.794311, 40.793664 ], [ -73.795598, 40.7938 ], [ -73.795757, 40.792812 ], [ -73.797212, 40.792926 ], [ -73.796782, 40.792108 ], [ -73.796247, 40.792209 ], [ -73.795913, 40.791514 ], [ -73.794944, 40.791751 ], [ -73.794643, 40.793114 ], [ -73.794311, 40.793664 ] ] ], [ [ [ -73.836634, 40.792517 ], [ -73.838401, 40.796755 ], [ -73.839037, 40.797053 ], [ -73.8406, 40.796807 ], [ -73.841905, 40.795622 ], [ -73.842892, 40.795393 ], [ -73.843433, 40.794948 ], [ -73.844514, 40.794882 ], [ -73.845605, 40.795855 ], [ -73.846323, 40.796164 ], [ -73.845394, 40.794305 ], [ -73.844807, 40.794297 ], [ -73.843822, 40.794268 ], [ -73.843345, 40.794261 ], [ -73.842696, 40.79398 ], [ -73.842552, 40.793481 ], [ -73.842619, 40.792561 ], [ -73.841695, 40.792533 ], [ -73.840761, 40.7925 ], [ -73.840678, 40.793908 ], [ -73.839223, 40.793043 ], [ -73.838181, 40.792748 ], [ -73.836634, 40.792517 ] ] ], [ [ [ -73.806265, 40.796395 ], [ -73.808793, 40.796796 ], [ -73.810199, 40.797164 ], [ -73.811608, 40.797372 ], [ -73.811778, 40.796002 ], [ -73.810562, 40.796301 ], [ -73.810451, 40.795332 ], [ -73.809986, 40.79536 ], [ -73.808346, 40.795359 ], [ -73.80839, 40.794969 ], [ -73.806902, 40.794702 ], [ -73.806315, 40.79525 ], [ -73.806265, 40.796395 ] ] ], [ [ [ -73.82076, 40.615241 ], [ -73.821417, 40.615063 ], [ -73.822351, 40.614268 ], [ -73.823997, 40.612525 ], [ -73.824005, 40.61164 ], [ -73.823196, 40.610946 ], [ -73.822894, 40.610345 ], [ -73.822098, 40.610166 ], [ -73.821384, 40.608554 ], [ -73.82086, 40.609239 ], [ -73.820489, 40.610231 ], [ -73.821205, 40.610896 ], [ -73.820991, 40.611699 ], [ -73.820455, 40.611863 ], [ -73.819618, 40.610479 ], [ -73.820032, 40.608924 ], [ -73.820904, 40.607782 ], [ -73.821265, 40.607003 ], [ -73.82236, 40.606469 ], [ -73.8229, 40.605856 ], [ -73.822468, 40.605525 ], [ -73.822781, 40.604535 ], [ -73.822945, 40.602583 ], [ -73.823616, 40.602287 ], [ -73.82354, 40.601559 ], [ -73.824452, 40.600797 ], [ -73.824435, 40.600353 ], [ -73.821722, 40.600134 ], [ -73.821944, 40.599801 ], [ -73.823766, 40.60004 ], [ -73.824217, 40.599081 ], [ -73.824317, 40.598313 ], [ -73.824742, 40.598134 ], [ -73.825679, 40.598682 ], [ -73.82608, 40.599449 ], [ -73.828062, 40.59768 ], [ -73.829098, 40.597764 ], [ -73.829483, 40.598134 ], [ -73.83076, 40.597446 ], [ -73.831541, 40.597951 ], [ -73.832394, 40.597803 ], [ -73.834201, 40.596657 ], [ -73.834847, 40.595544 ], [ -73.834723, 40.595064 ], [ -73.833737, 40.594364 ], [ -73.833219, 40.594226 ], [ -73.831315, 40.594489 ], [ -73.827254, 40.594777 ], [ -73.825479, 40.595089 ], [ -73.824137, 40.594641 ], [ -73.821202, 40.59472 ], [ -73.820674, 40.595204 ], [ -73.820527, 40.596206 ], [ -73.820158, 40.596882 ], [ -73.819283, 40.597538 ], [ -73.818492, 40.599398 ], [ -73.818313, 40.601348 ], [ -73.817722, 40.602233 ], [ -73.817255, 40.603948 ], [ -73.817393, 40.605166 ], [ -73.816427, 40.605232 ], [ -73.816009, 40.606203 ], [ -73.815229, 40.607058 ], [ -73.814764, 40.608472 ], [ -73.815209, 40.609825 ], [ -73.8145, 40.610744 ], [ -73.815599, 40.610673 ], [ -73.816028, 40.612374 ], [ -73.81572, 40.613281 ], [ -73.814799, 40.613201 ], [ -73.815497, 40.614048 ], [ -73.81657, 40.614537 ], [ -73.8175, 40.614222 ], [ -73.820175, 40.615189 ], [ -73.82076, 40.615241 ] ] ], [ [ [ -73.857221, 40.650288 ], [ -73.856963, 40.650594 ], [ -73.85732, 40.651238 ], [ -73.857834, 40.651558 ], [ -73.85898, 40.652676 ], [ -73.859411, 40.653866 ], [ -73.860455, 40.655067 ], [ -73.86087, 40.655086 ], [ -73.857221, 40.650288 ] ] ] ] } },
{ "type": "Feature", "properties": { "zone": 2 }, "geometry": { "type": "MultiPolygon", "coordinates": [ [ [ [ -73.743, 40.657263 ], [ -73.743558, 40.658046 ], [ -73.744956, 40.65817 ], [ -73.74506, 40.657407 ], [ -73.743924, 40.657327 ], [ -73.74377, 40.656139 ], [ -73.744874, 40.656145 ], [ -73.744746, 40.655425 ], [ -73.743299, 40.655424 ], [ -73.743318, 40.653281 ], [ -73.740576, 40.653277 ], [ -73.741778, 40.655415 ], [ -73.743, 40.657263 ] ] ], [ [ [ -73.728617, 40.658266 ], [ -73.726953, 40.658178 ], [ -73.727254, 40.658972 ], [ -73.728617, 40.658266 ] ] ], [ [ [ -73.727592, 40.656306 ], [ -73.733021, 40.656467 ], [ -73.732985, 40.657528 ], [ -73.735356, 40.657584 ], [ -73.735657, 40.657888 ], [ -73.73981, 40.659712 ], [ -73.740281, 40.659094 ], [ -73.740748, 40.658476 ], [ -73.739937, 40.658117 ], [ -73.740488, 40.657384 ], [ -73.741532, 40.657358 ], [ -73.740193, 40.655257 ], [ -73.739376, 40.653796 ], [ -73.737381, 40.650265 ], [ -73.736842, 40.650497 ], [ -73.736803, 40.651602 ], [ -73.734913, 40.651553 ], [ -73.734968, 40.650284 ], [ -73.734022, 40.65041 ], [ -73.733937, 40.652235 ], [ -73.733006, 40.652216 ], [ -73.733084, 40.650523 ], [ -73.730824, 40.650827 ], [ -73.73045, 40.650447 ], [ -73.726543, 40.651735 ], [ -73.726789, 40.652073 ], [ -73.726488, 40.652785 ], [ -73.729733, 40.65287 ], [ -73.729668, 40.654297 ], [ -73.726622, 40.654212 ], [ -73.726386, 40.654919 ], [ -73.727592, 40.656306 ] ] ], [ [ [ -73.749168, 40.659026 ], [ -73.750043, 40.659355 ], [ -73.751009, 40.657859 ], [ -73.752989, 40.658087 ], [ -73.751753, 40.660003 ], [ -73.7526, 40.660325 ], [ -73.753296, 40.65923 ], [ -73.75498, 40.659858 ], [ -73.755735, 40.658688 ], [ -73.756597, 40.658912 ], [ -73.757215, 40.657948 ], [ -73.756407, 40.657638 ], [ -73.75681, 40.657093 ], [ -73.756066, 40.656487 ], [ -73.753719, 40.655365 ], [ -73.752949, 40.654885 ], [ -73.752175, 40.656055 ], [ -73.751296, 40.655725 ], [ -73.749168, 40.659026 ] ] ], [ [ [ -73.749168, 40.659026 ], [ -73.747811, 40.65855 ], [ -73.747353, 40.659137 ], [ -73.746793, 40.658908 ], [ -73.746865, 40.660802 ], [ -73.747191, 40.66046 ], [ -73.748038, 40.660777 ], [ -73.749168, 40.659026 ] ] ], [ [ [ -73.726444, 40.659162 ], [ -73.727931, 40.661749 ], [ -73.728153, 40.662454 ], [ -73.728959, 40.662248 ], [ -73.728555, 40.660979 ], [ -73.727254, 40.658972 ], [ -73.726444, 40.659162 ] ] ], [ [ [ -73.858429, 40.663453 ], [ -73.856591, 40.663747 ], [ -73.856593, 40.663755 ], [ -73.858429, 40.663453 ] ] ], [ [ [ -73.828602, 40.657209 ], [ -73.828072, 40.655268 ], [ -73.826395, 40.648333 ], [ -73.828073, 40.655276 ], [ -73.828602, 40.657209 ] ] ], [ [ [ -73.773841, 40.659657 ], [ -73.774849, 40.660149 ], [ -73.776709, 40.660706 ], [ -73.778721, 40.661597 ], [ -73.776906, 40.66068 ], [ -73.775102, 40.660161 ], [ -73.773841, 40.659657 ] ] ], [ [ [ -73.77932, 40.661836 ], [ -73.780755, 40.662407 ], [ -73.783218, 40.663166 ], [ -73.785011, 40.663426 ], [ -73.783418, 40.663091 ], [ -73.781243, 40.662479 ], [ -73.77932, 40.661836 ] ] ], [ [ [ -73.822959, 40.663868 ], [ -73.82275, 40.66454 ], [ -73.82263, 40.664918 ], [ -73.829513, 40.665332 ], [ -73.831804, 40.66559 ], [ -73.834877, 40.666397 ], [ -73.836039, 40.666848 ], [ -73.839969, 40.667998 ], [ -73.842272, 40.668736 ], [ -73.842032, 40.667895 ], [ -73.843752, 40.667447 ], [ -73.845012, 40.667275 ], [ -73.845407, 40.667934 ], [ -73.846017, 40.668248 ], [ -73.846331, 40.669555 ], [ -73.851124, 40.671079 ], [ -73.855251, 40.670457 ], [ -73.856289, 40.670404 ], [ -73.857114, 40.673575 ], [ -73.85786, 40.673281 ], [ -73.86094, 40.674361 ], [ -73.861143, 40.67433 ], [ -73.860387, 40.67126 ], [ -73.857635, 40.671664 ], [ -73.856848, 40.668611 ], [ -73.856117, 40.665509 ], [ -73.854139, 40.665774 ], [ -73.853724, 40.664115 ], [ -73.852796, 40.66425 ], [ -73.852383, 40.662575 ], [ -73.850477, 40.662842 ], [ -73.84965, 40.662507 ], [ -73.850187, 40.662142 ], [ -73.851153, 40.661564 ], [ -73.851246, 40.660965 ], [ -73.852751, 40.659924 ], [ -73.852127, 40.657416 ], [ -73.854016, 40.657136 ], [ -73.853491, 40.655014 ], [ -73.852583, 40.655404 ], [ -73.852231, 40.653954 ], [ -73.849317, 40.65438 ], [ -73.850145, 40.657701 ], [ -73.849224, 40.657834 ], [ -73.850055, 40.661175 ], [ -73.8463, 40.661719 ], [ -73.846698, 40.663333 ], [ -73.844104, 40.664509 ], [ -73.84104, 40.664999 ], [ -73.839788, 40.666096 ], [ -73.839189, 40.666172 ], [ -73.835179, 40.665442 ], [ -73.835899, 40.663207 ], [ -73.832332, 40.663719 ], [ -73.831855, 40.663655 ], [ -73.832707, 40.665414 ], [ -73.829102, 40.664259 ], [ -73.826875, 40.663712 ], [ -73.825714, 40.663601 ], [ -73.823054, 40.663562 ], [ -73.822959, 40.663868 ] ] ], [ [ [ -73.922232, 40.712855 ], [ -73.921229, 40.712255 ], [ -73.919981, 40.713314 ], [ -73.91948, 40.713732 ], [ -73.924028, 40.714008 ], [ -73.922232, 40.712855 ] ] ], [ [ [ -73.922326, 40.716593 ], [ -73.91805, 40.717765 ], [ -73.918042, 40.718007 ], [ -73.916775, 40.720824 ], [ -73.916555, 40.722006 ], [ -73.917893, 40.722271 ], [ -73.919039, 40.722525 ], [ -73.919801, 40.720485 ], [ -73.922126, 40.720886 ], [ -73.921681, 40.722036 ], [ -73.922509, 40.722245 ], [ -73.924906, 40.721961 ], [ -73.924256, 40.721451 ], [ -73.923856, 40.720215 ], [ -73.923934, 40.719038 ], [ -73.923465, 40.718136 ], [ -73.922796, 40.717543 ], [ -73.922326, 40.716593 ] ] ], [ [ [ -73.923008, 40.72427 ], [ -73.922361, 40.725907 ], [ -73.921834, 40.725492 ], [ -73.919803, 40.725034 ], [ -73.920152, 40.724004 ], [ -73.917452, 40.723482 ], [ -73.917126, 40.724223 ], [ -73.916985, 40.725293 ], [ -73.918488, 40.725771 ], [ -73.919473, 40.725946 ], [ -73.922302, 40.726281 ], [ -73.925261, 40.727529 ], [ -73.926528, 40.727955 ], [ -73.928256, 40.728328 ], [ -73.928704, 40.727934 ], [ -73.927219, 40.726469 ], [ -73.926558, 40.725677 ], [ -73.925303, 40.724741 ], [ -73.924194, 40.724284 ], [ -73.923008, 40.72427 ] ] ], [ [ [ -73.832297, 40.75195 ], [ -73.832391, 40.752317 ], [ -73.83282, 40.753721 ], [ -73.833803, 40.753545 ], [ -73.835379, 40.754276 ], [ -73.835833, 40.754203 ], [ -73.836162, 40.755372 ], [ -73.837915, 40.754542 ], [ -73.837434, 40.754112 ], [ -73.836485, 40.752821 ], [ -73.835593, 40.751385 ], [ -73.832297, 40.75195 ] ] ], [ [ [ -73.940806, 40.740899 ], [ -73.939659, 40.742732 ], [ -73.939109, 40.742617 ], [ -73.940282, 40.740799 ], [ -73.940362, 40.740335 ], [ -73.941462, 40.739249 ], [ -73.942556, 40.739021 ], [ -73.940917, 40.738695 ], [ -73.940602, 40.738154 ], [ -73.942276, 40.737513 ], [ -73.942398, 40.737249 ], [ -73.94089, 40.736212 ], [ -73.939384, 40.734655 ], [ -73.937391, 40.731651 ], [ -73.936152, 40.73047 ], [ -73.935299, 40.729988 ], [ -73.93431, 40.731033 ], [ -73.93546, 40.731808 ], [ -73.93742, 40.733762 ], [ -73.938015, 40.734315 ], [ -73.938559, 40.734958 ], [ -73.936971, 40.735529 ], [ -73.936758, 40.735724 ], [ -73.937111, 40.736294 ], [ -73.93752, 40.736923 ], [ -73.936033, 40.737486 ], [ -73.936269, 40.737839 ], [ -73.937752, 40.738052 ], [ -73.937091, 40.741349 ], [ -73.938019, 40.741455 ], [ -73.937651, 40.743305 ], [ -73.93857, 40.74342 ], [ -73.938258, 40.745068 ], [ -73.937697, 40.745239 ], [ -73.9344, 40.746035 ], [ -73.935561, 40.747158 ], [ -73.936637, 40.748204 ], [ -73.93882, 40.746559 ], [ -73.939737, 40.748066 ], [ -73.940667, 40.747725 ], [ -73.942382, 40.747122 ], [ -73.94171, 40.746134 ], [ -73.94274, 40.746355 ], [ -73.943681, 40.745985 ], [ -73.944019, 40.746479 ], [ -73.945529, 40.746223 ], [ -73.947837, 40.74667 ], [ -73.947606, 40.747359 ], [ -73.947355, 40.748107 ], [ -73.949628, 40.74854 ], [ -73.949416, 40.749298 ], [ -73.949178, 40.749988 ], [ -73.95051, 40.750247 ], [ -73.949467, 40.751456 ], [ -73.950895, 40.752442 ], [ -73.947979, 40.755832 ], [ -73.944167, 40.759308 ], [ -73.943304, 40.760658 ], [ -73.942472, 40.761994 ], [ -73.944715, 40.762879 ], [ -73.951314, 40.75458 ], [ -73.95293, 40.752764 ], [ -73.954499, 40.751226 ], [ -73.954476, 40.751097 ], [ -73.952264, 40.750566 ], [ -73.952232, 40.748257 ], [ -73.952946, 40.746186 ], [ -73.955282, 40.746637 ], [ -73.955514, 40.745945 ], [ -73.95665, 40.746163 ], [ -73.956415, 40.747395 ], [ -73.956854, 40.748514 ], [ -73.954854, 40.748041 ], [ -73.957041, 40.74892 ], [ -73.958448, 40.747105 ], [ -73.959139, 40.746008 ], [ -73.959261, 40.745329 ], [ -73.958479, 40.745038 ], [ -73.958457, 40.744316 ], [ -73.956208, 40.743872 ], [ -73.9569, 40.74179 ], [ -73.95123, 40.740708 ], [ -73.949701, 40.741114 ], [ -73.947381, 40.740697 ], [ -73.947601, 40.74 ], [ -73.944743, 40.739444 ], [ -73.944343, 40.738654 ], [ -73.942803, 40.739071 ], [ -73.942991, 40.73911 ], [ -73.942283, 40.741181 ], [ -73.940806, 40.740899 ] ] ], [ [ [ -73.746563, 40.763786 ], [ -73.747062, 40.76446 ], [ -73.750213, 40.763749 ], [ -73.74937, 40.762934 ], [ -73.746563, 40.763786 ] ] ], [ [ [ -73.937958, 40.768785 ], [ -73.938955, 40.767958 ], [ -73.939366, 40.76816 ], [ -73.940463, 40.767531 ], [ -73.938461, 40.766768 ], [ -73.93942, 40.765215 ], [ -73.938603, 40.764921 ], [ -73.937796, 40.764616 ], [ -73.93682, 40.766183 ], [ -73.936005, 40.765885 ], [ -73.935506, 40.766437 ], [ -73.935062, 40.765793 ], [ -73.932796, 40.764924 ], [ -73.932252, 40.765534 ], [ -73.930366, 40.764491 ], [ -73.92915, 40.765983 ], [ -73.930386, 40.766666 ], [ -73.928471, 40.76906 ], [ -73.930566, 40.770044 ], [ -73.929905, 40.770862 ], [ -73.931278, 40.771516 ], [ -73.933071, 40.771387 ], [ -73.933299, 40.771997 ], [ -73.934015, 40.771697 ], [ -73.934475, 40.770412 ], [ -73.935771, 40.76905 ], [ -73.935932, 40.767784 ], [ -73.937958, 40.768785 ] ] ], [ [ [ -73.755204, 40.770676 ], [ -73.754083, 40.770918 ], [ -73.753576, 40.770034 ], [ -73.75188, 40.770842 ], [ -73.750487, 40.771502 ], [ -73.751231, 40.771934 ], [ -73.752399, 40.77151 ], [ -73.752811, 40.772124 ], [ -73.751916, 40.772448 ], [ -73.752193, 40.773374 ], [ -73.753367, 40.773208 ], [ -73.75364, 40.772632 ], [ -73.754381, 40.772041 ], [ -73.755573, 40.771529 ], [ -73.755204, 40.770676 ] ] ], [ [ [ -73.743681, 40.774915 ], [ -73.742774, 40.775118 ], [ -73.742717, 40.776113 ], [ -73.74152, 40.777102 ], [ -73.74345, 40.778241 ], [ -73.743878, 40.778074 ], [ -73.742809, 40.77627 ], [ -73.744058, 40.775874 ], [ -73.743681, 40.774915 ] ] ], [ [ [ -73.900167, 40.778779 ], [ -73.900873, 40.77928 ], [ -73.903093, 40.777462 ], [ -73.902386, 40.776965 ], [ -73.900167, 40.778779 ] ] ], [ [ [ -73.763784, 40.772517 ], [ -73.765104, 40.773799 ], [ -73.765728, 40.774603 ], [ -73.766328, 40.775843 ], [ -73.767001, 40.776695 ], [ -73.768078, 40.779252 ], [ -73.768543, 40.779115 ], [ -73.768325, 40.778685 ], [ -73.766894, 40.775773 ], [ -73.765381, 40.773606 ], [ -73.764059, 40.772288 ], [ -73.763784, 40.772517 ] ] ], [ [ [ -73.747267, 40.778407 ], [ -73.748388, 40.778841 ], [ -73.748994, 40.779518 ], [ -73.75139, 40.779142 ], [ -73.750209, 40.777916 ], [ -73.747267, 40.778407 ] ] ], [ [ [ -73.892523, 40.777405 ], [ -73.891198, 40.778571 ], [ -73.891669, 40.779493 ], [ -73.892536, 40.779779 ], [ -73.891593, 40.780589 ], [ -73.892279, 40.7813 ], [ -73.893838, 40.782392 ], [ -73.89478, 40.782258 ], [ -73.895425, 40.78272 ], [ -73.900167, 40.778779 ], [ -73.89728, 40.776753 ], [ -73.894945, 40.778659 ], [ -73.89286, 40.777159 ], [ -73.892523, 40.777405 ] ] ], [ [ [ -73.848992, 40.778067 ], [ -73.84902, 40.777004 ], [ -73.84801, 40.776964 ], [ -73.847934, 40.778604 ], [ -73.847763, 40.781683 ], [ -73.847677, 40.783219 ], [ -73.84858, 40.783218 ], [ -73.84884, 40.778601 ], [ -73.848992, 40.778067 ] ] ], [ [ [ -73.849423, 40.784072 ], [ -73.849466, 40.784757 ], [ -73.851234, 40.784693 ], [ -73.853206, 40.784623 ], [ -73.853163, 40.783936 ], [ -73.849423, 40.784072 ] ] ], [ [ [ -73.847921, 40.767013 ], [ -73.847231, 40.767281 ], [ -73.845885, 40.766335 ], [ -73.844091, 40.766155 ], [ -73.842955, 40.766394 ], [ -73.842831, 40.767768 ], [ -73.841043, 40.768646 ], [ -73.839234, 40.766961 ], [ -73.837695, 40.766059 ], [ -73.836024, 40.763589 ], [ -73.835576, 40.762796 ], [ -73.835286, 40.761386 ], [ -73.834636, 40.762147 ], [ -73.834336, 40.762747 ], [ -73.834867, 40.762767 ], [ -73.835063, 40.763747 ], [ -73.83335, 40.764084 ], [ -73.833419, 40.766577 ], [ -73.832714, 40.766745 ], [ -73.83434, 40.770788 ], [ -73.832099, 40.772104 ], [ -73.830867, 40.77296 ], [ -73.83, 40.773732 ], [ -73.829083, 40.774794 ], [ -73.8279, 40.776682 ], [ -73.826079, 40.779853 ], [ -73.825137, 40.7817 ], [ -73.826785, 40.781668 ], [ -73.826903, 40.784648 ], [ -73.828806, 40.784649 ], [ -73.829622, 40.784638 ], [ -73.83065, 40.784965 ], [ -73.832573, 40.785105 ], [ -73.833451, 40.785004 ], [ -73.833633, 40.785452 ], [ -73.836335, 40.785591 ], [ -73.836334, 40.784632 ], [ -73.836694, 40.78165 ], [ -73.838699, 40.781677 ], [ -73.838862, 40.778617 ], [ -73.836358, 40.778613 ], [ -73.833956, 40.772702 ], [ -73.840994, 40.772901 ], [ -73.845526, 40.773095 ], [ -73.848798, 40.773209 ], [ -73.848859, 40.772012 ], [ -73.849946, 40.772057 ], [ -73.84934, 40.771196 ], [ -73.848594, 40.770624 ], [ -73.848462, 40.769779 ], [ -73.848995, 40.769151 ], [ -73.848177, 40.768354 ], [ -73.848567, 40.768091 ], [ -73.847921, 40.767013 ] ] ], [ [ [ -73.855987, 40.785632 ], [ -73.856888, 40.785597 ], [ -73.85681, 40.784485 ], [ -73.855911, 40.78452 ], [ -73.855987, 40.785632 ] ] ], [ [ [ -73.855229, 40.787741 ], [ -73.85595, 40.787684 ], [ -73.856192, 40.787161 ], [ -73.856982, 40.786652 ], [ -73.856041, 40.786326 ], [ -73.85514, 40.786361 ], [ -73.855229, 40.787741 ] ] ], [ [ [ -73.831269, 40.788231 ], [ -73.833095, 40.787834 ], [ -73.832754, 40.786108 ], [ -73.830909, 40.786246 ], [ -73.83113, 40.787437 ], [ -73.831269, 40.788231 ] ] ], [ [ [ -73.902343, 40.780187 ], [ -73.902677, 40.780353 ], [ -73.902173, 40.781798 ], [ -73.901147, 40.782719 ], [ -73.898858, 40.782813 ], [ -73.895834, 40.785227 ], [ -73.89694, 40.786625 ], [ -73.899616, 40.788401 ], [ -73.900326, 40.789008 ], [ -73.901697, 40.78932 ], [ -73.906473, 40.790181 ], [ -73.90678, 40.790375 ], [ -73.909859, 40.790946 ], [ -73.910222, 40.790465 ], [ -73.91223, 40.789179 ], [ -73.9126, 40.789376 ], [ -73.91424, 40.787856 ], [ -73.915583, 40.786434 ], [ -73.915343, 40.786116 ], [ -73.915236, 40.786039 ], [ -73.913807, 40.785026 ], [ -73.913508, 40.784816 ], [ -73.909852, 40.787946 ], [ -73.909851, 40.788152 ], [ -73.908692, 40.789098 ], [ -73.906905, 40.787643 ], [ -73.904189, 40.785692 ], [ -73.904005, 40.78543 ], [ -73.902197, 40.783987 ], [ -73.9042, 40.78232 ], [ -73.904494, 40.782038 ], [ -73.904505, 40.781222 ], [ -73.906303, 40.779728 ], [ -73.904506, 40.77846 ], [ -73.902343, 40.780187 ] ] ], [ [ [ -73.793771, 40.789098 ], [ -73.794944, 40.791751 ], [ -73.795913, 40.791514 ], [ -73.79561, 40.790338 ], [ -73.795435, 40.789635 ], [ -73.795258, 40.788936 ], [ -73.794005, 40.789104 ], [ -73.793771, 40.789098 ] ] ], [ [ [ -73.8304, 40.791631 ], [ -73.830992, 40.791568 ], [ -73.831743, 40.791006 ], [ -73.832142, 40.790081 ], [ -73.831885, 40.789362 ], [ -73.831445, 40.789171 ], [ -73.831269, 40.788231 ], [ -73.829094, 40.788559 ], [ -73.828921, 40.787682 ], [ -73.828457, 40.787736 ], [ -73.825842, 40.788042 ], [ -73.825338, 40.786694 ], [ -73.824451, 40.78673 ], [ -73.82441, 40.787485 ], [ -73.82518, 40.789119 ], [ -73.823672, 40.789447 ], [ -73.823905, 40.7908 ], [ -73.825878, 40.790695 ], [ -73.827692, 40.790312 ], [ -73.828956, 40.789682 ], [ -73.829365, 40.790246 ], [ -73.828148, 40.791027 ], [ -73.827224, 40.791411 ], [ -73.82725, 40.792534 ], [ -73.828423, 40.792044 ], [ -73.829279, 40.791419 ], [ -73.829979, 40.79117 ], [ -73.8304, 40.791631 ] ] ], [ [ [ -73.836634, 40.792517 ], [ -73.838181, 40.792748 ], [ -73.839223, 40.793043 ], [ -73.840678, 40.793908 ], [ -73.840761, 40.7925 ], [ -73.839832, 40.792458 ], [ -73.839874, 40.791471 ], [ -73.838957, 40.791438 ], [ -73.839005, 40.790617 ], [ -73.838105, 40.790581 ], [ -73.838169, 40.789182 ], [ -73.838244, 40.787786 ], [ -73.83735, 40.787759 ], [ -73.837024, 40.789568 ], [ -73.83737, 40.789798 ], [ -73.837513, 40.791036 ], [ -73.836617, 40.791771 ], [ -73.836634, 40.792517 ] ] ], [ [ [ -73.795913, 40.791514 ], [ -73.796247, 40.792209 ], [ -73.796782, 40.792108 ], [ -73.797212, 40.792926 ], [ -73.795757, 40.792812 ], [ -73.795598, 40.7938 ], [ -73.797491, 40.793971 ], [ -73.797621, 40.792958 ], [ -73.798017, 40.791822 ], [ -73.797817, 40.791324 ], [ -73.796827, 40.791346 ], [ -73.795913, 40.791514 ] ] ], [ [ [ -73.848901, 40.793435 ], [ -73.849337, 40.793372 ], [ -73.852766, 40.794389 ], [ -73.853741, 40.79384 ], [ -73.853745, 40.792302 ], [ -73.852682, 40.791297 ], [ -73.852689, 40.791055 ], [ -73.854452, 40.790274 ], [ -73.854526, 40.78986 ], [ -73.851668, 40.790001 ], [ -73.851814, 40.789256 ], [ -73.850637, 40.7893 ], [ -73.85068, 40.790024 ], [ -73.850698, 40.790375 ], [ -73.851543, 40.791515 ], [ -73.85074, 40.791858 ], [ -73.85043, 40.791436 ], [ -73.847915, 40.791734 ], [ -73.848901, 40.793435 ] ] ], [ [ [ -73.828633, 40.7957 ], [ -73.827794, 40.796098 ], [ -73.829102, 40.796413 ], [ -73.828633, 40.7957 ] ] ], [ [ [ -73.77061, 40.78208 ], [ -73.771607, 40.782996 ], [ -73.774076, 40.785917 ], [ -73.774265, 40.786651 ], [ -73.771739, 40.787472 ], [ -73.770825, 40.787991 ], [ -73.770634, 40.788467 ], [ -73.772103, 40.79013 ], [ -73.772363, 40.791538 ], [ -73.773632, 40.79275 ], [ -73.774032, 40.794057 ], [ -73.774718, 40.79486 ], [ -73.776179, 40.796096 ], [ -73.776871, 40.796445 ], [ -73.778271, 40.796725 ], [ -73.779433, 40.796662 ], [ -73.779898, 40.796238 ], [ -73.781542, 40.79566 ], [ -73.781811, 40.79481 ], [ -73.781007, 40.794393 ], [ -73.7807, 40.793649 ], [ -73.781078, 40.791677 ], [ -73.781747, 40.791133 ], [ -73.782524, 40.791361 ], [ -73.783838, 40.790641 ], [ -73.785681, 40.790341 ], [ -73.790282, 40.790317 ], [ -73.791793, 40.789352 ], [ -73.791564, 40.789103 ], [ -73.790267, 40.790093 ], [ -73.78974, 40.790219 ], [ -73.787527, 40.790128 ], [ -73.785035, 40.790262 ], [ -73.783588, 40.790534 ], [ -73.782292, 40.79119 ], [ -73.781526, 40.790912 ], [ -73.782118, 40.789427 ], [ -73.78011, 40.789057 ], [ -73.777988, 40.788329 ], [ -73.776603, 40.787583 ], [ -73.774819, 40.78614 ], [ -73.773707, 40.784876 ], [ -73.774432, 40.784629 ], [ -73.774048, 40.784037 ], [ -73.774079, 40.783499 ], [ -73.773593, 40.782837 ], [ -73.774073, 40.782341 ], [ -73.773649, 40.781419 ], [ -73.772964, 40.781357 ], [ -73.772669, 40.780948 ], [ -73.77061, 40.78208 ] ], [ [ -73.774373, 40.793713 ], [ -73.773709, 40.792296 ], [ -73.773, 40.791755 ], [ -73.772645, 40.791016 ], [ -73.773015, 40.790201 ], [ -73.771678, 40.788801 ], [ -73.772439, 40.788393 ], [ -73.773251, 40.789194 ], [ -73.774403, 40.789069 ], [ -73.775489, 40.789258 ], [ -73.778066, 40.790446 ], [ -73.780145, 40.79104 ], [ -73.780917, 40.791471 ], [ -73.77999, 40.792978 ], [ -73.779625, 40.793037 ], [ -73.779768, 40.793984 ], [ -73.778702, 40.794175 ], [ -73.779327, 40.794959 ], [ -73.776283, 40.79572 ], [ -73.774782, 40.794416 ], [ -73.774373, 40.793713 ] ] ], [ [ [ -73.883626, 40.79568 ], [ -73.886486, 40.797935 ], [ -73.887187, 40.7983 ], [ -73.888234, 40.798243 ], [ -73.889213, 40.797801 ], [ -73.890608, 40.797768 ], [ -73.891793, 40.796775 ], [ -73.892618, 40.793841 ], [ -73.892823, 40.792819 ], [ -73.892183, 40.790403 ], [ -73.891607, 40.790169 ], [ -73.890571, 40.790116 ], [ -73.890128, 40.789645 ], [ -73.889406, 40.7878 ], [ -73.888309, 40.787015 ], [ -73.886923, 40.786741 ], [ -73.885963, 40.786761 ], [ -73.878308, 40.785365 ], [ -73.876774, 40.785809 ], [ -73.875349, 40.785883 ], [ -73.873691, 40.785763 ], [ -73.872983, 40.785903 ], [ -73.871632, 40.786806 ], [ -73.87081, 40.787905 ], [ -73.871197, 40.79 ], [ -73.871682, 40.790595 ], [ -73.872885, 40.791452 ], [ -73.874918, 40.792303 ], [ -73.875845, 40.793158 ], [ -73.877894, 40.794319 ], [ -73.879758, 40.794884 ], [ -73.881661, 40.795071 ], [ -73.883626, 40.79568 ] ], [ [ -73.888371, 40.797561 ], [ -73.887628, 40.798131 ], [ -73.887142, 40.797812 ], [ -73.885179, 40.796285 ], [ -73.884295, 40.795316 ], [ -73.883526, 40.79481 ], [ -73.882095, 40.794927 ], [ -73.879192, 40.794479 ], [ -73.878045, 40.794017 ], [ -73.876491, 40.792905 ], [ -73.875608, 40.792245 ], [ -73.875301, 40.791314 ], [ -73.874239, 40.791473 ], [ -73.872901, 40.791256 ], [ -73.871579, 40.790158 ], [ -73.87119, 40.788947 ], [ -73.871369, 40.787672 ], [ -73.872798, 40.786348 ], [ -73.873636, 40.786069 ], [ -73.876184, 40.786117 ], [ -73.87815, 40.785704 ], [ -73.880066, 40.785849 ], [ -73.880088, 40.786273 ], [ -73.882796, 40.787205 ], [ -73.883967, 40.787321 ], [ -73.887948, 40.78755 ], [ -73.889147, 40.789129 ], [ -73.889467, 40.790394 ], [ -73.891292, 40.790523 ], [ -73.89187, 40.790983 ], [ -73.891804, 40.793672 ], [ -73.891954, 40.794758 ], [ -73.891872, 40.796118 ], [ -73.891607, 40.79675 ], [ -73.890436, 40.797699 ], [ -73.888371, 40.797561 ] ] ] ] } },
{ "type": "Feature", "properties": { "zone": 5 }, "geometry": { "type": "MultiPolygon", "coordinates": [ [ [ [ -73.766505, 40.6712 ], [ -73.767407, 40.671142 ], [ -73.767202, 40.669315 ], [ -73.765899, 40.669146 ], [ -73.766249, 40.66851 ], [ -73.764437, 40.668152 ], [ -73.763881, 40.669378 ], [ -73.758788, 40.668526 ], [ -73.758951, 40.670978 ], [ -73.758175, 40.671014 ], [ -73.76047, 40.672276 ], [ -73.764547, 40.671513 ], [ -73.765611, 40.671258 ], [ -73.766505, 40.6712 ] ] ], [ [ [ -73.811155, 40.670705 ], [ -73.812068, 40.670866 ], [ -73.812633, 40.669052 ], [ -73.813542, 40.669222 ], [ -73.812414, 40.672851 ], [ -73.81333, 40.673008 ], [ -73.815377, 40.666429 ], [ -73.813256, 40.667027 ], [ -73.811319, 40.667119 ], [ -73.810809, 40.668723 ], [ -73.811718, 40.668886 ], [ -73.811155, 40.670705 ] ] ], [ [ [ -73.779977, 40.676165 ], [ -73.781283, 40.67711 ], [ -73.782218, 40.676438 ], [ -73.780855, 40.675443 ], [ -73.779977, 40.676165 ] ] ], [ [ [ -73.801134, 40.671294 ], [ -73.802662, 40.671196 ], [ -73.802656, 40.670487 ], [ -73.803576, 40.670484 ], [ -73.803591, 40.672316 ], [ -73.807453, 40.672222 ], [ -73.807442, 40.674897 ], [ -73.808536, 40.674996 ], [ -73.809782, 40.675108 ], [ -73.809993, 40.675761 ], [ -73.809045, 40.676027 ], [ -73.8099, 40.677775 ], [ -73.811726, 40.677256 ], [ -73.810739, 40.675194 ], [ -73.811504, 40.672687 ], [ -73.810591, 40.672523 ], [ -73.809677, 40.672357 ], [ -73.80931, 40.67356 ], [ -73.808367, 40.673472 ], [ -73.809079, 40.671073 ], [ -73.805566, 40.670613 ], [ -73.806237, 40.667643 ], [ -73.805095, 40.667621 ], [ -73.804958, 40.668278 ], [ -73.803555, 40.668283 ], [ -73.803565, 40.669 ], [ -73.802643, 40.669012 ], [ -73.802639, 40.667674 ], [ -73.803297, 40.66764 ], [ -73.803468, 40.667076 ], [ -73.804005, 40.666848 ], [ -73.798743, 40.666553 ], [ -73.797919, 40.667014 ], [ -73.797959, 40.667058 ], [ -73.798132, 40.667976 ], [ -73.798623, 40.669339 ], [ -73.801179, 40.6691 ], [ -73.801134, 40.671294 ] ] ], [ [ [ -73.838059, 40.671291 ], [ -73.835949, 40.670799 ], [ -73.835281, 40.670814 ], [ -73.833348, 40.666773 ], [ -73.830616, 40.666149 ], [ -73.828079, 40.666086 ], [ -73.826952, 40.669718 ], [ -73.82604, 40.669556 ], [ -73.826605, 40.667737 ], [ -73.825694, 40.667574 ], [ -73.825128, 40.669392 ], [ -73.822391, 40.668897 ], [ -73.822957, 40.667081 ], [ -73.822009, 40.66691 ], [ -73.822241, 40.666121 ], [ -73.821317, 40.665918 ], [ -73.820497, 40.668554 ], [ -73.819584, 40.668391 ], [ -73.819019, 40.670208 ], [ -73.821825, 40.670714 ], [ -73.821257, 40.672529 ], [ -73.823083, 40.672858 ], [ -73.823648, 40.671044 ], [ -73.824559, 40.671208 ], [ -73.823428, 40.674838 ], [ -73.825252, 40.675168 ], [ -73.824673, 40.677031 ], [ -73.828837, 40.677692 ], [ -73.830785, 40.678088 ], [ -73.831322, 40.676053 ], [ -73.831814, 40.675572 ], [ -73.832898, 40.675855 ], [ -73.832693, 40.67651 ], [ -73.833605, 40.676677 ], [ -73.833805, 40.676063 ], [ -73.83469, 40.676281 ], [ -73.835663, 40.676202 ], [ -73.836317, 40.674902 ], [ -73.837138, 40.674665 ], [ -73.836414, 40.673116 ], [ -73.836381, 40.672421 ], [ -73.837461, 40.672661 ], [ -73.838059, 40.671291 ] ] ], [ [ [ -73.819565, 40.681007 ], [ -73.821357, 40.680497 ], [ -73.8205, 40.678749 ], [ -73.819225, 40.676133 ], [ -73.819139, 40.676119 ], [ -73.818191, 40.675964 ], [ -73.818798, 40.674003 ], [ -73.817883, 40.673838 ], [ -73.81845, 40.672032 ], [ -73.816629, 40.671695 ], [ -73.817193, 40.669879 ], [ -73.816281, 40.669714 ], [ -73.815154, 40.673346 ], [ -73.81424, 40.673182 ], [ -73.81353, 40.675447 ], [ -73.813869, 40.675478 ], [ -73.814948, 40.67558 ], [ -73.816947, 40.679756 ], [ -73.818707, 40.679255 ], [ -73.819565, 40.681007 ] ] ], [ [ [ -73.863349, 40.679352 ], [ -73.862296, 40.679632 ], [ -73.863118, 40.681296 ], [ -73.861364, 40.681803 ], [ -73.860533, 40.680134 ], [ -73.858786, 40.68063 ], [ -73.858198, 40.679431 ], [ -73.85859, 40.679403 ], [ -73.857899, 40.676619 ], [ -73.856871, 40.676455 ], [ -73.854559, 40.675742 ], [ -73.851473, 40.675063 ], [ -73.851297, 40.674162 ], [ -73.850378, 40.674298 ], [ -73.85001, 40.672833 ], [ -73.851852, 40.672492 ], [ -73.851635, 40.67193 ], [ -73.848478, 40.670917 ], [ -73.84787, 40.670779 ], [ -73.847821, 40.671557 ], [ -73.846999, 40.671239 ], [ -73.846165, 40.672458 ], [ -73.84488, 40.671948 ], [ -73.844471, 40.672574 ], [ -73.843799, 40.672299 ], [ -73.844605, 40.670348 ], [ -73.841715, 40.670761 ], [ -73.842101, 40.6723 ], [ -73.840251, 40.672562 ], [ -73.839607, 40.669925 ], [ -73.837905, 40.669321 ], [ -73.837471, 40.670387 ], [ -73.838337, 40.670595 ], [ -73.838059, 40.671291 ], [ -73.838952, 40.67116 ], [ -73.839347, 40.672699 ], [ -73.839866, 40.673964 ], [ -73.840623, 40.67403 ], [ -73.843231, 40.673748 ], [ -73.843311, 40.674446 ], [ -73.844937, 40.675078 ], [ -73.843303, 40.675312 ], [ -73.843724, 40.676739 ], [ -73.844209, 40.676762 ], [ -73.847001, 40.676373 ], [ -73.847932, 40.678267 ], [ -73.850636, 40.677876 ], [ -73.851595, 40.679833 ], [ -73.845892, 40.680186 ], [ -73.845148, 40.67867 ], [ -73.844255, 40.678789 ], [ -73.844116, 40.678037 ], [ -73.842154, 40.678584 ], [ -73.843146, 40.680594 ], [ -73.842236, 40.680747 ], [ -73.843231, 40.682775 ], [ -73.845832, 40.682107 ], [ -73.846785, 40.684045 ], [ -73.847662, 40.683794 ], [ -73.849069, 40.686649 ], [ -73.849948, 40.6864 ], [ -73.852531, 40.685665 ], [ -73.853139, 40.686929 ], [ -73.857375, 40.685723 ], [ -73.858029, 40.687052 ], [ -73.860885, 40.686666 ], [ -73.862601, 40.686443 ], [ -73.862123, 40.684375 ], [ -73.864726, 40.683635 ], [ -73.865328, 40.683461 ], [ -73.864996, 40.682137 ], [ -73.864102, 40.682381 ], [ -73.863349, 40.679352 ] ], [ [ -73.85123, 40.677124 ], [ -73.850923, 40.676496 ], [ -73.852602, 40.676262 ], [ -73.852985, 40.678266 ], [ -73.851868, 40.678427 ], [ -73.85123, 40.677124 ] ] ], [ [ [ -73.793755, 40.68236 ], [ -73.794615, 40.684108 ], [ -73.797249, 40.68336 ], [ -73.799135, 40.687182 ], [ -73.80163, 40.686118 ], [ -73.799917, 40.682599 ], [ -73.799009, 40.682854 ], [ -73.796627, 40.677999 ], [ -73.797535, 40.677739 ], [ -73.796576, 40.675754 ], [ -73.796735, 40.67521 ], [ -73.798127, 40.67519 ], [ -73.798039, 40.67469 ], [ -73.798974, 40.674774 ], [ -73.799232, 40.676226 ], [ -73.801916, 40.675956 ], [ -73.801217, 40.674344 ], [ -73.801682, 40.674384 ], [ -73.801565, 40.674048 ], [ -73.801302, 40.673122 ], [ -73.801134, 40.671294 ], [ -73.799413, 40.671408 ], [ -73.799867, 40.672469 ], [ -73.798376, 40.672531 ], [ -73.798293, 40.671937 ], [ -73.795837, 40.671683 ], [ -73.795715, 40.673101 ], [ -73.795691, 40.675572 ], [ -73.795935, 40.676597 ], [ -73.794986, 40.6767 ], [ -73.795747, 40.67825 ], [ -73.794868, 40.678499 ], [ -73.796395, 40.681613 ], [ -73.793755, 40.68236 ] ] ], [ [ [ -73.725865, 40.683239 ], [ -73.727853, 40.6838 ], [ -73.728732, 40.681928 ], [ -73.729606, 40.682149 ], [ -73.731061, 40.678307 ], [ -73.733032, 40.676495 ], [ -73.735068, 40.673994 ], [ -73.736077, 40.674521 ], [ -73.737081, 40.672968 ], [ -73.737941, 40.673245 ], [ -73.739636, 40.673859 ], [ -73.737935, 40.676792 ], [ -73.739794, 40.677391 ], [ -73.741411, 40.6745 ], [ -73.742255, 40.674807 ], [ -73.741316, 40.6764 ], [ -73.743928, 40.677292 ], [ -73.744884, 40.675756 ], [ -73.745764, 40.676077 ], [ -73.746816, 40.674392 ], [ -73.747436, 40.674613 ], [ -73.743719, 40.681312 ], [ -73.745444, 40.681865 ], [ -73.747354, 40.678428 ], [ -73.74813, 40.678662 ], [ -73.748666, 40.677745 ], [ -73.749812, 40.678121 ], [ -73.751994, 40.678837 ], [ -73.751475, 40.679728 ], [ -73.750831, 40.680236 ], [ -73.752683, 40.68087 ], [ -73.752258, 40.681491 ], [ -73.751367, 40.681177 ], [ -73.750825, 40.68208 ], [ -73.750091, 40.681846 ], [ -73.749726, 40.682463 ], [ -73.751542, 40.683046 ], [ -73.75103, 40.684223 ], [ -73.752417, 40.684681 ], [ -73.752831, 40.684644 ], [ -73.754584, 40.682988 ], [ -73.753171, 40.682691 ], [ -73.753548, 40.681389 ], [ -73.754641, 40.681611 ], [ -73.755441, 40.680194 ], [ -73.758047, 40.679221 ], [ -73.759132, 40.678932 ], [ -73.759837, 40.67897 ], [ -73.760261, 40.680274 ], [ -73.761313, 40.680674 ], [ -73.761174, 40.681111 ], [ -73.76468, 40.682737 ], [ -73.76391, 40.683693 ], [ -73.764654, 40.684081 ], [ -73.765254, 40.685425 ], [ -73.766111, 40.685212 ], [ -73.766803, 40.686807 ], [ -73.765948, 40.687022 ], [ -73.766279, 40.687769 ], [ -73.7668, 40.687783 ], [ -73.769234, 40.689614 ], [ -73.770457, 40.688541 ], [ -73.77381, 40.686272 ], [ -73.775705, 40.687612 ], [ -73.775111, 40.688324 ], [ -73.775377, 40.688781 ], [ -73.776125, 40.68853 ], [ -73.777201, 40.690151 ], [ -73.778214, 40.691896 ], [ -73.777281, 40.692114 ], [ -73.777668, 40.693748 ], [ -73.776691, 40.694292 ], [ -73.775799, 40.693037 ], [ -73.771858, 40.69522 ], [ -73.773646, 40.697083 ], [ -73.775328, 40.697786 ], [ -73.776088, 40.696725 ], [ -73.783656, 40.693553 ], [ -73.784315, 40.694456 ], [ -73.785221, 40.694211 ], [ -73.785671, 40.694746 ], [ -73.788103, 40.693733 ], [ -73.787348, 40.692702 ], [ -73.788173, 40.692356 ], [ -73.787783, 40.691819 ], [ -73.786331, 40.689841 ], [ -73.787987, 40.689213 ], [ -73.790422, 40.690695 ], [ -73.792855, 40.689665 ], [ -73.79516, 40.692832 ], [ -73.795983, 40.692483 ], [ -73.795523, 40.691878 ], [ -73.796768, 40.691356 ], [ -73.796332, 40.690755 ], [ -73.795907, 40.690171 ], [ -73.795455, 40.689552 ], [ -73.794995, 40.688917 ], [ -73.794153, 40.687752 ], [ -73.794778, 40.687471 ], [ -73.792801, 40.684842 ], [ -73.792582, 40.683389 ], [ -73.790169, 40.684385 ], [ -73.789731, 40.683784 ], [ -73.79266, 40.682568 ], [ -73.793755, 40.68236 ], [ -73.792777, 40.680345 ], [ -73.792093, 40.680476 ], [ -73.790952, 40.677325 ], [ -73.790344, 40.67604 ], [ -73.79157, 40.675748 ], [ -73.790474, 40.673391 ], [ -73.790798, 40.673419 ], [ -73.7912, 40.671692 ], [ -73.79031, 40.671568 ], [ -73.790662, 40.670084 ], [ -73.789778, 40.669962 ], [ -73.789018, 40.673158 ], [ -73.788247, 40.673479 ], [ -73.789096, 40.674204 ], [ -73.78989, 40.675202 ], [ -73.788926, 40.675073 ], [ -73.789241, 40.676197 ], [ -73.788342, 40.676343 ], [ -73.789235, 40.679708 ], [ -73.787703, 40.679953 ], [ -73.78735, 40.680535 ], [ -73.788408, 40.681992 ], [ -73.78613, 40.682989 ], [ -73.785078, 40.683559 ], [ -73.783015, 40.684278 ], [ -73.781917, 40.682401 ], [ -73.783577, 40.681842 ], [ -73.782479, 40.679961 ], [ -73.780825, 40.680526 ], [ -73.780089, 40.679264 ], [ -73.778567, 40.679752 ], [ -73.778419, 40.679031 ], [ -73.779478, 40.678365 ], [ -73.778618, 40.677264 ], [ -73.779977, 40.676165 ], [ -73.778604, 40.67517 ], [ -73.779955, 40.67406 ], [ -73.779332, 40.673554 ], [ -73.777138, 40.675315 ], [ -73.775672, 40.673387 ], [ -73.774764, 40.67513 ], [ -73.774039, 40.676011 ], [ -73.772234, 40.67466 ], [ -73.770295, 40.676294 ], [ -73.76979, 40.67618 ], [ -73.769327, 40.677148 ], [ -73.771099, 40.678244 ], [ -73.770339, 40.678431 ], [ -73.763718, 40.674316 ], [ -73.757568, 40.670993 ], [ -73.758216, 40.672696 ], [ -73.758805, 40.673006 ], [ -73.758234, 40.673492 ], [ -73.758013, 40.676078 ], [ -73.756919, 40.676529 ], [ -73.756489, 40.676023 ], [ -73.755762, 40.675886 ], [ -73.753698, 40.673187 ], [ -73.75077, 40.669797 ], [ -73.74876, 40.673026 ], [ -73.746984, 40.672384 ], [ -73.745935, 40.67408 ], [ -73.744194, 40.673444 ], [ -73.745248, 40.671758 ], [ -73.74436, 40.671436 ], [ -73.745414, 40.669752 ], [ -73.744566, 40.669446 ], [ -73.742461, 40.672815 ], [ -73.740685, 40.672173 ], [ -73.741741, 40.670488 ], [ -73.739203, 40.669564 ], [ -73.738149, 40.671254 ], [ -73.736656, 40.670722 ], [ -73.735602, 40.670887 ], [ -73.736019, 40.669891 ], [ -73.737398, 40.667579 ], [ -73.738091, 40.668637 ], [ -73.738712, 40.667788 ], [ -73.739053, 40.667412 ], [ -73.739995, 40.666468 ], [ -73.740878, 40.66595 ], [ -73.73891, 40.665955 ], [ -73.73955, 40.665256 ], [ -73.739253, 40.665257 ], [ -73.736527, 40.664044 ], [ -73.736177, 40.663491 ], [ -73.732873, 40.665213 ], [ -73.732965, 40.665356 ], [ -73.735359, 40.66528 ], [ -73.736401, 40.666569 ], [ -73.73192, 40.666556 ], [ -73.73348, 40.667169 ], [ -73.733108, 40.667821 ], [ -73.731398, 40.667253 ], [ -73.731017, 40.667908 ], [ -73.732737, 40.668477 ], [ -73.731989, 40.669791 ], [ -73.731136, 40.669506 ], [ -73.730391, 40.670816 ], [ -73.729532, 40.670534 ], [ -73.728787, 40.671846 ], [ -73.727793, 40.67149 ], [ -73.727557, 40.674162 ], [ -73.729544, 40.674138 ], [ -73.730504, 40.672407 ], [ -73.731369, 40.672694 ], [ -73.732115, 40.671381 ], [ -73.732972, 40.671663 ], [ -73.733714, 40.670354 ], [ -73.734576, 40.670637 ], [ -73.732772, 40.673629 ], [ -73.730254, 40.674039 ], [ -73.729302, 40.675808 ], [ -73.7303, 40.676154 ], [ -73.730079, 40.676532 ], [ -73.728155, 40.675874 ], [ -73.727724, 40.67672 ], [ -73.727498, 40.677385 ], [ -73.728371, 40.677556 ], [ -73.729739, 40.677845 ], [ -73.729224, 40.678415 ], [ -73.728159, 40.678205 ], [ -73.726015, 40.678079 ], [ -73.725631, 40.679596 ], [ -73.725755, 40.680946 ], [ -73.727541, 40.681032 ], [ -73.726356, 40.682831 ], [ -73.725865, 40.683239 ] ], [ [ -73.749708, 40.67735 ], [ -73.748879, 40.677069 ], [ -73.749343, 40.676145 ], [ -73.753659, 40.677535 ], [ -73.75317, 40.678497 ], [ -73.749708, 40.67735 ] ] ], [ [ [ -73.916239, 40.713296 ], [ -73.915699, 40.713485 ], [ -73.913261, 40.715067 ], [ -73.913902, 40.716223 ], [ -73.91537, 40.716 ], [ -73.917186, 40.71538 ], [ -73.918244, 40.714731 ], [ -73.91948, 40.713732 ], [ -73.919981, 40.713314 ], [ -73.918526, 40.712448 ], [ -73.917992, 40.712749 ], [ -73.916239, 40.713296 ] ] ], [ [ [ -73.91196, 40.716403 ], [ -73.911518, 40.716418 ], [ -73.910484, 40.717328 ], [ -73.90984, 40.717694 ], [ -73.912653, 40.720867 ], [ -73.912321, 40.719348 ], [ -73.913399, 40.719051 ], [ -73.91196, 40.716403 ] ] ], [ [ [ -73.914236, 40.722774 ], [ -73.912572, 40.72324 ], [ -73.908892, 40.726068 ], [ -73.912161, 40.726326 ], [ -73.912101, 40.727609 ], [ -73.915072, 40.727971 ], [ -73.917967, 40.728501 ], [ -73.918364, 40.725931 ], [ -73.919425, 40.726099 ], [ -73.919473, 40.725946 ], [ -73.918488, 40.725771 ], [ -73.916985, 40.725293 ], [ -73.915214, 40.724206 ], [ -73.914236, 40.722774 ] ] ], [ [ [ -73.924797, 40.727536 ], [ -73.923926, 40.730036 ], [ -73.925404, 40.730365 ], [ -73.926144, 40.728781 ], [ -73.924797, 40.727536 ] ] ], [ [ [ -73.844965, 40.734008 ], [ -73.845426, 40.73495 ], [ -73.847695, 40.734277 ], [ -73.849945, 40.733607 ], [ -73.849604, 40.732942 ], [ -73.847354, 40.733611 ], [ -73.847008, 40.732947 ], [ -73.844753, 40.733619 ], [ -73.844345, 40.73298 ], [ -73.844965, 40.734008 ] ] ], [ [ [ -73.936285, 40.734993 ], [ -73.93478, 40.735554 ], [ -73.935192, 40.7362 ], [ -73.933069, 40.736984 ], [ -73.933906, 40.737431 ], [ -73.935635, 40.736876 ], [ -73.935782, 40.736757 ], [ -73.936758, 40.735724 ], [ -73.936971, 40.735529 ], [ -73.938015, 40.734315 ], [ -73.936285, 40.734993 ] ] ], [ [ [ -73.851913, 40.737423 ], [ -73.849609, 40.738183 ], [ -73.84879, 40.738724 ], [ -73.850526, 40.73928 ], [ -73.852878, 40.740038 ], [ -73.853159, 40.739384 ], [ -73.852873, 40.739289 ], [ -73.851913, 40.737423 ] ] ], [ [ [ -73.93338, 40.740921 ], [ -73.933921, 40.738332 ], [ -73.933514, 40.737723 ], [ -73.931646, 40.738318 ], [ -73.93284, 40.738871 ], [ -73.932453, 40.740814 ], [ -73.93338, 40.740921 ] ] ], [ [ [ -73.93338, 40.740921 ], [ -73.932609, 40.744782 ], [ -73.933505, 40.745146 ], [ -73.9344, 40.746035 ], [ -73.937697, 40.745239 ], [ -73.937261, 40.745177 ], [ -73.933588, 40.744733 ], [ -73.934307, 40.741029 ], [ -73.93338, 40.740921 ] ] ], [ [ [ -73.851308, 40.749853 ], [ -73.851569, 40.750516 ], [ -73.854793, 40.749563 ], [ -73.854423, 40.748852 ], [ -73.851308, 40.749853 ] ] ], [ [ [ -73.937562, 40.751411 ], [ -73.939102, 40.752231 ], [ -73.940263, 40.750967 ], [ -73.940442, 40.750738 ], [ -73.938833, 40.75004 ], [ -73.937562, 40.751411 ] ] ], [ [ [ -73.925174, 40.748915 ], [ -73.924715, 40.751228 ], [ -73.92255, 40.751577 ], [ -73.920748, 40.751881 ], [ -73.920479, 40.753285 ], [ -73.925627, 40.752137 ], [ -73.926469, 40.752069 ], [ -73.926516, 40.751513 ], [ -73.931519, 40.751153 ], [ -73.929905, 40.748186 ], [ -73.925174, 40.748915 ] ] ], [ [ [ -73.93048, 40.752965 ], [ -73.931252, 40.753374 ], [ -73.932126, 40.752302 ], [ -73.93291, 40.752693 ], [ -73.9337, 40.753112 ], [ -73.934749, 40.751959 ], [ -73.935615, 40.752282 ], [ -73.936591, 40.75123 ], [ -73.936745, 40.74996 ], [ -73.936161, 40.749674 ], [ -73.934743, 40.750979 ], [ -73.933833, 40.751605 ], [ -73.932276, 40.751954 ], [ -73.928742, 40.752042 ], [ -73.93048, 40.752965 ] ] ], [ [ [ -73.833092, 40.747994 ], [ -73.833309, 40.746027 ], [ -73.831305, 40.745829 ], [ -73.83093, 40.748099 ], [ -73.831266, 40.748618 ], [ -73.830898, 40.748965 ], [ -73.829436, 40.749205 ], [ -73.827656, 40.749861 ], [ -73.827239, 40.74986 ], [ -73.825844, 40.749348 ], [ -73.825986, 40.748311 ], [ -73.823795, 40.747793 ], [ -73.823256, 40.747528 ], [ -73.821319, 40.748758 ], [ -73.824265, 40.751833 ], [ -73.825508, 40.753 ], [ -73.826887, 40.75249 ], [ -73.828774, 40.751787 ], [ -73.829296, 40.752593 ], [ -73.829746, 40.753299 ], [ -73.832391, 40.752317 ], [ -73.832297, 40.75195 ], [ -73.832263, 40.751825 ], [ -73.832275, 40.751464 ], [ -73.832697, 40.749312 ], [ -73.833092, 40.747994 ] ] ], [ [ [ -73.834073, 40.754501 ], [ -73.835379, 40.754276 ], [ -73.833803, 40.753545 ], [ -73.834073, 40.754501 ] ] ], [ [ [ -73.934632, 40.75694 ], [ -73.935465, 40.757393 ], [ -73.936581, 40.756212 ], [ -73.935798, 40.755796 ], [ -73.934632, 40.75694 ] ] ], [ [ [ -73.830748, 40.755744 ], [ -73.828792, 40.756673 ], [ -73.829842, 40.758962 ], [ -73.831536, 40.758364 ], [ -73.83191, 40.758949 ], [ -73.834274, 40.758197 ], [ -73.833802, 40.756722 ], [ -73.833678, 40.756321 ], [ -73.833399, 40.755522 ], [ -73.831349, 40.756481 ], [ -73.830748, 40.755744 ] ] ], [ [ [ -73.933353, 40.758274 ], [ -73.932152, 40.75771 ], [ -73.9309, 40.759253 ], [ -73.931944, 40.759741 ], [ -73.933353, 40.758274 ] ] ], [ [ [ -73.931944, 40.759741 ], [ -73.930049, 40.761745 ], [ -73.930585, 40.762003 ], [ -73.93005, 40.76267 ], [ -73.931336, 40.763276 ], [ -73.932247, 40.762016 ], [ -73.931581, 40.761706 ], [ -73.932897, 40.76019 ], [ -73.931944, 40.759741 ] ] ], [ [ [ -73.756983, 40.762261 ], [ -73.75758, 40.762848 ], [ -73.758561, 40.764387 ], [ -73.759198, 40.764327 ], [ -73.758864, 40.763275 ], [ -73.758433, 40.763343 ], [ -73.758114, 40.762054 ], [ -73.756983, 40.762261 ] ] ], [ [ [ -73.830472, 40.764186 ], [ -73.830686, 40.764712 ], [ -73.831773, 40.764454 ], [ -73.83335, 40.764084 ], [ -73.833287, 40.762746 ], [ -73.833173, 40.762334 ], [ -73.834068, 40.762226 ], [ -73.833802, 40.761363 ], [ -73.832924, 40.761522 ], [ -73.832744, 40.760949 ], [ -73.831119, 40.761548 ], [ -73.829666, 40.76189 ], [ -73.827516, 40.762421 ], [ -73.828147, 40.763941 ], [ -73.828708, 40.763801 ], [ -73.830208, 40.763543 ], [ -73.830472, 40.764186 ] ] ], [ [ [ -73.746088, 40.763941 ], [ -73.745218, 40.764589 ], [ -73.745745, 40.764914 ], [ -73.74579, 40.764898 ], [ -73.747062, 40.76446 ], [ -73.746563, 40.763786 ], [ -73.746088, 40.763941 ] ] ], [ [ [ -73.928425, 40.763416 ], [ -73.926988, 40.762725 ], [ -73.925061, 40.765097 ], [ -73.926438, 40.765733 ], [ -73.926784, 40.765094 ], [ -73.928425, 40.763416 ] ] ], [ [ [ -73.925963, 40.769903 ], [ -73.926473, 40.769271 ], [ -73.92715, 40.768442 ], [ -73.92553, 40.767679 ], [ -73.924573, 40.769265 ], [ -73.925963, 40.769903 ] ] ], [ [ [ -73.826558, 40.770137 ], [ -73.826848, 40.767987 ], [ -73.824212, 40.768169 ], [ -73.824443, 40.769285 ], [ -73.825793, 40.769093 ], [ -73.826049, 40.770211 ], [ -73.826558, 40.770137 ] ] ], [ [ [ -73.887707, 40.766839 ], [ -73.887484, 40.766382 ], [ -73.882768, 40.767312 ], [ -73.882413, 40.765362 ], [ -73.881484, 40.76546 ], [ -73.881858, 40.767471 ], [ -73.879981, 40.76774 ], [ -73.88029, 40.769419 ], [ -73.878528, 40.770049 ], [ -73.878141, 40.767933 ], [ -73.873392, 40.768431 ], [ -73.873744, 40.770685 ], [ -73.876019, 40.770351 ], [ -73.876089, 40.771537 ], [ -73.877875, 40.771058 ], [ -73.878993, 40.770572 ], [ -73.882571, 40.768645 ], [ -73.884397, 40.767842 ], [ -73.886026, 40.767283 ], [ -73.887707, 40.766839 ] ] ], [ [ [ -73.74252, 40.771787 ], [ -73.7432, 40.771332 ], [ -73.742271, 40.77035 ], [ -73.741383, 40.770573 ], [ -73.74252, 40.771787 ] ] ], [ [ [ -73.925963, 40.769903 ], [ -73.925063, 40.77101 ], [ -73.926408, 40.771641 ], [ -73.9259, 40.772262 ], [ -73.928992, 40.77215 ], [ -73.926815, 40.771133 ], [ -73.927304, 40.770527 ], [ -73.925963, 40.769903 ] ] ], [ [ [ -73.746991, 40.771904 ], [ -73.747112, 40.771217 ], [ -73.745777, 40.771317 ], [ -73.745126, 40.771704 ], [ -73.745382, 40.772081 ], [ -73.746991, 40.771904 ] ] ], [ [ [ -73.764059, 40.772288 ], [ -73.763982, 40.77175 ], [ -73.765905, 40.771336 ], [ -73.767522, 40.7703 ], [ -73.763908, 40.770669 ], [ -73.762812, 40.770722 ], [ -73.762133, 40.769757 ], [ -73.761652, 40.77028 ], [ -73.764059, 40.772288 ] ] ], [ [ [ -73.895933, 40.772409 ], [ -73.896648, 40.772914 ], [ -73.898809, 40.771146 ], [ -73.897371, 40.770125 ], [ -73.896657, 40.770726 ], [ -73.895828, 40.771405 ], [ -73.895613, 40.770224 ], [ -73.894683, 40.770321 ], [ -73.895008, 40.772078 ], [ -73.895933, 40.772409 ] ] ], [ [ [ -73.931156, 40.772918 ], [ -73.932344, 40.773282 ], [ -73.932685, 40.7727 ], [ -73.931473, 40.772325 ], [ -73.931156, 40.772918 ] ] ], [ [ [ -73.88869, 40.768986 ], [ -73.889413, 40.772985 ], [ -73.89289, 40.773808 ], [ -73.893369, 40.773415 ], [ -73.893251, 40.772869 ], [ -73.892315, 40.772964 ], [ -73.891895, 40.770613 ], [ -73.890966, 40.770712 ], [ -73.890035, 40.77081 ], [ -73.889323, 40.766866 ], [ -73.890237, 40.766704 ], [ -73.89029, 40.766345 ], [ -73.887707, 40.766839 ], [ -73.888179, 40.768435 ], [ -73.888191, 40.768531 ], [ -73.888633, 40.768904 ], [ -73.88869, 40.768986 ] ] ], [ [ [ -73.74252, 40.771787 ], [ -73.741754, 40.772203 ], [ -73.742318, 40.772807 ], [ -73.741357, 40.773227 ], [ -73.742037, 40.773924 ], [ -73.743454, 40.772792 ], [ -73.74252, 40.771787 ] ] ], [ [ [ -73.845418, 40.774414 ], [ -73.846675, 40.774461 ], [ -73.846369, 40.773795 ], [ -73.848642, 40.773789 ], [ -73.848798, 40.773209 ], [ -73.845526, 40.773095 ], [ -73.845418, 40.774414 ] ] ], [ [ [ -73.752745, 40.775391 ], [ -73.75396, 40.775187 ], [ -73.753705, 40.774531 ], [ -73.752403, 40.774741 ], [ -73.752745, 40.775391 ] ] ], [ [ [ -73.843554, 40.775615 ], [ -73.843625, 40.774363 ], [ -73.842715, 40.774332 ], [ -73.842658, 40.775584 ], [ -73.843554, 40.775615 ] ] ], [ [ [ -73.927846, 40.776727 ], [ -73.929967, 40.776051 ], [ -73.930258, 40.775482 ], [ -73.928707, 40.775815 ], [ -73.92904, 40.775173 ], [ -73.928196, 40.77491 ], [ -73.927561, 40.774398 ], [ -73.926581, 40.776039 ], [ -73.927846, 40.776727 ] ] ], [ [ [ -73.90022, 40.775434 ], [ -73.902386, 40.776965 ], [ -73.903778, 40.775831 ], [ -73.901546, 40.774349 ], [ -73.90022, 40.775434 ] ] ], [ [ [ -73.840681, 40.778613 ], [ -73.840796, 40.776536 ], [ -73.839766, 40.77653 ], [ -73.839867, 40.777228 ], [ -73.839759, 40.778615 ], [ -73.840681, 40.778613 ] ] ], [ [ [ -73.825825, 40.776671 ], [ -73.824889, 40.776739 ], [ -73.824889, 40.778714 ], [ -73.825817, 40.779023 ], [ -73.825825, 40.776671 ] ] ], [ [ [ -73.752878, 40.777947 ], [ -73.752328, 40.779259 ], [ -73.75391, 40.779567 ], [ -73.754191, 40.77821 ], [ -73.752878, 40.777947 ] ] ], [ [ [ -73.768543, 40.779115 ], [ -73.76935, 40.778875 ], [ -73.770144, 40.77995 ], [ -73.771081, 40.779588 ], [ -73.771782, 40.779881 ], [ -73.77295, 40.779626 ], [ -73.774716, 40.778813 ], [ -73.77584, 40.778612 ], [ -73.775724, 40.7779 ], [ -73.774302, 40.778176 ], [ -73.773317, 40.77855 ], [ -73.772903, 40.777804 ], [ -73.771132, 40.778341 ], [ -73.770486, 40.777026 ], [ -73.768518, 40.777623 ], [ -73.76731, 40.775705 ], [ -73.766894, 40.775773 ], [ -73.768325, 40.778685 ], [ -73.768543, 40.779115 ] ] ], [ [ [ -73.846946, 40.780149 ], [ -73.84686, 40.781684 ], [ -73.847763, 40.781683 ], [ -73.847934, 40.778604 ], [ -73.847034, 40.778606 ], [ -73.846946, 40.780149 ] ] ], [ [ [ -73.750844, 40.782494 ], [ -73.751615, 40.782278 ], [ -73.75278, 40.781247 ], [ -73.752846, 40.78079 ], [ -73.751713, 40.780552 ], [ -73.750844, 40.782494 ] ] ], [ [ [ -73.824505, 40.779353 ], [ -73.823783, 40.780614 ], [ -73.822918, 40.780536 ], [ -73.821667, 40.782597 ], [ -73.822502, 40.782673 ], [ -73.823841, 40.781717 ], [ -73.825137, 40.7817 ], [ -73.826079, 40.779853 ], [ -73.825667, 40.77973 ], [ -73.824505, 40.779353 ] ] ], [ [ [ -73.838862, 40.778617 ], [ -73.838699, 40.781677 ], [ -73.83862, 40.783227 ], [ -73.839514, 40.78323 ], [ -73.839604, 40.781693 ], [ -73.839759, 40.778615 ], [ -73.838862, 40.778617 ] ] ], [ [ [ -73.9042, 40.78232 ], [ -73.908598, 40.785255 ], [ -73.910157, 40.784087 ], [ -73.911486, 40.785011 ], [ -73.912561, 40.784147 ], [ -73.913146, 40.784563 ], [ -73.915314, 40.782791 ], [ -73.914595, 40.782283 ], [ -73.912428, 40.784052 ], [ -73.911408, 40.783333 ], [ -73.907977, 40.780914 ], [ -73.910147, 40.77915 ], [ -73.908465, 40.777961 ], [ -73.906806, 40.779323 ], [ -73.906412, 40.778768 ], [ -73.905578, 40.777595 ], [ -73.904506, 40.77846 ], [ -73.906303, 40.779728 ], [ -73.904505, 40.781222 ], [ -73.904494, 40.782038 ], [ -73.9042, 40.78232 ] ] ], [ [ [ -73.855088, 40.785663 ], [ -73.85501, 40.784555 ], [ -73.85497, 40.783871 ], [ -73.853163, 40.783936 ], [ -73.853206, 40.784623 ], [ -73.854106, 40.784591 ], [ -73.854186, 40.785698 ], [ -73.855088, 40.785663 ] ] ], [ [ [ -73.849466, 40.784757 ], [ -73.849541, 40.785869 ], [ -73.851303, 40.785804 ], [ -73.851234, 40.784693 ], [ -73.849466, 40.784757 ] ] ], [ [ [ -73.79214, 40.785475 ], [ -73.792215, 40.786404 ], [ -73.793181, 40.786192 ], [ -73.79302, 40.785378 ], [ -73.79214, 40.785475 ] ] ], [ [ [ -73.78291, 40.785899 ], [ -73.783367, 40.785899 ], [ -73.783543, 40.786595 ], [ -73.784427, 40.786359 ], [ -73.785551, 40.786365 ], [ -73.785543, 40.785835 ], [ -73.78443, 40.78554 ], [ -73.784357, 40.784606 ], [ -73.783684, 40.783099 ], [ -73.784537, 40.78287 ], [ -73.784821, 40.782397 ], [ -73.783439, 40.782775 ], [ -73.78311, 40.782018 ], [ -73.78241, 40.782199 ], [ -73.781617, 40.782058 ], [ -73.781763, 40.781429 ], [ -73.781306, 40.780536 ], [ -73.780525, 40.779868 ], [ -73.780928, 40.779363 ], [ -73.780458, 40.779079 ], [ -73.779755, 40.779447 ], [ -73.778855, 40.779953 ], [ -73.779224, 40.780455 ], [ -73.777489, 40.781955 ], [ -73.779539, 40.784864 ], [ -73.780733, 40.783819 ], [ -73.781537, 40.78408 ], [ -73.781796, 40.784597 ], [ -73.781596, 40.78538 ], [ -73.782801, 40.785391 ], [ -73.78291, 40.785899 ] ] ], [ [ [ -73.824451, 40.78673 ], [ -73.825338, 40.786694 ], [ -73.826395, 40.786652 ], [ -73.82599, 40.784863 ], [ -73.824835, 40.785085 ], [ -73.824451, 40.78673 ] ] ], [ [ [ -73.833664, 40.786149 ], [ -73.833945, 40.787589 ], [ -73.834317, 40.787668 ], [ -73.834562, 40.786209 ], [ -73.833664, 40.786149 ] ] ], [ [ [ -73.828231, 40.786553 ], [ -73.828457, 40.787736 ], [ -73.828921, 40.787682 ], [ -73.830187, 40.787538 ], [ -73.829958, 40.786354 ], [ -73.82915, 40.786443 ], [ -73.828231, 40.786553 ] ] ], [ [ [ -73.843784, 40.787971 ], [ -73.843843, 40.786776 ], [ -73.842941, 40.786749 ], [ -73.842883, 40.787945 ], [ -73.843784, 40.787971 ] ] ], [ [ [ -73.782293, 40.788693 ], [ -73.782627, 40.787958 ], [ -73.782414, 40.787117 ], [ -73.782296, 40.786975 ], [ -73.780529, 40.787825 ], [ -73.77999, 40.787197 ], [ -73.778939, 40.787309 ], [ -73.778492, 40.786716 ], [ -73.777675, 40.78707 ], [ -73.777075, 40.787328 ], [ -73.779125, 40.788179 ], [ -73.780758, 40.788015 ], [ -73.782293, 40.788693 ] ] ], [ [ [ -73.786019, 40.787519 ], [ -73.785932, 40.788112 ], [ -73.787021, 40.788128 ], [ -73.78702, 40.788892 ], [ -73.788006, 40.788794 ], [ -73.78797, 40.787433 ], [ -73.788914, 40.787262 ], [ -73.787966, 40.78641 ], [ -73.787461, 40.785953 ], [ -73.786692, 40.786445 ], [ -73.787024, 40.786855 ], [ -73.787023, 40.787606 ], [ -73.786019, 40.787519 ] ] ], [ [ [ -73.839874, 40.791471 ], [ -73.839923, 40.79065 ], [ -73.839005, 40.790617 ], [ -73.838957, 40.791438 ], [ -73.839874, 40.791471 ] ] ], [ [ [ -73.843784, 40.787971 ], [ -73.843726, 40.789387 ], [ -73.842798, 40.789348 ], [ -73.842718, 40.790743 ], [ -73.842673, 40.791561 ], [ -73.843606, 40.791595 ], [ -73.845446, 40.791662 ], [ -73.847915, 40.791734 ], [ -73.85043, 40.791436 ], [ -73.849896, 40.790721 ], [ -73.84751, 40.790923 ], [ -73.847139, 40.790183 ], [ -73.845536, 40.790137 ], [ -73.845574, 40.789434 ], [ -73.845658, 40.788035 ], [ -73.843784, 40.787971 ] ] ], [ [ [ -73.841695, 40.792533 ], [ -73.841753, 40.79153 ], [ -73.840815, 40.791505 ], [ -73.840761, 40.7925 ], [ -73.841695, 40.792533 ] ] ], [ [ [ -73.796827, 40.791346 ], [ -73.797817, 40.791324 ], [ -73.798017, 40.791822 ], [ -73.797621, 40.792958 ], [ -73.798266, 40.79301 ], [ -73.799752, 40.793132 ], [ -73.800077, 40.791013 ], [ -73.797664, 40.790836 ], [ -73.797477, 40.790091 ], [ -73.797297, 40.789372 ], [ -73.795435, 40.789635 ], [ -73.79561, 40.790338 ], [ -73.796532, 40.790204 ], [ -73.796827, 40.791346 ] ] ], [ [ [ -73.804364, 40.795255 ], [ -73.806063, 40.795395 ], [ -73.806315, 40.79525 ], [ -73.806902, 40.794702 ], [ -73.807101, 40.7933 ], [ -73.809823, 40.793515 ], [ -73.809986, 40.79536 ], [ -73.810451, 40.795332 ], [ -73.810436, 40.795009 ], [ -73.810311, 40.79356 ], [ -73.81296, 40.792966 ], [ -73.812577, 40.792005 ], [ -73.810227, 40.792528 ], [ -73.810164, 40.791735 ], [ -73.81008, 40.790724 ], [ -73.807425, 40.790873 ], [ -73.807522, 40.790167 ], [ -73.804757, 40.789947 ], [ -73.804126, 40.794508 ], [ -73.803248, 40.79444 ], [ -73.803161, 40.795166 ], [ -73.804364, 40.795255 ] ] ], [ [ [ -73.846323, 40.796164 ], [ -73.848059, 40.7957 ], [ -73.847849, 40.795275 ], [ -73.846413, 40.795135 ], [ -73.846533, 40.79271 ], [ -73.845413, 40.792666 ], [ -73.845394, 40.794305 ], [ -73.846323, 40.796164 ] ] ], [ [ [ -73.882095, 40.794927 ], [ -73.883526, 40.79481 ], [ -73.884295, 40.795316 ], [ -73.885179, 40.796285 ], [ -73.885651, 40.796387 ], [ -73.887758, 40.796386 ], [ -73.88784, 40.795178 ], [ -73.888556, 40.794567 ], [ -73.890037, 40.794553 ], [ -73.891321, 40.794564 ], [ -73.891954, 40.794758 ], [ -73.891804, 40.793672 ], [ -73.89187, 40.790983 ], [ -73.891292, 40.790523 ], [ -73.889467, 40.790394 ], [ -73.889147, 40.789129 ], [ -73.887948, 40.78755 ], [ -73.883967, 40.787321 ], [ -73.883252, 40.788265 ], [ -73.883654, 40.789177 ], [ -73.882414, 40.790825 ], [ -73.881978, 40.790614 ], [ -73.881384, 40.791177 ], [ -73.879279, 40.791534 ], [ -73.881061, 40.789626 ], [ -73.880726, 40.789128 ], [ -73.88117, 40.788356 ], [ -73.880075, 40.787221 ], [ -73.879248, 40.78769 ], [ -73.878888, 40.787326 ], [ -73.879823, 40.786959 ], [ -73.880088, 40.786273 ], [ -73.880066, 40.785849 ], [ -73.87815, 40.785704 ], [ -73.876184, 40.786117 ], [ -73.873636, 40.786069 ], [ -73.872798, 40.786348 ], [ -73.871369, 40.787672 ], [ -73.87119, 40.788947 ], [ -73.871579, 40.790158 ], [ -73.872901, 40.791256 ], [ -73.874239, 40.791473 ], [ -73.875301, 40.791314 ], [ -73.875608, 40.792245 ], [ -73.876491, 40.792905 ], [ -73.877329, 40.793316 ], [ -73.878304, 40.792356 ], [ -73.879412, 40.792682 ], [ -73.880875, 40.792569 ], [ -73.881355, 40.79271 ], [ -73.881949, 40.793517 ], [ -73.882095, 40.794927 ] ] ], [ [ [ -73.797337, 40.795443 ], [ -73.798587, 40.795901 ], [ -73.800022, 40.796238 ], [ -73.800149, 40.795568 ], [ -73.80034, 40.794206 ], [ -73.799599, 40.794146 ], [ -73.798135, 40.794024 ], [ -73.797491, 40.793971 ], [ -73.797337, 40.795443 ] ] ], [ [ [ -73.824103, 40.797944 ], [ -73.825233, 40.797298 ], [ -73.826118, 40.797271 ], [ -73.826979, 40.797738 ], [ -73.825614, 40.795635 ], [ -73.822971, 40.796213 ], [ -73.824103, 40.797944 ] ] ], [ [ [ -73.818589, 40.80013 ], [ -73.819816, 40.800802 ], [ -73.820981, 40.800478 ], [ -73.82188, 40.799751 ], [ -73.821234, 40.799022 ], [ -73.820654, 40.799528 ], [ -73.81975, 40.799877 ], [ -73.819153, 40.799566 ], [ -73.818589, 40.80013 ] ] ] ] } }
]
}
