{
"type": "FeatureCollection",
"name": "cdta",
"features": [
{ "type": "Feature", "properties": { "cdta2020": "BK01", "slug": "bk01" }, "geometry": { "type": "Polygon", "coordinates": [ [ [ -73.924061, 40.71412 ], [ -73.924834, 40.715291 ], [ -73.924315, 40.715855 ], [ -73.923056, 40.716351 ], [ -73.923641, 40.717329 ], [ -73.924585, 40.717959 ], [ -73.928098, 40.717137 ], [ -73.928904, 40.716581 ], [ -73.92844, 40.715539 ], [ -73.930853, 40.714911 ], [ -73.930424, 40.7132 ], [ -73.931848, 40.712556 ], [ -73.930252, 40.708936 ], [ -73.930934, 40.709174 ], [ -73.932648, 40.713009 ], [ -73.931242, 40.713733 ], [ -73.932106, 40.715051 ], [ -73.929577, 40.715684 ], [ -73.92971, 40.717039 ], [ -73.928381, 40.717587 ], [ -73.924817, 40.718495 ], [ -73.924521, 40.719621 ], [ -73.925616, 40.72007 ], [ -73.927798, 40.724934 ], [ -73.927866, 40.725835 ], [ -73.929582, 40.727621 ], [ -73.932006, 40.728153 ], [ -73.934931, 40.728552 ], [ -73.936933, 40.729116 ], [ -73.93809, 40.729755 ], [ -73.939748, 40.731074 ], [ -73.941149, 40.734161 ], [ -73.942396, 40.735434 ], [ -73.945572, 40.736621 ], [ -73.946444, 40.736789 ], [ -73.950389, 40.738293 ], [ -73.951989, 40.738756 ], [ -73.954605, 40.739136 ], [ -73.956932, 40.738895 ], [ -73.959817, 40.737081 ], [ -73.961576, 40.735188 ], [ -73.962287, 40.734056 ], [ -73.962265, 40.732924 ], [ -73.961714, 40.731574 ], [ -73.961676, 40.73149 ], [ -73.961286, 40.730167 ], [ -73.961284, 40.730069 ], [ -73.961018, 40.728713 ], [ -73.961619, 40.72667 ], [ -73.961617, 40.725874 ], [ -73.960287, 40.725956 ], [ -73.960126, 40.725328 ], [ -73.958428, 40.725409 ], [ -73.958332, 40.72442 ], [ -73.961165, 40.725273 ], [ -73.962009, 40.724 ], [ -73.962074, 40.723889 ], [ -73.962967, 40.722043 ], [ -73.964028, 40.720889 ], [ -73.964067, 40.720808 ], [ -73.964203, 40.720662 ], [ -73.964276, 40.720584 ], [ -73.964363, 40.720485 ], [ -73.964399, 40.72045 ], [ -73.965034, 40.720385 ], [ -73.965119, 40.720325 ], [ -73.965121, 40.719235 ], [ -73.965744, 40.718715 ], [ -73.965761, 40.718697 ], [ -73.966564, 40.718024 ], [ -73.966598, 40.717976 ], [ -73.968851, 40.713221 ], [ -73.968867, 40.71224 ], [ -73.969943, 40.70931 ], [ -73.96985, 40.708011 ], [ -73.969294, 40.707102 ], [ -73.968385, 40.706838 ], [ -73.967211, 40.704264 ], [ -73.962181, 40.700229 ], [ -73.962841, 40.698047 ], [ -73.961052, 40.698334 ], [ -73.957021, 40.698982 ], [ -73.941932, 40.700733 ], [ -73.933952, 40.702683 ], [ -73.925963, 40.705818 ], [ -73.921893, 40.709404 ], [ -73.92075, 40.710542 ], [ -73.921547, 40.711052 ], [ -73.922236, 40.712864 ], [ -73.924061, 40.71412 ] ] ] } },
{ "type": "Feature", "properties": { "cdta2020": "BK02", "slug": "bk02" }, "geometry": { "type": "Polygon", "coordinates": [ [ [ -73.969294, 40.707102 ], [ -73.969298, 40.705097 ], [ -73.967478, 40.703958 ], [ -73.967623, 40.703357 ], [ -73.970182, 40.704938 ], [ -73.97049, 40.705409 ], [ -73.970264, 40.706896 ], [ -73.972322, 40.709091 ], [ -73.972759, 40.70884 ], [ -73.971058, 40.706955 ], [ -73.971226, 40.705798 ], [ -73.974238, 40.708033 ], [ -73.974631, 40.707689 ], [ -73.97255, 40.706213 ], [ -73.973394, 40.705742 ], [ -73.971021, 40.703824 ], [ -73.971458, 40.703517 ], [ -73.968987, 40.701755 ], [ -73.969247, 40.701373 ], [ -73.972671, 40.70351 ], [ -73.97284, 40.703355 ], [ -73.969488, 40.700527 ], [ -73.969827, 40.700253 ], [ -73.972837, 40.702737 ], [ -73.973326, 40.702421 ], [ -73.970807, 40.700106 ], [ -73.97114, 40.699926 ], [ -73.973188, 40.701678 ], [ -73.97432, 40.701203 ], [ -73.975361, 40.699589 ], [ -73.975801, 40.699761 ], [ -73.974552, 40.701599 ], [ -73.976007, 40.701954 ], [ -73.976929, 40.702806 ], [ -73.975962, 40.704724 ], [ -73.977213, 40.704222 ], [ -73.978022, 40.704299 ], [ -73.979281, 40.705798 ], [ -73.98091, 40.705916 ], [ -73.982331, 40.70556 ], [ -73.98246, 40.705551 ], [ -73.98344, 40.705652 ], [ -73.988291, 40.705079 ], [ -73.988305, 40.704549 ], [ -73.990093, 40.704952 ], [ -73.990949, 40.704041 ], [ -73.992129, 40.704698 ], [ -73.994571, 40.704384 ], [ -73.994884, 40.703796 ], [ -73.994802, 40.7033 ], [ -73.995047, 40.70314 ], [ -73.99514, 40.702982 ], [ -73.996699, 40.700885 ], [ -73.9975, 40.699647 ], [ -73.998022, 40.69877 ], [ -73.998379, 40.698072 ], [ -73.998873, 40.697166 ], [ -74.00027, 40.694974 ], [ -74.00096, 40.694077 ], [ -74.001272, 40.693304 ], [ -74.001745, 40.692415 ], [ -73.999917, 40.691775 ], [ -73.992365, 40.689698 ], [ -73.993931, 40.686461 ], [ -73.98913, 40.684598 ], [ -73.988284, 40.685875 ], [ -73.979618, 40.6825 ], [ -73.978079, 40.684923 ], [ -73.977459, 40.684061 ], [ -73.975952, 40.683522 ], [ -73.973762, 40.683058 ], [ -73.961348, 40.680472 ], [ -73.961672, 40.682699 ], [ -73.958842, 40.683026 ], [ -73.960294, 40.690354 ], [ -73.959429, 40.690456 ], [ -73.961052, 40.698334 ], [ -73.962841, 40.698047 ], [ -73.962181, 40.700229 ], [ -73.967211, 40.704264 ], [ -73.968385, 40.706838 ], [ -73.969294, 40.707102 ] ] ] } },
{ "type": "Feature", "properties": { "cdta2020": "BK03", "slug": "bk03" }, "geometry": { "type": "Polygon", "coordinates": [ [ [ -73.918048, 40.687221 ], [ -73.929703, 40.693872 ], [ -73.941932, 40.700733 ], [ -73.957021, 40.698982 ], [ -73.961052, 40.698334 ], [ -73.959429, 40.690456 ], [ -73.960294, 40.690354 ], [ -73.958842, 40.683026 ], [ -73.961672, 40.682699 ], [ -73.961348, 40.680472 ], [ -73.95596, 40.679354 ], [ -73.952054, 40.678683 ], [ -73.921817, 40.677027 ], [ -73.921649, 40.678879 ], [ -73.916303, 40.678585 ], [ -73.918048, 40.687221 ] ] ] } },
{ "type": "Feature", "properties": { "cdta2020": "BK04", "slug": "bk04" }, "geometry": { "type": "Polygon", "coordinates": [ [ [ -73.896528, 40.682412 ], [ -73.901163, 40.687886 ], [ -73.900426, 40.688192 ], [ -73.901889, 40.691086 ], [ -73.9014, 40.691598 ], [ -73.905797, 40.694135 ], [ -73.904262, 40.695709 ], [ -73.911808, 40.699955 ], [ -73.91068, 40.701054 ], [ -73.912906, 40.70237 ], [ -73.911808, 40.703443 ], [ -73.921893, 40.709404 ], [ -73.925963, 40.705818 ], [ -73.933952, 40.702683 ], [ -73.941932, 40.700733 ], [ -73.929703, 40.693872 ], [ -73.918048, 40.687221 ], [ -73.910771, 40.683101 ], [ -73.904048, 40.679229 ], [ -73.902624, 40.680673 ], [ -73.900247, 40.679431 ], [ -73.898901, 40.679569 ], [ -73.897385, 40.680177 ], [ -73.897106, 40.680485 ], [ -73.896901, 40.680824 ], [ -73.896528, 40.682412 ] ] ] } },
{ "type": "Feature", "properties": { "cdta2020": "BK05", "slug": "bk05" }, "geometry": { "type": "MultiPolygon", "coordinates": [ [ [ [ -73.888469, 40.646908 ], [ -73.888293, 40.646727 ], [ -73.888643, 40.647088 ], [ -73.888537, 40.646976 ], [ -73.888469, 40.646908 ] ] ], [ [ [ -73.862347, 40.679173 ], [ -73.863351, 40.67936 ], [ -73.864102, 40.682381 ], [ -73.866021, 40.681928 ], [ -73.8666, 40.685278 ], [ -73.867458, 40.688409 ], [ -73.868596, 40.693893 ], [ -73.868407, 40.694739 ], [ -73.868919, 40.695155 ], [ -73.874022, 40.6942 ], [ -73.879508, 40.691155 ], [ -73.883778, 40.687872 ], [ -73.884524, 40.686693 ], [ -73.888085, 40.685302 ], [ -73.889629, 40.684245 ], [ -73.890156, 40.685012 ], [ -73.892584, 40.6835 ], [ -73.894176, 40.685292 ], [ -73.895306, 40.684089 ], [ -73.896528, 40.682412 ], [ -73.896901, 40.680824 ], [ -73.897106, 40.680485 ], [ -73.897385, 40.680177 ], [ -73.898901, 40.679569 ], [ -73.900247, 40.679431 ], [ -73.902624, 40.680673 ], [ -73.904048, 40.679229 ], [ -73.900048, 40.676901 ], [ -73.903476, 40.675515 ], [ -73.902662, 40.672205 ], [ -73.90043, 40.663816 ], [ -73.901453, 40.663667 ], [ -73.900663, 40.660594 ], [ -73.899654, 40.660744 ], [ -73.89879, 40.657421 ], [ -73.900296, 40.657217 ], [ -73.902304, 40.655789 ], [ -73.902724, 40.655535 ], [ -73.90318, 40.65532 ], [ -73.907845, 40.6546 ], [ -73.907402, 40.652852 ], [ -73.908559, 40.652104 ], [ -73.90945, 40.65153 ], [ -73.903983, 40.646637 ], [ -73.895863, 40.651889 ], [ -73.897612, 40.653462 ], [ -73.893548, 40.655211 ], [ -73.891947, 40.65303 ], [ -73.890007, 40.651157 ], [ -73.891253, 40.650034 ], [ -73.890569, 40.649217 ], [ -73.889958, 40.64927 ], [ -73.888638, 40.648033 ], [ -73.887642, 40.647811 ], [ -73.887638, 40.646334 ], [ -73.887203, 40.64561 ], [ -73.885579, 40.644049 ], [ -73.884809, 40.643955 ], [ -73.883421, 40.644532 ], [ -73.88215, 40.643752 ], [ -73.881395, 40.642356 ], [ -73.880069, 40.642012 ], [ -73.880479, 40.641127 ], [ -73.878352, 40.63888 ], [ -73.876473, 40.64262 ], [ -73.87497, 40.645007 ], [ -73.873862, 40.646323 ], [ -73.876723, 40.650332 ], [ -73.876763, 40.650569 ], [ -73.87911, 40.653714 ], [ -73.879217, 40.654597 ], [ -73.873522, 40.646885 ], [ -73.871264, 40.648556 ], [ -73.869268, 40.649776 ], [ -73.862787, 40.653271 ], [ -73.860542, 40.654632 ], [ -73.860991, 40.655218 ], [ -73.862643, 40.655676 ], [ -73.863278, 40.656949 ], [ -73.862699, 40.657627 ], [ -73.863172, 40.658285 ], [ -73.860306, 40.659643 ], [ -73.857617, 40.660127 ], [ -73.858431, 40.663462 ], [ -73.855686, 40.663876 ], [ -73.857635, 40.671664 ], [ -73.860387, 40.67126 ], [ -73.862347, 40.679173 ] ] ] ] } },
{ "type": "Feature", "properties": { "cdta2020": "BK06", "slug": "bk06" }, "geometry": { "type": "Polygon", "coordinates": [ [ [ -73.973762, 40.683058 ], [ -73.975952, 40.683522 ], [ -73.977459, 40.684061 ], [ -73.978079, 40.684923 ], [ -73.979618, 40.6825 ], [ -73.988284, 40.685875 ], [ -73.98913, 40.684598 ], [ -73.993931, 40.686461 ], [ -73.992365, 40.689698 ], [ -73.999917, 40.691775 ], [ -74.001745, 40.692415 ], [ -74.0018, 40.692278 ], [ -74.001813, 40.692246 ], [ -74.001971, 40.691852 ], [ -74.000701, 40.69062 ], [ -74.000963, 40.690137 ], [ -74.002977, 40.690435 ], [ -74.003411, 40.689621 ], [ -74.003822, 40.688938 ], [ -74.005005, 40.687614 ], [ -74.005631, 40.686793 ], [ -74.005884, 40.686204 ], [ -74.007021, 40.686535 ], [ -74.008166, 40.686183 ], [ -74.011934, 40.683896 ], [ -74.010775, 40.684367 ], [ -74.009673, 40.683277 ], [ -74.01302, 40.680421 ], [ -74.013875, 40.681018 ], [ -74.014107, 40.681721 ], [ -74.012136, 40.682914 ], [ -74.012822, 40.683631 ], [ -74.015202, 40.681988 ], [ -74.019283, 40.679656 ], [ -74.01858, 40.678991 ], [ -74.018432, 40.677917 ], [ -74.019771, 40.676621 ], [ -74.017978, 40.676576 ], [ -74.018159, 40.67439 ], [ -74.017273, 40.673617 ], [ -74.018802, 40.672259 ], [ -74.01817, 40.671948 ], [ -74.014965, 40.674686 ], [ -74.014581, 40.674422 ], [ -74.016322, 40.672917 ], [ -74.015121, 40.672165 ], [ -74.013365, 40.6736 ], [ -74.012977, 40.673336 ], [ -74.014234, 40.672138 ], [ -74.014276, 40.671388 ], [ -74.011627, 40.670589 ], [ -74.010875, 40.669718 ], [ -74.010878, 40.66861 ], [ -74.012281, 40.665741 ], [ -74.016689, 40.665445 ], [ -74.017512, 40.671043 ], [ -74.018884, 40.67161 ], [ -74.018577, 40.670401 ], [ -74.017889, 40.665859 ], [ -74.016904, 40.664855 ], [ -74.01575, 40.664577 ], [ -74.011542, 40.665094 ], [ -74.009856, 40.668532 ], [ -74.006617, 40.668631 ], [ -74.005441, 40.67093 ], [ -74.004755, 40.67073 ], [ -74.006004, 40.667898 ], [ -74.005104, 40.667984 ], [ -74.002896, 40.667357 ], [ -74.002217, 40.668587 ], [ -74.001417, 40.668368 ], [ -74.000305, 40.668725 ], [ -73.998771, 40.67161 ], [ -73.998552, 40.671934 ], [ -73.996625, 40.668862 ], [ -73.994704, 40.666674 ], [ -73.992772, 40.665516 ], [ -73.991735, 40.666745 ], [ -73.980173, 40.661163 ], [ -73.979655, 40.661252 ], [ -73.971817, 40.670638 ], [ -73.970409, 40.672656 ], [ -73.968944, 40.672896 ], [ -73.968721, 40.673665 ], [ -73.969499, 40.675915 ], [ -73.971887, 40.676403 ], [ -73.976182, 40.678073 ], [ -73.974693, 40.680275 ], [ -73.973762, 40.683058 ] ] ] } },
{ "type": "Feature", "properties": { "cdta2020": "BK07", "slug": "bk07" }, "geometry": { "type": "Polygon", "coordinates": [ [ [ -73.980173, 40.661163 ], [ -73.991735, 40.666745 ], [ -73.992772, 40.665516 ], [ -73.994704, 40.666674 ], [ -73.996625, 40.668862 ], [ -73.998552, 40.671934 ], [ -73.998771, 40.67161 ], [ -73.998894, 40.669947 ], [ -73.998657, 40.669523 ], [ -73.999983, 40.667459 ], [ -74.000689, 40.667554 ], [ -74.002926, 40.666471 ], [ -73.999533, 40.664406 ], [ -74.001137, 40.66291 ], [ -74.004863, 40.665073 ], [ -74.005652, 40.663909 ], [ -74.007127, 40.664923 ], [ -74.007723, 40.664727 ], [ -74.005615, 40.663467 ], [ -74.006228, 40.662796 ], [ -74.006163, 40.661853 ], [ -74.008685, 40.66338 ], [ -74.009552, 40.663276 ], [ -74.010374, 40.662407 ], [ -74.00746, 40.660567 ], [ -74.008601, 40.659529 ], [ -74.012655, 40.66199 ], [ -74.014024, 40.661538 ], [ -74.011109, 40.659714 ], [ -74.01184, 40.658921 ], [ -74.013664, 40.660037 ], [ -74.014006, 40.65982 ], [ -74.015543, 40.660767 ], [ -74.01746, 40.659458 ], [ -74.014423, 40.657616 ], [ -74.015855, 40.656222 ], [ -74.018607, 40.657854 ], [ -74.01911, 40.657377 ], [ -74.016396, 40.655629 ], [ -74.017876, 40.65407 ], [ -74.020053, 40.655344 ], [ -74.019621, 40.654174 ], [ -74.021151, 40.654219 ], [ -74.021631, 40.653653 ], [ -74.021188, 40.652848 ], [ -74.02196, 40.652231 ], [ -74.0209, 40.651256 ], [ -74.021543, 40.65068 ], [ -74.022725, 40.651306 ], [ -74.024913, 40.651115 ], [ -74.02554, 40.64979 ], [ -74.024147, 40.647623 ], [ -74.025073, 40.646734 ], [ -74.025719, 40.646624 ], [ -74.029391, 40.648812 ], [ -74.029742, 40.648494 ], [ -74.026051, 40.64627 ], [ -74.028207, 40.644024 ], [ -74.03052, 40.645283 ], [ -74.032299, 40.64359 ], [ -74.029833, 40.642328 ], [ -74.028898, 40.641222 ], [ -74.026238, 40.640135 ], [ -74.026954, 40.639454 ], [ -74.024756, 40.63813 ], [ -74.022279, 40.640699 ], [ -74.021653, 40.640612 ], [ -74.021627, 40.639186 ], [ -74.020589, 40.637823 ], [ -74.016775, 40.635443 ], [ -74.016292, 40.635919 ], [ -74.01191, 40.633243 ], [ -74.010744, 40.634365 ], [ -74.007025, 40.632118 ], [ -74.005566, 40.633091 ], [ -74.009559, 40.635501 ], [ -73.997024, 40.647546 ], [ -73.996047, 40.648349 ], [ -73.98906, 40.644128 ], [ -73.988351, 40.644571 ], [ -73.981807, 40.647136 ], [ -73.975274, 40.647839 ], [ -73.973149, 40.647611 ], [ -73.971398, 40.648266 ], [ -73.974186, 40.657872 ], [ -73.975159, 40.658731 ], [ -73.980173, 40.661163 ] ] ] } },
{ "type": "Feature", "properties": { "cdta2020": "BK08", "slug": "bk08" }, "geometry": { "type": "Polygon", "coordinates": [ [ [ -73.921817, 40.677027 ], [ -73.952054, 40.678683 ], [ -73.95596, 40.679354 ], [ -73.961348, 40.680472 ], [ -73.973762, 40.683058 ], [ -73.974693, 40.680275 ], [ -73.976182, 40.678073 ], [ -73.971887, 40.676403 ], [ -73.969499, 40.675915 ], [ -73.968721, 40.673665 ], [ -73.968944, 40.672896 ], [ -73.967487, 40.67287 ], [ -73.962573, 40.671631 ], [ -73.955271, 40.670133 ], [ -73.928351, 40.668655 ], [ -73.928723, 40.664504 ], [ -73.924392, 40.66639 ], [ -73.922754, 40.667106 ], [ -73.921817, 40.677027 ] ] ] } },
{ "type": "Feature", "properties": { "cdta2020": "BK09", "slug": "bk09" }, "geometry": { "type": "Polygon", "coordinates": [ [ [ -73.928723, 40.664504 ], [ -73.928351, 40.668655 ], [ -73.955271, 40.670133 ], [ -73.962573, 40.671631 ], [ -73.960957, 40.663293 ], [ -73.962251, 40.663207 ], [ -73.963084, 40.662139 ], [ -73.961882, 40.654889 ], [ -73.959863, 40.655643 ], [ -73.959698, 40.654847 ], [ -73.956302, 40.655057 ], [ -73.95639, 40.655883 ], [ -73.950161, 40.656269 ], [ -73.950068, 40.655431 ], [ -73.930905, 40.656619 ], [ -73.931085, 40.658304 ], [ -73.933997, 40.658127 ], [ -73.934232, 40.660424 ], [ -73.931327, 40.660602 ], [ -73.931609, 40.663565 ], [ -73.930686, 40.663629 ], [ -73.928723, 40.664504 ] ] ] } },
{ "type": "Feature", "properties": { "cdta2020": "BK10", "slug": "bk10" }, "geometry": { "type": "Polygon", "coordinates": [ [ [ -74.032299, 40.64359 ], [ -74.034075, 40.644322 ], [ -74.036705, 40.641694 ], [ -74.035714, 40.640648 ], [ -74.036726, 40.639149 ], [ -74.041071, 40.630183 ], [ -74.041878, 40.624528 ], [ -74.041619, 40.620571 ], [ -74.041377, 40.620002 ], [ -74.040478, 40.615634 ], [ -74.039026, 40.613167 ], [ -74.037196, 40.61154 ], [ -74.036041, 40.609304 ], [ -74.035006, 40.608705 ], [ -74.034274, 40.607726 ], [ -74.032708, 40.606339 ], [ -74.031018, 40.60526 ], [ -74.02931, 40.604607 ], [ -74.020779, 40.603511 ], [ -74.019429, 40.60288 ], [ -74.017469, 40.604973 ], [ -74.0155, 40.60685 ], [ -74.017021, 40.607663 ], [ -73.999322, 40.624664 ], [ -73.997715, 40.623689 ], [ -73.997242, 40.625297 ], [ -74.002516, 40.628482 ], [ -74.001932, 40.629041 ], [ -74.007025, 40.632118 ], [ -74.010744, 40.634365 ], [ -74.01191, 40.633243 ], [ -74.016292, 40.635919 ], [ -74.016775, 40.635443 ], [ -74.020589, 40.637823 ], [ -74.021627, 40.639186 ], [ -74.021653, 40.640612 ], [ -74.022279, 40.640699 ], [ -74.024756, 40.63813 ], [ -74.026954, 40.639454 ], [ -74.026238, 40.640135 ], [ -74.028898, 40.641222 ], [ -74.029833, 40.642328 ], [ -74.032299, 40.64359 ] ] ] } },
{ "type": "Feature", "properties": { "cdta2020": "BK11", "slug": "bk11" }, "geometry": { "type": "Polygon", "coordinates": [ [ [ -73.972996, 40.608822 ], [ -73.974032, 40.60871 ], [ -73.974778, 40.612647 ], [ -73.986277, 40.619575 ], [ -73.985695, 40.62014 ], [ -73.99679, 40.626834 ], [ -73.997242, 40.625297 ], [ -73.997715, 40.623689 ], [ -73.999322, 40.624664 ], [ -74.017021, 40.607663 ], [ -74.0155, 40.60685 ], [ -74.017469, 40.604973 ], [ -74.019429, 40.60288 ], [ -74.01473, 40.602074 ], [ -74.012371, 40.601358 ], [ -74.009219, 40.599852 ], [ -74.005575, 40.597577 ], [ -74.004115, 40.596458 ], [ -74.002757, 40.59505 ], [ -74.001097, 40.592527 ], [ -73.999485, 40.592977 ], [ -73.999033, 40.592321 ], [ -74.00006, 40.591723 ], [ -73.999169, 40.591157 ], [ -73.99755, 40.591926 ], [ -73.997113, 40.591286 ], [ -73.998445, 40.590248 ], [ -73.998674, 40.589204 ], [ -73.997935, 40.588408 ], [ -73.993759, 40.59034 ], [ -73.99331, 40.589592 ], [ -73.991541, 40.590399 ], [ -73.990366, 40.59144 ], [ -73.989623, 40.59099 ], [ -73.986021, 40.594454 ], [ -73.984641, 40.59356 ], [ -73.980712, 40.594005 ], [ -73.979956, 40.594082 ], [ -73.980359, 40.5962 ], [ -73.971485, 40.59718 ], [ -73.971912, 40.599431 ], [ -73.972913, 40.599324 ], [ -73.972179, 40.604203 ], [ -73.972996, 40.608822 ] ] ] } },
{ "type": "Feature", "properties": { "cdta2020": "BK12", "slug": "bk12" }, "geometry": { "type": "Polygon", "coordinates": [ [ [ -73.971398, 40.648266 ], [ -73.973149, 40.647611 ], [ -73.975274, 40.647839 ], [ -73.981807, 40.647136 ], [ -73.988351, 40.644571 ], [ -73.98906, 40.644128 ], [ -73.996047, 40.648349 ], [ -73.997024, 40.647546 ], [ -74.009559, 40.635501 ], [ -74.005566, 40.633091 ], [ -74.007025, 40.632118 ], [ -74.001932, 40.629041 ], [ -74.002516, 40.628482 ], [ -73.997242, 40.625297 ], [ -73.99679, 40.626834 ], [ -73.985695, 40.62014 ], [ -73.986277, 40.619575 ], [ -73.974778, 40.612647 ], [ -73.974032, 40.60871 ], [ -73.972996, 40.608822 ], [ -73.964298, 40.609785 ], [ -73.964783, 40.612339 ], [ -73.962861, 40.612558 ], [ -73.966083, 40.629551 ], [ -73.971368, 40.628937 ], [ -73.970923, 40.626578 ], [ -73.976236, 40.625985 ], [ -73.977167, 40.630755 ], [ -73.96987, 40.634203 ], [ -73.970292, 40.636415 ], [ -73.96804, 40.636659 ], [ -73.971398, 40.648266 ] ] ] } },
{ "type": "Feature", "properties": { "cdta2020": "BK13", "slug": "bk13" }, "geometry": { "type": "Polygon", "coordinates": [ [ [ -73.980712, 40.594005 ], [ -73.984641, 40.59356 ], [ -73.986021, 40.594454 ], [ -73.989623, 40.59099 ], [ -73.990366, 40.59144 ], [ -73.991541, 40.590399 ], [ -73.99331, 40.589592 ], [ -73.993759, 40.59034 ], [ -73.997935, 40.588408 ], [ -73.995349, 40.58934 ], [ -73.994081, 40.588702 ], [ -73.998147, 40.58654 ], [ -73.999358, 40.58639 ], [ -73.999341, 40.584869 ], [ -74.000361, 40.584195 ], [ -74.000181, 40.583082 ], [ -73.996057, 40.582137 ], [ -73.993549, 40.58307 ], [ -73.992675, 40.583597 ], [ -73.990339, 40.584227 ], [ -73.991697, 40.581867 ], [ -73.991632, 40.581088 ], [ -73.989956, 40.58067 ], [ -73.988582, 40.579828 ], [ -73.987575, 40.58004 ], [ -73.986846, 40.58124 ], [ -73.985887, 40.581153 ], [ -73.987023, 40.580031 ], [ -73.987392, 40.579095 ], [ -73.988992, 40.578843 ], [ -73.990364, 40.579433 ], [ -73.992156, 40.579329 ], [ -73.997719, 40.580715 ], [ -73.998184, 40.581734 ], [ -73.999643, 40.581325 ], [ -74.002945, 40.581441 ], [ -74.006049, 40.581992 ], [ -74.007455, 40.581812 ], [ -74.010545, 40.580623 ], [ -74.012004, 40.579636 ], [ -74.013029, 40.577859 ], [ -74.012459, 40.576619 ], [ -74.012017, 40.574893 ], [ -74.011158, 40.574175 ], [ -74.010076, 40.573839 ], [ -74.00669, 40.573405 ], [ -74.004801, 40.572887 ], [ -74.002489, 40.571747 ], [ -74.002013, 40.570217 ], [ -74.00078, 40.570499 ], [ -73.998634, 40.570516 ], [ -73.997357, 40.570286 ], [ -73.992529, 40.570477 ], [ -73.98727, 40.571084 ], [ -73.978456, 40.5719 ], [ -73.975472, 40.571977 ], [ -73.972498, 40.572584 ], [ -73.968565, 40.573134 ], [ -73.958436, 40.574097 ], [ -73.954399, 40.574379 ], [ -73.952399, 40.574255 ], [ -73.953812, 40.581756 ], [ -73.954144, 40.583114 ], [ -73.956459, 40.582667 ], [ -73.957338, 40.583033 ], [ -73.959111, 40.582865 ], [ -73.960049, 40.583278 ], [ -73.960681, 40.591606 ], [ -73.974194, 40.590114 ], [ -73.975572, 40.589956 ], [ -73.977516, 40.591145 ], [ -73.977697, 40.592195 ], [ -73.980712, 40.594005 ] ] ] } },
{ "type": "Feature", "properties": { "cdta2020": "BK14", "slug": "bk14" }, "geometry": { "type": "Polygon", "coordinates": [ [ [ -73.956302, 40.655057 ], [ -73.959698, 40.654847 ], [ -73.959863, 40.655643 ], [ -73.961882, 40.654889 ], [ -73.966215, 40.653198 ], [ -73.964656, 40.650896 ], [ -73.971398, 40.648266 ], [ -73.96804, 40.636659 ], [ -73.970292, 40.636415 ], [ -73.96987, 40.634203 ], [ -73.977167, 40.630755 ], [ -73.976236, 40.625985 ], [ -73.970923, 40.626578 ], [ -73.971368, 40.628937 ], [ -73.966083, 40.629551 ], [ -73.962861, 40.612558 ], [ -73.962387, 40.609994 ], [ -73.949785, 40.61138 ], [ -73.950267, 40.613933 ], [ -73.947428, 40.614233 ], [ -73.945738, 40.615372 ], [ -73.946515, 40.619502 ], [ -73.94452, 40.619722 ], [ -73.945426, 40.624504 ], [ -73.946424, 40.624394 ], [ -73.947328, 40.629175 ], [ -73.944157, 40.629517 ], [ -73.946481, 40.631716 ], [ -73.945619, 40.631786 ], [ -73.945869, 40.634126 ], [ -73.947775, 40.634006 ], [ -73.948266, 40.638615 ], [ -73.951161, 40.638426 ], [ -73.953601, 40.638431 ], [ -73.954128, 40.639169 ], [ -73.954732, 40.644781 ], [ -73.955653, 40.646639 ], [ -73.958108, 40.646526 ], [ -73.958262, 40.648541 ], [ -73.958709, 40.650396 ], [ -73.955827, 40.650538 ], [ -73.956302, 40.655057 ] ] ] } },
{ "type": "Feature", "properties": { "cdta2020": "BK15", "slug": "bk15" }, "geometry": { "type": "Polygon", "coordinates": [ [ [ -73.918094, 40.586579 ], [ -73.918192, 40.586615 ], [ -73.92957, 40.596828 ], [ -73.928133, 40.597786 ], [ -73.933553, 40.602695 ], [ -73.934264, 40.602239 ], [ -73.939728, 40.607141 ], [ -73.937539, 40.608566 ], [ -73.939349, 40.610195 ], [ -73.942313, 40.608276 ], [ -73.943548, 40.609355 ], [ -73.944829, 40.616054 ], [ -73.945738, 40.615372 ], [ -73.947428, 40.614233 ], [ -73.950267, 40.613933 ], [ -73.949785, 40.61138 ], [ -73.962387, 40.609994 ], [ -73.962861, 40.612558 ], [ -73.964783, 40.612339 ], [ -73.964298, 40.609785 ], [ -73.972996, 40.608822 ], [ -73.972179, 40.604203 ], [ -73.972913, 40.599324 ], [ -73.971912, 40.599431 ], [ -73.971485, 40.59718 ], [ -73.980359, 40.5962 ], [ -73.979956, 40.594082 ], [ -73.980712, 40.594005 ], [ -73.977697, 40.592195 ], [ -73.977516, 40.591145 ], [ -73.975572, 40.589956 ], [ -73.974194, 40.590114 ], [ -73.960681, 40.591606 ], [ -73.960049, 40.583278 ], [ -73.959111, 40.582865 ], [ -73.957338, 40.583033 ], [ -73.956459, 40.582667 ], [ -73.954144, 40.583114 ], [ -73.953812, 40.581756 ], [ -73.952399, 40.574255 ], [ -73.948965, 40.574786 ], [ -73.945925, 40.575124 ], [ -73.944166, 40.575815 ], [ -73.942511, 40.575382 ], [ -73.936851, 40.575565 ], [ -73.936473, 40.575869 ], [ -73.93508, 40.575518 ], [ -73.931504, 40.575669 ], [ -73.931062, 40.576274 ], [ -73.932505, 40.581155 ], [ -73.942742, 40.581004 ], [ -73.949698, 40.582328 ], [ -73.953303, 40.582011 ], [ -73.953495, 40.582996 ], [ -73.948369, 40.583497 ], [ -73.946288, 40.583577 ], [ -73.941442, 40.583348 ], [ -73.936114, 40.583321 ], [ -73.934211, 40.582988 ], [ -73.931865, 40.583091 ], [ -73.932044, 40.584242 ], [ -73.930098, 40.58451 ], [ -73.930192, 40.585094 ], [ -73.931271, 40.585445 ], [ -73.931401, 40.586088 ], [ -73.927218, 40.584792 ], [ -73.925835, 40.584961 ], [ -73.928084, 40.586706 ], [ -73.929704, 40.587616 ], [ -73.931093, 40.589335 ], [ -73.931566, 40.59256 ], [ -73.932828, 40.594812 ], [ -73.931021, 40.594625 ], [ -73.930018, 40.594103 ], [ -73.929714, 40.593128 ], [ -73.930313, 40.592202 ], [ -73.930537, 40.590272 ], [ -73.930036, 40.589434 ], [ -73.92816, 40.588834 ], [ -73.924201, 40.591373 ], [ -73.923954, 40.591148 ], [ -73.927763, 40.588669 ], [ -73.926844, 40.587298 ], [ -73.925205, 40.585814 ], [ -73.922355, 40.586032 ], [ -73.921014, 40.585762 ], [ -73.918094, 40.586579 ] ] ] } },
{ "type": "Feature", "properties": { "cdta2020": "BK16", "slug": "bk16" }, "geometry": { "type": "Polygon", "coordinates": [ [ [ -73.904048, 40.679229 ], [ -73.910771, 40.683101 ], [ -73.918048, 40.687221 ], [ -73.916303, 40.678585 ], [ -73.921649, 40.678879 ], [ -73.921817, 40.677027 ], [ -73.922754, 40.667106 ], [ -73.924392, 40.66639 ], [ -73.921657, 40.663852 ], [ -73.919098, 40.664239 ], [ -73.918186, 40.660735 ], [ -73.912366, 40.655522 ], [ -73.910124, 40.65586 ], [ -73.909336, 40.652817 ], [ -73.908559, 40.652104 ], [ -73.907402, 40.652852 ], [ -73.907845, 40.6546 ], [ -73.90318, 40.65532 ], [ -73.902724, 40.655535 ], [ -73.902304, 40.655789 ], [ -73.900296, 40.657217 ], [ -73.89879, 40.657421 ], [ -73.899654, 40.660744 ], [ -73.900663, 40.660594 ], [ -73.901453, 40.663667 ], [ -73.90043, 40.663816 ], [ -73.902662, 40.672205 ], [ -73.903476, 40.675515 ], [ -73.900048, 40.676901 ], [ -73.904048, 40.679229 ] ] ] } },
{ "type": "Feature", "properties": { "cdta2020": "BK17", "slug": "bk17" }, "geometry": { "type": "Polygon", "coordinates": [ [ [ -73.908559, 40.652104 ], [ -73.909336, 40.652817 ], [ -73.910124, 40.65586 ], [ -73.912366, 40.655522 ], [ -73.918186, 40.660735 ], [ -73.919098, 40.664239 ], [ -73.921657, 40.663852 ], [ -73.924392, 40.66639 ], [ -73.928723, 40.664504 ], [ -73.930686, 40.663629 ], [ -73.931609, 40.663565 ], [ -73.931327, 40.660602 ], [ -73.934232, 40.660424 ], [ -73.933997, 40.658127 ], [ -73.931085, 40.658304 ], [ -73.930905, 40.656619 ], [ -73.950068, 40.655431 ], [ -73.950161, 40.656269 ], [ -73.95639, 40.655883 ], [ -73.956302, 40.655057 ], [ -73.955827, 40.650538 ], [ -73.958709, 40.650396 ], [ -73.958262, 40.648541 ], [ -73.958108, 40.646526 ], [ -73.955653, 40.646639 ], [ -73.954732, 40.644781 ], [ -73.954128, 40.639169 ], [ -73.953601, 40.638431 ], [ -73.951161, 40.638426 ], [ -73.948266, 40.638615 ], [ -73.947775, 40.634006 ], [ -73.945869, 40.634126 ], [ -73.945619, 40.631786 ], [ -73.937019, 40.632319 ], [ -73.937268, 40.634659 ], [ -73.92745, 40.635267 ], [ -73.926526, 40.636501 ], [ -73.925384, 40.642393 ], [ -73.923567, 40.642507 ], [ -73.9233, 40.639931 ], [ -73.919739, 40.642786 ], [ -73.919952, 40.644716 ], [ -73.90945, 40.65153 ], [ -73.908559, 40.652104 ] ] ] } },
{ "type": "Feature", "properties": { "cdta2020": "BK18", "slug": "bk18" }, "geometry": { "type": "MultiPolygon", "coordinates": [ [ [ [ -73.932044, 40.584242 ], [ -73.931865, 40.583091 ], [ -73.931181, 40.582724 ], [ -73.93035, 40.583282 ], [ -73.927127, 40.583587 ], [ -73.923215, 40.583451 ], [ -73.91989, 40.582686 ], [ -73.918141, 40.582147 ], [ -73.915016, 40.581547 ], [ -73.911477, 40.581852 ], [ -73.911788, 40.582915 ], [ -73.913361, 40.582962 ], [ -73.914358, 40.582405 ], [ -73.914988, 40.583161 ], [ -73.912863, 40.583079 ], [ -73.912383, 40.584631 ], [ -73.912587, 40.585575 ], [ -73.913501, 40.586104 ], [ -73.915213, 40.58629 ], [ -73.918797, 40.585232 ], [ -73.920008, 40.584673 ], [ -73.923481, 40.584826 ], [ -73.925292, 40.584649 ], [ -73.925835, 40.584961 ], [ -73.927218, 40.584792 ], [ -73.931401, 40.586088 ], [ -73.931271, 40.585445 ], [ -73.930192, 40.585094 ], [ -73.930098, 40.58451 ], [ -73.932044, 40.584242 ] ] ], [ [ [ -73.916265, 40.598169 ], [ -73.91916, 40.599618 ], [ -73.919897, 40.599614 ], [ -73.920833, 40.599551 ], [ -73.922259, 40.598478 ], [ -73.921599, 40.597133 ], [ -73.917864, 40.594718 ], [ -73.916433, 40.593117 ], [ -73.915966, 40.592114 ], [ -73.914794, 40.591519 ], [ -73.913225, 40.592146 ], [ -73.91309, 40.594171 ], [ -73.914417, 40.596053 ], [ -73.916049, 40.597554 ], [ -73.916265, 40.598169 ] ] ], [ [ [ -73.889452, 40.647182 ], [ -73.891085, 40.648801 ], [ -73.890569, 40.649217 ], [ -73.891253, 40.650034 ], [ -73.890007, 40.651157 ], [ -73.891947, 40.65303 ], [ -73.893548, 40.655211 ], [ -73.897612, 40.653462 ], [ -73.895863, 40.651889 ], [ -73.903983, 40.646637 ], [ -73.90945, 40.65153 ], [ -73.919952, 40.644716 ], [ -73.919739, 40.642786 ], [ -73.9233, 40.639931 ], [ -73.923567, 40.642507 ], [ -73.925384, 40.642393 ], [ -73.926526, 40.636501 ], [ -73.92745, 40.635267 ], [ -73.937268, 40.634659 ], [ -73.937019, 40.632319 ], [ -73.945619, 40.631786 ], [ -73.946481, 40.631716 ], [ -73.944157, 40.629517 ], [ -73.947328, 40.629175 ], [ -73.946424, 40.624394 ], [ -73.945426, 40.624504 ], [ -73.94452, 40.619722 ], [ -73.946515, 40.619502 ], [ -73.945738, 40.615372 ], [ -73.944829, 40.616054 ], [ -73.943548, 40.609355 ], [ -73.942313, 40.608276 ], [ -73.939349, 40.610195 ], [ -73.937539, 40.608566 ], [ -73.939728, 40.607141 ], [ -73.934264, 40.602239 ], [ -73.933553, 40.602695 ], [ -73.928133, 40.597786 ], [ -73.92957, 40.596828 ], [ -73.918192, 40.586615 ], [ -73.918094, 40.586579 ], [ -73.917575, 40.587253 ], [ -73.914726, 40.588667 ], [ -73.91455, 40.589554 ], [ -73.914922, 40.590362 ], [ -73.916555, 40.591289 ], [ -73.91783, 40.592831 ], [ -73.920314, 40.59472 ], [ -73.921777, 40.595039 ], [ -73.922522, 40.596052 ], [ -73.925049, 40.598293 ], [ -73.927849, 40.600324 ], [ -73.929228, 40.600496 ], [ -73.93149, 40.602116 ], [ -73.931964, 40.60313 ], [ -73.931176, 40.603859 ], [ -73.929106, 40.603638 ], [ -73.929543, 40.602757 ], [ -73.927458, 40.601576 ], [ -73.924755, 40.59977 ], [ -73.92398, 40.599699 ], [ -73.923247, 40.60084 ], [ -73.922093, 40.601734 ], [ -73.921424, 40.601699 ], [ -73.919584, 40.600781 ], [ -73.918625, 40.600681 ], [ -73.916891, 40.599549 ], [ -73.915805, 40.599266 ], [ -73.915067, 40.598006 ], [ -73.913585, 40.596764 ], [ -73.912007, 40.594254 ], [ -73.911919, 40.592469 ], [ -73.911439, 40.591089 ], [ -73.912074, 40.588402 ], [ -73.911974, 40.586706 ], [ -73.910887, 40.585956 ], [ -73.90811, 40.586805 ], [ -73.906838, 40.587002 ], [ -73.905855, 40.587496 ], [ -73.904231, 40.58693 ], [ -73.902101, 40.587365 ], [ -73.900882, 40.588062 ], [ -73.899636, 40.588013 ], [ -73.898806, 40.587473 ], [ -73.897975, 40.58605 ], [ -73.89802, 40.585155 ], [ -73.897274, 40.584329 ], [ -73.896603, 40.582646 ], [ -73.896761, 40.581258 ], [ -73.896514, 40.579015 ], [ -73.895525, 40.576778 ], [ -73.892422, 40.57739 ], [ -73.891042, 40.577886 ], [ -73.889642, 40.577804 ], [ -73.888126, 40.578737 ], [ -73.891477, 40.581774 ], [ -73.893836, 40.583673 ], [ -73.900988, 40.590111 ], [ -73.90495, 40.593877 ], [ -73.918277, 40.605862 ], [ -73.917951, 40.606217 ], [ -73.919243, 40.607394 ], [ -73.919505, 40.607983 ], [ -73.918017, 40.608875 ], [ -73.918054, 40.610284 ], [ -73.915733, 40.611839 ], [ -73.91663, 40.613452 ], [ -73.914936, 40.613966 ], [ -73.914497, 40.611661 ], [ -73.916166, 40.610524 ], [ -73.916785, 40.608782 ], [ -73.916324, 40.608684 ], [ -73.916737, 40.606823 ], [ -73.913526, 40.603937 ], [ -73.910924, 40.603514 ], [ -73.908327, 40.604082 ], [ -73.908858, 40.605068 ], [ -73.909778, 40.605831 ], [ -73.90934, 40.606486 ], [ -73.9081, 40.606287 ], [ -73.905976, 40.606392 ], [ -73.905207, 40.604916 ], [ -73.901899, 40.605738 ], [ -73.901679, 40.606103 ], [ -73.902216, 40.610352 ], [ -73.904287, 40.612025 ], [ -73.907777, 40.615251 ], [ -73.909009, 40.615781 ], [ -73.909646, 40.616584 ], [ -73.908388, 40.617399 ], [ -73.902713, 40.612255 ], [ -73.900552, 40.610448 ], [ -73.900779, 40.607552 ], [ -73.901097, 40.607017 ], [ -73.900137, 40.605612 ], [ -73.898503, 40.605305 ], [ -73.896727, 40.605645 ], [ -73.894893, 40.606402 ], [ -73.893348, 40.606752 ], [ -73.892747, 40.607203 ], [ -73.892254, 40.60919 ], [ -73.890304, 40.610326 ], [ -73.889793, 40.611694 ], [ -73.890551, 40.612127 ], [ -73.893551, 40.611009 ], [ -73.894044, 40.611437 ], [ -73.891416, 40.612134 ], [ -73.890956, 40.612842 ], [ -73.892501, 40.613801 ], [ -73.894452, 40.61394 ], [ -73.89542, 40.614422 ], [ -73.896451, 40.616124 ], [ -73.896626, 40.617137 ], [ -73.89562, 40.619761 ], [ -73.896443, 40.621403 ], [ -73.898119, 40.62186 ], [ -73.900636, 40.621781 ], [ -73.900853, 40.622485 ], [ -73.901869, 40.622971 ], [ -73.902695, 40.624222 ], [ -73.909182, 40.62721 ], [ -73.916593, 40.63046 ], [ -73.917506, 40.631364 ], [ -73.916986, 40.631905 ], [ -73.915904, 40.631958 ], [ -73.914758, 40.631152 ], [ -73.904129, 40.626314 ], [ -73.9029, 40.625886 ], [ -73.895189, 40.622509 ], [ -73.893951, 40.623194 ], [ -73.893007, 40.623365 ], [ -73.891489, 40.62449 ], [ -73.890424, 40.626287 ], [ -73.888286, 40.627901 ], [ -73.886529, 40.628655 ], [ -73.885131, 40.628835 ], [ -73.883694, 40.627568 ], [ -73.882634, 40.628283 ], [ -73.884049, 40.629568 ], [ -73.883646, 40.630952 ], [ -73.883015, 40.631634 ], [ -73.881272, 40.632377 ], [ -73.879989, 40.633523 ], [ -73.878207, 40.634581 ], [ -73.877146, 40.635985 ], [ -73.878419, 40.637466 ], [ -73.878875, 40.638448 ], [ -73.87954, 40.638226 ], [ -73.88079, 40.639766 ], [ -73.883737, 40.642459 ], [ -73.886027, 40.64367 ], [ -73.888096, 40.646221 ], [ -73.888537, 40.646976 ], [ -73.888643, 40.647088 ], [ -73.889452, 40.647182 ] ] ] ] } },
{ "type": "Feature", "properties": { "cdta2020": "BX01", "slug": "bx01" }, "geometry": { "type": "Polygon", "coordinates": [ [ [ -73.901294, 40.820484 ], [ -73.90991, 40.822559 ], [ -73.911893, 40.82215 ], [ -73.916217, 40.823476 ], [ -73.916775, 40.824395 ], [ -73.921949, 40.82104 ], [ -73.924027, 40.819294 ], [ -73.925186, 40.818021 ], [ -73.927318, 40.818568 ], [ -73.928858, 40.814888 ], [ -73.93028, 40.813256 ], [ -73.932425, 40.81416 ], [ -73.932876, 40.810422 ], [ -73.932284, 40.808372 ], [ -73.930519, 40.806599 ], [ -73.928728, 40.804112 ], [ -73.927646, 40.803997 ], [ -73.927629, 40.802704 ], [ -73.926659, 40.802418 ], [ -73.924229, 40.802553 ], [ -73.922929, 40.802382 ], [ -73.921329, 40.801293 ], [ -73.920242, 40.799622 ], [ -73.918805, 40.798888 ], [ -73.913724, 40.796798 ], [ -73.91169, 40.796632 ], [ -73.9111, 40.796896 ], [ -73.908305, 40.798967 ], [ -73.908423, 40.79945 ], [ -73.908133, 40.79944 ], [ -73.908104, 40.799548 ], [ -73.908075, 40.799581 ], [ -73.906587, 40.801116 ], [ -73.906522, 40.801184 ], [ -73.90415, 40.803464 ], [ -73.904072, 40.803529 ], [ -73.90395, 40.80363 ], [ -73.903929, 40.803643 ], [ -73.903767, 40.803762 ], [ -73.903743, 40.803776 ], [ -73.903358, 40.803869 ], [ -73.90334, 40.803864 ], [ -73.903088, 40.804005 ], [ -73.903061, 40.804026 ], [ -73.902906, 40.804147 ], [ -73.902879, 40.804166 ], [ -73.902224, 40.804956 ], [ -73.903419, 40.811515 ], [ -73.904467, 40.81229 ], [ -73.903011, 40.816326 ], [ -73.901294, 40.820484 ] ] ] } },
{ "type": "Feature", "properties": { "cdta2020": "BX02", "slug": "bx02" }, "geometry": { "type": "MultiPolygon", "coordinates": [ [ [ [ -73.89797, 40.795653 ], [ -73.896787, 40.796337 ], [ -73.897884, 40.797125 ], [ -73.899196, 40.796511 ], [ -73.89797, 40.795653 ] ] ], [ [ [ -73.896468, 40.800799 ], [ -73.898332, 40.802421 ], [ -73.899389, 40.801944 ], [ -73.899789, 40.799518 ], [ -73.898642, 40.799109 ], [ -73.896468, 40.800799 ] ] ], [ [ [ -73.887108, 40.823314 ], [ -73.88692, 40.823715 ], [ -73.886795, 40.82413 ], [ -73.886098, 40.827664 ], [ -73.887897, 40.826752 ], [ -73.892934, 40.826795 ], [ -73.894837, 40.826255 ], [ -73.895487, 40.828257 ], [ -73.899799, 40.827693 ], [ -73.900937, 40.827936 ], [ -73.90165, 40.826265 ], [ -73.900507, 40.826016 ], [ -73.901989, 40.822449 ], [ -73.900613, 40.822117 ], [ -73.901294, 40.820484 ], [ -73.903011, 40.816326 ], [ -73.904467, 40.81229 ], [ -73.903419, 40.811515 ], [ -73.902224, 40.804956 ], [ -73.900974, 40.804884 ], [ -73.898528, 40.805443 ], [ -73.898296, 40.806106 ], [ -73.896197, 40.806249 ], [ -73.8951, 40.806872 ], [ -73.894634, 40.806241 ], [ -73.891981, 40.806393 ], [ -73.891499, 40.805935 ], [ -73.889546, 40.805815 ], [ -73.889066, 40.80503 ], [ -73.88796, 40.805006 ], [ -73.887272, 40.803955 ], [ -73.885053, 40.802139 ], [ -73.883697, 40.80217 ], [ -73.879215, 40.802804 ], [ -73.878167, 40.80256 ], [ -73.878144, 40.801328 ], [ -73.875931, 40.801092 ], [ -73.875859, 40.801464 ], [ -73.873552, 40.800862 ], [ -73.871747, 40.801556 ], [ -73.868465, 40.805945 ], [ -73.868114, 40.80676 ], [ -73.871659, 40.813263 ], [ -73.872503, 40.813896 ], [ -73.876733, 40.815395 ], [ -73.876636, 40.81572 ], [ -73.878064, 40.816191 ], [ -73.882449, 40.819277 ], [ -73.884386, 40.82296 ], [ -73.887186, 40.822653 ], [ -73.887108, 40.823314 ] ] ] ] } },
{ "type": "Feature", "properties": { "cdta2020": "BX03", "slug": "bx03" }, "geometry": { "type": "Polygon", "coordinates": [ [ [ -73.901319, 40.844482 ], [ -73.904836, 40.844761 ], [ -73.905161, 40.84102 ], [ -73.905385, 40.839777 ], [ -73.905981, 40.838514 ], [ -73.907403, 40.836241 ], [ -73.910491, 40.830746 ], [ -73.908961, 40.830234 ], [ -73.910309, 40.828781 ], [ -73.911696, 40.827767 ], [ -73.911795, 40.826436 ], [ -73.911311, 40.824857 ], [ -73.913168, 40.825465 ], [ -73.913513, 40.824813 ], [ -73.914753, 40.825209 ], [ -73.915413, 40.825782 ], [ -73.916615, 40.825001 ], [ -73.916775, 40.824395 ], [ -73.916217, 40.823476 ], [ -73.911893, 40.82215 ], [ -73.90991, 40.822559 ], [ -73.901294, 40.820484 ], [ -73.900613, 40.822117 ], [ -73.901989, 40.822449 ], [ -73.900507, 40.826016 ], [ -73.90165, 40.826265 ], [ -73.900937, 40.827936 ], [ -73.899799, 40.827693 ], [ -73.895487, 40.828257 ], [ -73.894837, 40.826255 ], [ -73.892934, 40.826795 ], [ -73.887897, 40.826752 ], [ -73.886098, 40.827664 ], [ -73.886795, 40.82413 ], [ -73.88692, 40.823715 ], [ -73.887108, 40.823314 ], [ -73.887186, 40.822653 ], [ -73.884386, 40.82296 ], [ -73.884646, 40.823823 ], [ -73.884389, 40.826826 ], [ -73.883522, 40.829269 ], [ -73.883902, 40.829811 ], [ -73.880053, 40.83471 ], [ -73.882228, 40.835461 ], [ -73.88214, 40.837837 ], [ -73.882712, 40.838634 ], [ -73.884183, 40.839344 ], [ -73.88465, 40.839183 ], [ -73.886186, 40.840113 ], [ -73.886599, 40.839287 ], [ -73.888139, 40.83987 ], [ -73.889419, 40.839431 ], [ -73.89538, 40.842947 ], [ -73.894792, 40.843729 ], [ -73.901319, 40.844482 ] ] ] } },
{ "type": "Feature", "properties": { "cdta2020": "BX04", "slug": "bx04" }, "geometry": { "type": "Polygon", "coordinates": [ [ [ -73.904836, 40.844761 ], [ -73.910852, 40.845096 ], [ -73.913247, 40.84515 ], [ -73.917326, 40.845066 ], [ -73.922653, 40.844753 ], [ -73.92593, 40.844957 ], [ -73.928049, 40.845473 ], [ -73.928617, 40.844685 ], [ -73.929195, 40.842827 ], [ -73.930368, 40.840628 ], [ -73.930517, 40.839942 ], [ -73.932998, 40.835687 ], [ -73.933607, 40.832798 ], [ -73.932776, 40.825621 ], [ -73.932468, 40.821586 ], [ -73.932337, 40.817639 ], [ -73.932425, 40.81416 ], [ -73.93028, 40.813256 ], [ -73.928858, 40.814888 ], [ -73.927318, 40.818568 ], [ -73.925186, 40.818021 ], [ -73.924027, 40.819294 ], [ -73.921949, 40.82104 ], [ -73.916775, 40.824395 ], [ -73.916615, 40.825001 ], [ -73.915413, 40.825782 ], [ -73.914753, 40.825209 ], [ -73.913513, 40.824813 ], [ -73.913168, 40.825465 ], [ -73.911311, 40.824857 ], [ -73.911795, 40.826436 ], [ -73.911696, 40.827767 ], [ -73.910309, 40.828781 ], [ -73.908961, 40.830234 ], [ -73.910491, 40.830746 ], [ -73.907403, 40.836241 ], [ -73.905981, 40.838514 ], [ -73.905385, 40.839777 ], [ -73.905161, 40.84102 ], [ -73.904836, 40.844761 ] ] ] } },
{ "type": "Feature", "properties": { "cdta2020": "BX05", "slug": "bx05" }, "geometry": { "type": "Polygon", "coordinates": [ [ [ -73.891773, 40.86188 ], [ -73.892853, 40.861841 ], [ -73.89694, 40.862451 ], [ -73.899438, 40.862125 ], [ -73.901081, 40.862765 ], [ -73.902546, 40.860587 ], [ -73.903515, 40.860926 ], [ -73.90487, 40.858701 ], [ -73.907776, 40.859618 ], [ -73.909669, 40.857493 ], [ -73.910886, 40.858785 ], [ -73.913286, 40.859627 ], [ -73.915427, 40.858737 ], [ -73.916161, 40.858793 ], [ -73.917209, 40.856847 ], [ -73.919025, 40.857405 ], [ -73.922563, 40.853197 ], [ -73.923949, 40.85123 ], [ -73.924655, 40.849793 ], [ -73.928049, 40.845473 ], [ -73.92593, 40.844957 ], [ -73.922653, 40.844753 ], [ -73.917326, 40.845066 ], [ -73.913247, 40.84515 ], [ -73.910852, 40.845096 ], [ -73.904836, 40.844761 ], [ -73.901319, 40.844482 ], [ -73.89561, 40.854579 ], [ -73.896442, 40.854916 ], [ -73.893217, 40.859883 ], [ -73.891382, 40.861709 ], [ -73.891773, 40.86188 ] ] ] } },
{ "type": "Feature", "properties": { "cdta2020": "BX06", "slug": "bx06" }, "geometry": { "type": "Polygon", "coordinates": [ [ [ -73.883095, 40.866611 ], [ -73.883627, 40.867266 ], [ -73.886835, 40.865398 ], [ -73.888124, 40.864263 ], [ -73.888897, 40.864762 ], [ -73.891773, 40.86188 ], [ -73.891382, 40.861709 ], [ -73.893217, 40.859883 ], [ -73.896442, 40.854916 ], [ -73.89561, 40.854579 ], [ -73.901319, 40.844482 ], [ -73.894792, 40.843729 ], [ -73.89538, 40.842947 ], [ -73.889419, 40.839431 ], [ -73.888139, 40.83987 ], [ -73.886599, 40.839287 ], [ -73.886186, 40.840113 ], [ -73.88465, 40.839183 ], [ -73.884183, 40.839344 ], [ -73.882712, 40.838634 ], [ -73.88214, 40.837837 ], [ -73.882228, 40.835461 ], [ -73.880053, 40.83471 ], [ -73.879254, 40.834433 ], [ -73.877835, 40.835661 ], [ -73.876735, 40.836214 ], [ -73.87393, 40.835999 ], [ -73.872836, 40.839763 ], [ -73.873599, 40.839807 ], [ -73.870997, 40.84312 ], [ -73.868043, 40.844822 ], [ -73.868639, 40.845318 ], [ -73.868928, 40.84689 ], [ -73.868356, 40.847089 ], [ -73.867861, 40.848873 ], [ -73.869211, 40.849247 ], [ -73.869425, 40.847521 ], [ -73.869876, 40.846626 ], [ -73.871045, 40.845829 ], [ -73.871104, 40.844928 ], [ -73.872086, 40.84374 ], [ -73.874016, 40.842546 ], [ -73.874593, 40.841529 ], [ -73.878177, 40.842626 ], [ -73.877341, 40.844 ], [ -73.882846, 40.847825 ], [ -73.883121, 40.848229 ], [ -73.880732, 40.856685 ], [ -73.881008, 40.858276 ], [ -73.880592, 40.860887 ], [ -73.882009, 40.862055 ], [ -73.883795, 40.86418 ], [ -73.883846, 40.865205 ], [ -73.882678, 40.866097 ], [ -73.883095, 40.866611 ] ] ] } },
{ "type": "Feature", "properties": { "cdta2020": "BX07", "slug": "bx07" }, "geometry": { "type": "Polygon", "coordinates": [ [ [ -73.870946, 40.878518 ], [ -73.870155, 40.880359 ], [ -73.874794, 40.880083 ], [ -73.874704, 40.881562 ], [ -73.878127, 40.882162 ], [ -73.877608, 40.884531 ], [ -73.878037, 40.887127 ], [ -73.881246, 40.882718 ], [ -73.88275, 40.883406 ], [ -73.884218, 40.883206 ], [ -73.887053, 40.884358 ], [ -73.88713, 40.882824 ], [ -73.887971, 40.882905 ], [ -73.891633, 40.882347 ], [ -73.894333, 40.883017 ], [ -73.896378, 40.88183 ], [ -73.896691, 40.880164 ], [ -73.899813, 40.876407 ], [ -73.900434, 40.874993 ], [ -73.899861, 40.874207 ], [ -73.898373, 40.873669 ], [ -73.898013, 40.872836 ], [ -73.897791, 40.870865 ], [ -73.89934, 40.869236 ], [ -73.899426, 40.867889 ], [ -73.90236, 40.868704 ], [ -73.903751, 40.869604 ], [ -73.90449, 40.870587 ], [ -73.904436, 40.872254 ], [ -73.905716, 40.873147 ], [ -73.907466, 40.873556 ], [ -73.907744, 40.872854 ], [ -73.908934, 40.872166 ], [ -73.908939, 40.871028 ], [ -73.909498, 40.868839 ], [ -73.910368, 40.866684 ], [ -73.912678, 40.864029 ], [ -73.914623, 40.862105 ], [ -73.915807, 40.860478 ], [ -73.917208, 40.858937 ], [ -73.917762, 40.858716 ], [ -73.919025, 40.857405 ], [ -73.917209, 40.856847 ], [ -73.916161, 40.858793 ], [ -73.915427, 40.858737 ], [ -73.913286, 40.859627 ], [ -73.910886, 40.858785 ], [ -73.909669, 40.857493 ], [ -73.907776, 40.859618 ], [ -73.90487, 40.858701 ], [ -73.903515, 40.860926 ], [ -73.902546, 40.860587 ], [ -73.901081, 40.862765 ], [ -73.899438, 40.862125 ], [ -73.89694, 40.862451 ], [ -73.892853, 40.861841 ], [ -73.891773, 40.86188 ], [ -73.888897, 40.864762 ], [ -73.888124, 40.864263 ], [ -73.886835, 40.865398 ], [ -73.883627, 40.867266 ], [ -73.883095, 40.866611 ], [ -73.876945, 40.869963 ], [ -73.87519, 40.871584 ], [ -73.872554, 40.875184 ], [ -73.870946, 40.878518 ] ] ] } },
{ "type": "Feature", "properties": { "cdta2020": "BX08", "slug": "bx08" }, "geometry": { "type": "Polygon", "coordinates": [ [ [ -73.887053, 40.884358 ], [ -73.887588, 40.884264 ], [ -73.894536, 40.885602 ], [ -73.899906, 40.886568 ], [ -73.896433, 40.893664 ], [ -73.897159, 40.89938 ], [ -73.896359, 40.903208 ], [ -73.896635, 40.911426 ], [ -73.900605, 40.912616 ], [ -73.902458, 40.912967 ], [ -73.908513, 40.915011 ], [ -73.910114, 40.915407 ], [ -73.911656, 40.913426 ], [ -73.911434, 40.912832 ], [ -73.912651, 40.908079 ], [ -73.914187, 40.904149 ], [ -73.914592, 40.904127 ], [ -73.915433, 40.901821 ], [ -73.915186, 40.901593 ], [ -73.916943, 40.896653 ], [ -73.918004, 40.894017 ], [ -73.920588, 40.887191 ], [ -73.923807, 40.880333 ], [ -73.924537, 40.879059 ], [ -73.923631, 40.878972 ], [ -73.923593, 40.87896 ], [ -73.922069, 40.878581 ], [ -73.919785, 40.87643 ], [ -73.917758, 40.875672 ], [ -73.915787, 40.875725 ], [ -73.911673, 40.874496 ], [ -73.909602, 40.873096 ], [ -73.908934, 40.872166 ], [ -73.907744, 40.872854 ], [ -73.907466, 40.873556 ], [ -73.905716, 40.873147 ], [ -73.904436, 40.872254 ], [ -73.90449, 40.870587 ], [ -73.903751, 40.869604 ], [ -73.90236, 40.868704 ], [ -73.899426, 40.867889 ], [ -73.89934, 40.869236 ], [ -73.897791, 40.870865 ], [ -73.898013, 40.872836 ], [ -73.898373, 40.873669 ], [ -73.899861, 40.874207 ], [ -73.900434, 40.874993 ], [ -73.899813, 40.876407 ], [ -73.896691, 40.880164 ], [ -73.896378, 40.88183 ], [ -73.894333, 40.883017 ], [ -73.891633, 40.882347 ], [ -73.887971, 40.882905 ], [ -73.88713, 40.882824 ], [ -73.887053, 40.884358 ] ] ] } },
{ "type": "Feature", "properties": { "cdta2020": "BX09", "slug": "bx09" }, "geometry": { "type": "MultiPolygon", "coordinates": [ [ [ [ -73.840192, 40.817197 ], [ -73.839745, 40.816414 ], [ -73.836968, 40.816375 ], [ -73.835953, 40.818897 ], [ -73.835997, 40.823517 ], [ -73.836166, 40.825001 ], [ -73.837018, 40.829062 ], [ -73.842294, 40.828708 ], [ -73.841109, 40.826162 ], [ -73.839613, 40.823872 ], [ -73.83905, 40.822697 ], [ -73.838929, 40.819009 ], [ -73.839983, 40.818043 ], [ -73.840192, 40.817197 ] ] ], [ [ [ -73.842535, 40.827536 ], [ -73.842917, 40.828631 ], [ -73.845322, 40.828435 ], [ -73.845851, 40.828923 ], [ -73.84728, 40.829323 ], [ -73.848488, 40.834533 ], [ -73.851686, 40.834209 ], [ -73.852072, 40.835634 ], [ -73.853337, 40.842478 ], [ -73.863474, 40.841314 ], [ -73.867824, 40.840175 ], [ -73.869209, 40.839608 ], [ -73.872836, 40.839763 ], [ -73.87393, 40.835999 ], [ -73.876735, 40.836214 ], [ -73.877835, 40.835661 ], [ -73.879254, 40.834433 ], [ -73.880053, 40.83471 ], [ -73.883902, 40.829811 ], [ -73.883522, 40.829269 ], [ -73.884389, 40.826826 ], [ -73.884646, 40.823823 ], [ -73.884386, 40.82296 ], [ -73.882449, 40.819277 ], [ -73.878064, 40.816191 ], [ -73.876636, 40.81572 ], [ -73.876521, 40.816139 ], [ -73.871718, 40.814931 ], [ -73.87078, 40.814495 ], [ -73.869771, 40.813432 ], [ -73.867658, 40.810592 ], [ -73.864405, 40.810284 ], [ -73.860337, 40.809512 ], [ -73.859078, 40.809984 ], [ -73.858391, 40.808267 ], [ -73.858667, 40.806841 ], [ -73.858128, 40.805475 ], [ -73.856127, 40.80529 ], [ -73.855856, 40.804523 ], [ -73.85015, 40.804543 ], [ -73.848702, 40.80474 ], [ -73.84749, 40.805457 ], [ -73.848381, 40.806369 ], [ -73.848418, 40.807377 ], [ -73.849968, 40.808586 ], [ -73.849811, 40.810007 ], [ -73.849175, 40.810933 ], [ -73.849034, 40.812127 ], [ -73.848216, 40.812471 ], [ -73.847469, 40.810912 ], [ -73.846174, 40.810685 ], [ -73.845209, 40.811895 ], [ -73.844112, 40.814522 ], [ -73.842095, 40.818068 ], [ -73.841988, 40.818783 ], [ -73.840286, 40.819635 ], [ -73.839831, 40.82158 ], [ -73.840451, 40.823354 ], [ -73.842535, 40.827536 ] ] ] ] } },
{ "type": "Feature", "properties": { "cdta2020": "BX10", "slug": "bx10" }, "geometry": { "type": "MultiPolygon", "coordinates": [ [ [ [ -73.835953, 40.818897 ], [ -73.836968, 40.816375 ], [ -73.839745, 40.816414 ], [ -73.839539, 40.815827 ], [ -73.839664, 40.81393 ], [ -73.840328, 40.813144 ], [ -73.840261, 40.811451 ], [ -73.838156, 40.807987 ], [ -73.838062, 40.807048 ], [ -73.836914, 40.805937 ], [ -73.834317, 40.805171 ], [ -73.832751, 40.804962 ], [ -73.831397, 40.805179 ], [ -73.83162, 40.806654 ], [ -73.83217, 40.807522 ], [ -73.83184, 40.80927 ], [ -73.830482, 40.810658 ], [ -73.828415, 40.811426 ], [ -73.826309, 40.811292 ], [ -73.824258, 40.812119 ], [ -73.821181, 40.812961 ], [ -73.817391, 40.813579 ], [ -73.816482, 40.813862 ], [ -73.815516, 40.813513 ], [ -73.814005, 40.81356 ], [ -73.810671, 40.812773 ], [ -73.809922, 40.812937 ], [ -73.808574, 40.812169 ], [ -73.807141, 40.81067 ], [ -73.804055, 40.80876 ], [ -73.802784, 40.809128 ], [ -73.801673, 40.809025 ], [ -73.79885, 40.807186 ], [ -73.796012, 40.805929 ], [ -73.795185, 40.805738 ], [ -73.793391, 40.804213 ], [ -73.792247, 40.804005 ], [ -73.791039, 40.804271 ], [ -73.790064, 40.805417 ], [ -73.790866, 40.807349 ], [ -73.792291, 40.806857 ], [ -73.798539, 40.809595 ], [ -73.800111, 40.809719 ], [ -73.801468, 40.81015 ], [ -73.802355, 40.810045 ], [ -73.803913, 40.812119 ], [ -73.804965, 40.812172 ], [ -73.805441, 40.813361 ], [ -73.805686, 40.815042 ], [ -73.806633, 40.815603 ], [ -73.806614, 40.816586 ], [ -73.805116, 40.815644 ], [ -73.8032, 40.813514 ], [ -73.802967, 40.812459 ], [ -73.801459, 40.812949 ], [ -73.800917, 40.81377 ], [ -73.800113, 40.814033 ], [ -73.79903, 40.815549 ], [ -73.797383, 40.815772 ], [ -73.797592, 40.816516 ], [ -73.800327, 40.817569 ], [ -73.800592, 40.817942 ], [ -73.80247, 40.818549 ], [ -73.80337, 40.818259 ], [ -73.804412, 40.81884 ], [ -73.805729, 40.820186 ], [ -73.805864, 40.821906 ], [ -73.806663, 40.823428 ], [ -73.806998, 40.825331 ], [ -73.807836, 40.825776 ], [ -73.809094, 40.825882 ], [ -73.809656, 40.825284 ], [ -73.811774, 40.824348 ], [ -73.813782, 40.824008 ], [ -73.813192, 40.824848 ], [ -73.81404, 40.825965 ], [ -73.8139, 40.826719 ], [ -73.812654, 40.827567 ], [ -73.812756, 40.828257 ], [ -73.813822, 40.829976 ], [ -73.814765, 40.830825 ], [ -73.815488, 40.832308 ], [ -73.816085, 40.834599 ], [ -73.816062, 40.836039 ], [ -73.816454, 40.837778 ], [ -73.81592, 40.838621 ], [ -73.814784, 40.839085 ], [ -73.815416, 40.8424 ], [ -73.816692, 40.843983 ], [ -73.815716, 40.844438 ], [ -73.815001, 40.843513 ], [ -73.813464, 40.843668 ], [ -73.814172, 40.844648 ], [ -73.813807, 40.84536 ], [ -73.814207, 40.846019 ], [ -73.816172, 40.847024 ], [ -73.815904, 40.848021 ], [ -73.816303, 40.848581 ], [ -73.820142, 40.848029 ], [ -73.820486, 40.848509 ], [ -73.824958, 40.846114 ], [ -73.825181, 40.842708 ], [ -73.826243, 40.843002 ], [ -73.826114, 40.845347 ], [ -73.826451, 40.846272 ], [ -73.828001, 40.848641 ], [ -73.827857, 40.849747 ], [ -73.827133, 40.851879 ], [ -73.827205, 40.853298 ], [ -73.828603, 40.855726 ], [ -73.831293, 40.855442 ], [ -73.833907, 40.854476 ], [ -73.834641, 40.853826 ], [ -73.83556, 40.851972 ], [ -73.8362, 40.845836 ], [ -73.836828, 40.843471 ], [ -73.837671, 40.84113 ], [ -73.838392, 40.840685 ], [ -73.839369, 40.840891 ], [ -73.841242, 40.84061 ], [ -73.843278, 40.84355 ], [ -73.844912, 40.845436 ], [ -73.844607, 40.846262 ], [ -73.844702, 40.847144 ], [ -73.844863, 40.847912 ], [ -73.846147, 40.847508 ], [ -73.847886, 40.845997 ], [ -73.846236, 40.844499 ], [ -73.848065, 40.843076 ], [ -73.853337, 40.842478 ], [ -73.852072, 40.835634 ], [ -73.851686, 40.834209 ], [ -73.848488, 40.834533 ], [ -73.84728, 40.829323 ], [ -73.845851, 40.828923 ], [ -73.845322, 40.828435 ], [ -73.842917, 40.828631 ], [ -73.843108, 40.829802 ], [ -73.842215, 40.831559 ], [ -73.839922, 40.833329 ], [ -73.839414, 40.834608 ], [ -73.839844, 40.836125 ], [ -73.840304, 40.839533 ], [ -73.839194, 40.838722 ], [ -73.839235, 40.836749 ], [ -73.838829, 40.833819 ], [ -73.839, 40.833391 ], [ -73.841888, 40.830721 ], [ -73.842294, 40.828708 ], [ -73.837018, 40.829062 ], [ -73.836166, 40.825001 ], [ -73.835997, 40.823517 ], [ -73.835953, 40.818897 ] ] ], [ [ [ -73.78889, 40.856613 ], [ -73.788768, 40.858411 ], [ -73.789259, 40.858773 ], [ -73.789991, 40.858531 ], [ -73.792059, 40.856521 ], [ -73.792078, 40.855654 ], [ -73.791294, 40.854592 ], [ -73.791139, 40.852064 ], [ -73.790126, 40.851198 ], [ -73.789758, 40.84954 ], [ -73.791364, 40.848241 ], [ -73.791482, 40.84681 ], [ -73.789599, 40.84451 ], [ -73.789339, 40.84369 ], [ -73.788233, 40.842204 ], [ -73.787305, 40.839683 ], [ -73.785737, 40.839242 ], [ -73.785579, 40.837935 ], [ -73.784103, 40.836734 ], [ -73.781886, 40.837659 ], [ -73.781327, 40.8393 ], [ -73.781545, 40.840793 ], [ -73.782866, 40.842486 ], [ -73.783476, 40.843663 ], [ -73.783062, 40.84438 ], [ -73.783052, 40.845505 ], [ -73.78208, 40.847139 ], [ -73.781431, 40.847465 ], [ -73.781495, 40.848589 ], [ -73.782451, 40.849349 ], [ -73.78358, 40.849275 ], [ -73.784481, 40.85108 ], [ -73.786419, 40.852153 ], [ -73.787964, 40.853483 ], [ -73.788484, 40.854456 ], [ -73.788361, 40.855635 ], [ -73.78889, 40.856613 ] ] ], [ [ [ -73.768558, 40.853247 ], [ -73.767833, 40.85445 ], [ -73.765334, 40.855052 ], [ -73.768362, 40.857664 ], [ -73.768364, 40.858367 ], [ -73.769474, 40.859338 ], [ -73.770847, 40.860109 ], [ -73.772194, 40.859995 ], [ -73.772142, 40.854421 ], [ -73.77247, 40.851717 ], [ -73.772051, 40.851627 ], [ -73.770891, 40.84976 ], [ -73.771574, 40.847508 ], [ -73.771185, 40.846953 ], [ -73.769015, 40.845106 ], [ -73.767896, 40.845298 ], [ -73.769598, 40.847603 ], [ -73.76861, 40.850797 ], [ -73.769387, 40.852544 ], [ -73.768558, 40.853247 ] ] ], [ [ [ -73.786077, 40.859283 ], [ -73.785142, 40.858801 ], [ -73.784409, 40.859742 ], [ -73.784629, 40.860538 ], [ -73.786921, 40.860275 ], [ -73.7876, 40.858874 ], [ -73.786695, 40.858694 ], [ -73.786077, 40.859283 ] ] ], [ [ [ -73.823297, 40.873106 ], [ -73.821104, 40.878978 ], [ -73.820056, 40.882122 ], [ -73.820241, 40.885499 ], [ -73.82206, 40.886116 ], [ -73.826613, 40.884657 ], [ -73.826065, 40.884161 ], [ -73.829051, 40.882631 ], [ -73.831446, 40.881115 ], [ -73.833771, 40.878728 ], [ -73.834695, 40.876552 ], [ -73.834894, 40.875079 ], [ -73.834567, 40.872707 ], [ -73.833695, 40.870459 ], [ -73.832645, 40.868245 ], [ -73.830754, 40.864684 ], [ -73.829557, 40.862172 ], [ -73.828409, 40.860957 ], [ -73.827219, 40.859215 ], [ -73.821568, 40.861034 ], [ -73.819157, 40.862307 ], [ -73.816846, 40.864315 ], [ -73.815789, 40.865766 ], [ -73.821267, 40.869083 ], [ -73.823297, 40.873106 ] ] ] ] } },
{ "type": "Feature", "properties": { "cdta2020": "BX11", "slug": "bx11" }, "geometry": { "type": "Polygon", "coordinates": [ [ [ -73.829557, 40.862172 ], [ -73.831598, 40.862653 ], [ -73.835786, 40.865024 ], [ -73.847928, 40.871351 ], [ -73.849878, 40.87211 ], [ -73.856514, 40.874226 ], [ -73.856615, 40.871258 ], [ -73.864268, 40.871398 ], [ -73.864328, 40.869665 ], [ -73.870539, 40.869682 ], [ -73.870399, 40.864324 ], [ -73.870581, 40.861413 ], [ -73.871084, 40.857385 ], [ -73.868417, 40.857789 ], [ -73.869891, 40.855682 ], [ -73.868252, 40.850968 ], [ -73.869211, 40.849247 ], [ -73.867861, 40.848873 ], [ -73.868356, 40.847089 ], [ -73.868928, 40.84689 ], [ -73.868639, 40.845318 ], [ -73.868043, 40.844822 ], [ -73.870997, 40.84312 ], [ -73.873599, 40.839807 ], [ -73.872836, 40.839763 ], [ -73.869209, 40.839608 ], [ -73.867824, 40.840175 ], [ -73.863474, 40.841314 ], [ -73.853337, 40.842478 ], [ -73.848065, 40.843076 ], [ -73.846236, 40.844499 ], [ -73.847886, 40.845997 ], [ -73.846147, 40.847508 ], [ -73.844863, 40.847912 ], [ -73.844702, 40.847144 ], [ -73.844607, 40.846262 ], [ -73.844912, 40.845436 ], [ -73.843278, 40.84355 ], [ -73.841242, 40.84061 ], [ -73.839369, 40.840891 ], [ -73.838392, 40.840685 ], [ -73.837671, 40.84113 ], [ -73.836828, 40.843471 ], [ -73.8362, 40.845836 ], [ -73.83556, 40.851972 ], [ -73.834641, 40.853826 ], [ -73.833907, 40.854476 ], [ -73.831293, 40.855442 ], [ -73.832853, 40.856097 ], [ -73.831212, 40.857506 ], [ -73.828409, 40.860957 ], [ -73.829557, 40.862172 ] ] ] } },
{ "type": "Feature", "properties": { "cdta2020": "BX12", "slug": "bx12" }, "geometry": { "type": "Polygon", "coordinates": [ [ [ -73.820241, 40.885499 ], [ -73.81684, 40.886396 ], [ -73.815196, 40.886674 ], [ -73.81277, 40.886692 ], [ -73.807904, 40.885789 ], [ -73.805203, 40.886008 ], [ -73.803288, 40.885424 ], [ -73.794494, 40.883076 ], [ -73.793857, 40.883652 ], [ -73.802911, 40.886039 ], [ -73.807561, 40.887117 ], [ -73.808723, 40.887489 ], [ -73.818279, 40.889855 ], [ -73.822855, 40.891215 ], [ -73.82367, 40.889912 ], [ -73.838044, 40.894151 ], [ -73.838393, 40.894075 ], [ -73.83965, 40.897339 ], [ -73.839248, 40.899509 ], [ -73.840655, 40.901412 ], [ -73.841388, 40.904181 ], [ -73.844894, 40.904199 ], [ -73.84482, 40.905538 ], [ -73.847082, 40.906165 ], [ -73.850175, 40.907516 ], [ -73.850922, 40.906625 ], [ -73.853477, 40.907539 ], [ -73.851073, 40.91038 ], [ -73.852276, 40.909862 ], [ -73.852958, 40.910361 ], [ -73.854591, 40.908948 ], [ -73.854712, 40.908015 ], [ -73.853742, 40.907796 ], [ -73.854239, 40.907041 ], [ -73.856925, 40.905982 ], [ -73.856012, 40.905314 ], [ -73.856993, 40.904592 ], [ -73.857112, 40.903658 ], [ -73.858865, 40.90172 ], [ -73.859469, 40.900525 ], [ -73.861566, 40.90107 ], [ -73.867899, 40.902949 ], [ -73.868204, 40.902364 ], [ -73.869963, 40.900842 ], [ -73.871828, 40.899826 ], [ -73.874891, 40.898401 ], [ -73.876439, 40.896879 ], [ -73.877121, 40.895477 ], [ -73.880044, 40.895231 ], [ -73.88042, 40.892983 ], [ -73.880178, 40.892096 ], [ -73.879191, 40.890315 ], [ -73.87819, 40.888058 ], [ -73.878037, 40.887127 ], [ -73.877608, 40.884531 ], [ -73.878127, 40.882162 ], [ -73.874704, 40.881562 ], [ -73.874794, 40.880083 ], [ -73.870155, 40.880359 ], [ -73.870946, 40.878518 ], [ -73.869363, 40.87812 ], [ -73.870317, 40.875626 ], [ -73.870563, 40.871519 ], [ -73.870539, 40.869682 ], [ -73.864328, 40.869665 ], [ -73.864268, 40.871398 ], [ -73.856615, 40.871258 ], [ -73.856514, 40.874226 ], [ -73.849878, 40.87211 ], [ -73.847928, 40.871351 ], [ -73.835786, 40.865024 ], [ -73.831598, 40.862653 ], [ -73.829557, 40.862172 ], [ -73.830754, 40.864684 ], [ -73.832645, 40.868245 ], [ -73.833695, 40.870459 ], [ -73.834567, 40.872707 ], [ -73.834894, 40.875079 ], [ -73.834695, 40.876552 ], [ -73.833771, 40.878728 ], [ -73.831446, 40.881115 ], [ -73.829051, 40.882631 ], [ -73.826065, 40.884161 ], [ -73.826613, 40.884657 ], [ -73.82206, 40.886116 ], [ -73.820241, 40.885499 ] ] ] } },
{ "type": "Feature", "properties": { "cdta2020": "MN01", "slug": "mn01" }, "geometry": { "type": "MultiPolygon", "coordinates": [ [ [ [ -74.008166, 40.686183 ], [ -74.008356, 40.686409 ], [ -74.012177, 40.684103 ], [ -74.011934, 40.683896 ], [ -74.008166, 40.686183 ] ] ], [ [ [ -74.005005, 40.687614 ], [ -74.007422, 40.688215 ], [ -74.007834, 40.687393 ], [ -74.005631, 40.686793 ], [ -74.005005, 40.687614 ] ] ], [ [ [ -74.013171, 40.688163 ], [ -74.012308, 40.689288 ], [ -74.012185, 40.691145 ], [ -74.014223, 40.692831 ], [ -74.01736, 40.693314 ], [ -74.019437, 40.693229 ], [ -74.020207, 40.692042 ], [ -74.026176, 40.686437 ], [ -74.026578, 40.68525 ], [ -74.026048, 40.684522 ], [ -74.02465, 40.683987 ], [ -74.02276, 40.684293 ], [ -74.016049, 40.687346 ], [ -74.014882, 40.687263 ], [ -74.013171, 40.688163 ] ] ], [ [ [ -74.003822, 40.688938 ], [ -74.006366, 40.689678 ], [ -74.006786, 40.688835 ], [ -74.004594, 40.688224 ], [ -74.003822, 40.688938 ] ] ], [ [ [ -74.046277, 40.689336 ], [ -74.044785, 40.688604 ], [ -74.043642, 40.688775 ], [ -74.043469, 40.689645 ], [ -74.044608, 40.690582 ], [ -74.04601, 40.691116 ], [ -74.046998, 40.691058 ], [ -74.047202, 40.690433 ], [ -74.046277, 40.689336 ] ] ], [ [ [ -74.039342, 40.698124 ], [ -74.038231, 40.698377 ], [ -74.037713, 40.699352 ], [ -74.039384, 40.700586 ], [ -74.04029, 40.700652 ], [ -74.0411, 40.700501 ], [ -74.042966, 40.699008 ], [ -74.043675, 40.698029 ], [ -74.041662, 40.696461 ], [ -74.039914, 40.69771 ], [ -74.041749, 40.699156 ], [ -74.041244, 40.699545 ], [ -74.039342, 40.698124 ] ] ], [ [ [ -74.00097, 40.713914 ], [ -74.000791, 40.715299 ], [ -73.999314, 40.717558 ], [ -74.005229, 40.721752 ], [ -74.005914, 40.722261 ], [ -74.010814, 40.725798 ], [ -74.011236, 40.724274 ], [ -74.011966, 40.724338 ], [ -74.01254, 40.721511 ], [ -74.013162, 40.721262 ], [ -74.015624, 40.721552 ], [ -74.015696, 40.721215 ], [ -74.012899, 40.720876 ], [ -74.013001, 40.720341 ], [ -74.016307, 40.720735 ], [ -74.01638, 40.720385 ], [ -74.013415, 40.720028 ], [ -74.01291, 40.719743 ], [ -74.013215, 40.718324 ], [ -74.016712, 40.718632 ], [ -74.017581, 40.713604 ], [ -74.016322, 40.713416 ], [ -74.016626, 40.712166 ], [ -74.017802, 40.712353 ], [ -74.018857, 40.708056 ], [ -74.018192, 40.70783 ], [ -74.019343, 40.706079 ], [ -74.018448, 40.704171 ], [ -74.017572, 40.704192 ], [ -74.0174, 40.703027 ], [ -74.015144, 40.700851 ], [ -74.013487, 40.700487 ], [ -74.01111, 40.70091 ], [ -74.011058, 40.701462 ], [ -74.009292, 40.701938 ], [ -74.006022, 40.703883 ], [ -74.003324, 40.705637 ], [ -74.001456, 40.704882 ], [ -74.000594, 40.705418 ], [ -74.001407, 40.706187 ], [ -74.001188, 40.706868 ], [ -73.999136, 40.707991 ], [ -74.001421, 40.709823 ], [ -74.000511, 40.710992 ], [ -74.000874, 40.711705 ], [ -74.00097, 40.713914 ] ] ], [ [ [ -74.005344, 40.6911 ], [ -74.005761, 40.690245 ], [ -74.003411, 40.689621 ], [ -74.002977, 40.690435 ], [ -74.005344, 40.6911 ] ] ], [ [ [ -74.001971, 40.691852 ], [ -74.004411, 40.692537 ], [ -74.004796, 40.69177 ], [ -74.000701, 40.69062 ], [ -74.001971, 40.691852 ] ] ], [ [ [ -74.001272, 40.693304 ], [ -74.003455, 40.69406 ], [ -74.004009, 40.693217 ], [ -74.001745, 40.692415 ], [ -74.001272, 40.693304 ] ] ], [ [ [ -74.00096, 40.694077 ], [ -74.00027, 40.694974 ], [ -74.0024, 40.69572 ], [ -74.003015, 40.694786 ], [ -74.00096, 40.694077 ] ] ], [ [ [ -73.998873, 40.697166 ], [ -73.998379, 40.698072 ], [ -74.000489, 40.698766 ], [ -74.00105, 40.697916 ], [ -73.998873, 40.697166 ] ] ], [ [ [ -73.9975, 40.699647 ], [ -73.999476, 40.700331 ], [ -74.00002, 40.699474 ], [ -73.998022, 40.69877 ], [ -73.9975, 40.699647 ] ] ], [ [ [ -73.996699, 40.700885 ], [ -73.99514, 40.702982 ], [ -73.996194, 40.703385 ], [ -73.99814, 40.701527 ], [ -73.996699, 40.700885 ] ] ] ] } },
{ "type": "Feature", "properties": { "cdta2020": "MN02", "slug": "mn02" }, "geometry": { "type": "Polygon", "coordinates": [ [ [ -74.009155, 40.742504 ], [ -74.010841, 40.742605 ], [ -74.011398, 40.741831 ], [ -74.009413, 40.741162 ], [ -74.009633, 40.740654 ], [ -74.011376, 40.740732 ], [ -74.01159, 40.73928 ], [ -74.010395, 40.739183 ], [ -74.010905, 40.733306 ], [ -74.014001, 40.73334 ], [ -74.014004, 40.733076 ], [ -74.010943, 40.733016 ], [ -74.011163, 40.730459 ], [ -74.014017, 40.730691 ], [ -74.014392, 40.728471 ], [ -74.011385, 40.728238 ], [ -74.011544, 40.726456 ], [ -74.015125, 40.726802 ], [ -74.015165, 40.726328 ], [ -74.011655, 40.72588 ], [ -74.011966, 40.724338 ], [ -74.011236, 40.724274 ], [ -74.010814, 40.725798 ], [ -74.005914, 40.722261 ], [ -74.005229, 40.721752 ], [ -73.999314, 40.717558 ], [ -73.998591, 40.717108 ], [ -73.99606, 40.71624 ], [ -73.994809, 40.718466 ], [ -73.993529, 40.721641 ], [ -73.991299, 40.727764 ], [ -73.990507, 40.730573 ], [ -73.98987, 40.733535 ], [ -73.989846, 40.73399 ], [ -73.989904, 40.734443 ], [ -73.996841, 40.737369 ], [ -74.008701, 40.74237 ], [ -74.009155, 40.742504 ] ] ] } },
{ "type": "Feature", "properties": { "cdta2020": "MN03", "slug": "mn03" }, "geometry": { "type": "Polygon", "coordinates": [ [ [ -73.999136, 40.707991 ], [ -73.997284, 40.70874 ], [ -73.988738, 40.709979 ], [ -73.988148, 40.709167 ], [ -73.981247, 40.709835 ], [ -73.981288, 40.710227 ], [ -73.978257, 40.710506 ], [ -73.97643, 40.711917 ], [ -73.974177, 40.716818 ], [ -73.973149, 40.719999 ], [ -73.971628, 40.726637 ], [ -73.975669, 40.728471 ], [ -73.989904, 40.734443 ], [ -73.989846, 40.73399 ], [ -73.98987, 40.733535 ], [ -73.990507, 40.730573 ], [ -73.991299, 40.727764 ], [ -73.993529, 40.721641 ], [ -73.994809, 40.718466 ], [ -73.99606, 40.71624 ], [ -73.998591, 40.717108 ], [ -73.999314, 40.717558 ], [ -74.000791, 40.715299 ], [ -74.00097, 40.713914 ], [ -74.000874, 40.711705 ], [ -74.000511, 40.710992 ], [ -74.001421, 40.709823 ], [ -73.999136, 40.707991 ] ] ] } },
{ "type": "Feature", "properties": { "cdta2020": "MN04", "slug": "mn04" }, "geometry": { "type": "Polygon", "coordinates": [ [ [ -73.993833, 40.77294 ], [ -73.994776, 40.771938 ], [ -73.996874, 40.772826 ], [ -73.997075, 40.772551 ], [ -73.994978, 40.771667 ], [ -73.996315, 40.769807 ], [ -73.998764, 40.770833 ], [ -73.999028, 40.770472 ], [ -73.996573, 40.769433 ], [ -73.997073, 40.768741 ], [ -73.999474, 40.769772 ], [ -73.99973, 40.769482 ], [ -73.996459, 40.768107 ], [ -73.997157, 40.767137 ], [ -74.000387, 40.768513 ], [ -74.00063, 40.768211 ], [ -73.99738, 40.766832 ], [ -73.998068, 40.76588 ], [ -74.001295, 40.76725 ], [ -74.001544, 40.766953 ], [ -73.998283, 40.765576 ], [ -73.998886, 40.764578 ], [ -74.002026, 40.765901 ], [ -74.002276, 40.765533 ], [ -73.999152, 40.764214 ], [ -73.999929, 40.763415 ], [ -74.00295, 40.764625 ], [ -74.003151, 40.764341 ], [ -74.000975, 40.763429 ], [ -74.002337, 40.761552 ], [ -74.003135, 40.761087 ], [ -74.004506, 40.759093 ], [ -74.006531, 40.759883 ], [ -74.006966, 40.759168 ], [ -74.005033, 40.758365 ], [ -74.00542, 40.757331 ], [ -74.007621, 40.75429 ], [ -74.009106, 40.750379 ], [ -74.00995, 40.74894 ], [ -74.008947, 40.74842 ], [ -74.00906, 40.747794 ], [ -74.011268, 40.748022 ], [ -74.011358, 40.747601 ], [ -74.009139, 40.747368 ], [ -74.009245, 40.746771 ], [ -74.011446, 40.746995 ], [ -74.011535, 40.746576 ], [ -74.009365, 40.746344 ], [ -74.009465, 40.745758 ], [ -74.011636, 40.745987 ], [ -74.011741, 40.745528 ], [ -74.00956, 40.745297 ], [ -74.008731, 40.74489 ], [ -74.008902, 40.743926 ], [ -74.009514, 40.743684 ], [ -74.012022, 40.743948 ], [ -74.012121, 40.743525 ], [ -74.009586, 40.743272 ], [ -74.009155, 40.742504 ], [ -74.008701, 40.74237 ], [ -73.996841, 40.737369 ], [ -73.99142, 40.744811 ], [ -73.997101, 40.747213 ], [ -73.982879, 40.766724 ], [ -73.982365, 40.767396 ], [ -73.993783, 40.772207 ], [ -73.993833, 40.77294 ] ] ] } },
{ "type": "Feature", "properties": { "cdta2020": "MN05", "slug": "mn05" }, "geometry": { "type": "Polygon", "coordinates": [ [ [ -73.973016, 40.764287 ], [ -73.981493, 40.76789 ], [ -73.982365, 40.767396 ], [ -73.982879, 40.766724 ], [ -73.997101, 40.747213 ], [ -73.99142, 40.744811 ], [ -73.996841, 40.737369 ], [ -73.989904, 40.734443 ], [ -73.989948, 40.734975 ], [ -73.989939, 40.735159 ], [ -73.989863, 40.735334 ], [ -73.987303, 40.738911 ], [ -73.977678, 40.752127 ], [ -73.97835, 40.752418 ], [ -73.976517, 40.754983 ], [ -73.975809, 40.754686 ], [ -73.969802, 40.762922 ], [ -73.973016, 40.764287 ] ] ] } },
{ "type": "Feature", "properties": { "cdta2020": "MN06", "slug": "mn06" }, "geometry": { "type": "Polygon", "coordinates": [ [ [ -73.958493, 40.758554 ], [ -73.958936, 40.758343 ], [ -73.969802, 40.762922 ], [ -73.975809, 40.754686 ], [ -73.976517, 40.754983 ], [ -73.97835, 40.752418 ], [ -73.977678, 40.752127 ], [ -73.987303, 40.738911 ], [ -73.989863, 40.735334 ], [ -73.989939, 40.735159 ], [ -73.989948, 40.734975 ], [ -73.989904, 40.734443 ], [ -73.975669, 40.728471 ], [ -73.971628, 40.726637 ], [ -73.971481, 40.729258 ], [ -73.972091, 40.730127 ], [ -73.973415, 40.731291 ], [ -73.974442, 40.735325 ], [ -73.974415, 40.736423 ], [ -73.972491, 40.735812 ], [ -73.972659, 40.739231 ], [ -73.97189, 40.742733 ], [ -73.97079, 40.744414 ], [ -73.968367, 40.747442 ], [ -73.965325, 40.751056 ], [ -73.961631, 40.755161 ], [ -73.960658, 40.755931 ], [ -73.958493, 40.758554 ] ] ] } },
{ "type": "Feature", "properties": { "cdta2020": "MN07", "slug": "mn07" }, "geometry": { "type": "Polygon", "coordinates": [ [ [ -73.959648, 40.801165 ], [ -73.966703, 40.804177 ], [ -73.971109, 40.805798 ], [ -73.974667, 40.800822 ], [ -73.977796, 40.796293 ], [ -73.980539, 40.792465 ], [ -73.987962, 40.781779 ], [ -73.988921, 40.780234 ], [ -73.98887, 40.779701 ], [ -73.990398, 40.777593 ], [ -73.990929, 40.777575 ], [ -73.993938, 40.773188 ], [ -73.993833, 40.77294 ], [ -73.993783, 40.772207 ], [ -73.982365, 40.767396 ], [ -73.981493, 40.76789 ], [ -73.981681, 40.768398 ], [ -73.967451, 40.787869 ], [ -73.958174, 40.800591 ], [ -73.959648, 40.801165 ] ] ] } },
{ "type": "Feature", "properties": { "cdta2020": "MN08", "slug": "mn08" }, "geometry": { "type": "MultiPolygon", "coordinates": [ [ [ [ -73.942857, 40.768312 ], [ -73.941261, 40.769317 ], [ -73.940202, 40.771137 ], [ -73.940889, 40.772381 ], [ -73.942128, 40.772043 ], [ -73.944725, 40.769742 ], [ -73.949088, 40.764272 ], [ -73.949973, 40.763654 ], [ -73.951627, 40.761687 ], [ -73.952088, 40.76087 ], [ -73.953664, 40.759488 ], [ -73.95846, 40.753958 ], [ -73.959502, 40.752965 ], [ -73.960013, 40.75184 ], [ -73.960687, 40.75121 ], [ -73.960961, 40.749775 ], [ -73.956926, 40.752969 ], [ -73.955197, 40.754783 ], [ -73.952542, 40.757104 ], [ -73.952094, 40.758001 ], [ -73.950335, 40.759865 ], [ -73.949433, 40.760557 ], [ -73.944842, 40.765832 ], [ -73.942857, 40.768312 ] ] ], [ [ [ -73.958936, 40.758343 ], [ -73.958493, 40.758554 ], [ -73.95442, 40.762192 ], [ -73.950071, 40.767033 ], [ -73.948666, 40.768866 ], [ -73.946406, 40.771277 ], [ -73.94488, 40.772578 ], [ -73.942932, 40.774685 ], [ -73.942004, 40.776194 ], [ -73.943004, 40.778861 ], [ -73.942144, 40.77941 ], [ -73.942466, 40.780041 ], [ -73.94344, 40.779772 ], [ -73.943882, 40.78154 ], [ -73.94365, 40.782664 ], [ -73.944056, 40.782973 ], [ -73.955779, 40.787922 ], [ -73.968443, 40.770525 ], [ -73.973016, 40.764287 ], [ -73.969802, 40.762922 ], [ -73.958936, 40.758343 ] ] ] ] } },
{ "type": "Feature", "properties": { "cdta2020": "MN09", "slug": "mn09" }, "geometry": { "type": "Polygon", "coordinates": [ [ [ -73.940143, 40.83038 ], [ -73.948278, 40.833874 ], [ -73.950214, 40.834311 ], [ -73.951193, 40.832647 ], [ -73.953593, 40.829106 ], [ -73.955041, 40.827422 ], [ -73.956319, 40.827953 ], [ -73.95726, 40.827126 ], [ -73.959557, 40.823702 ], [ -73.95794, 40.822783 ], [ -73.95882, 40.821527 ], [ -73.96, 40.820391 ], [ -73.963405, 40.816692 ], [ -73.966634, 40.812162 ], [ -73.968854, 40.80876 ], [ -73.971109, 40.805798 ], [ -73.966703, 40.804177 ], [ -73.959648, 40.801165 ], [ -73.95825, 40.803115 ], [ -73.958287, 40.805167 ], [ -73.958278, 40.805397 ], [ -73.958191, 40.805617 ], [ -73.954968, 40.810073 ], [ -73.953577, 40.809485 ], [ -73.952103, 40.811451 ], [ -73.950352, 40.813168 ], [ -73.948841, 40.815365 ], [ -73.94608, 40.821272 ], [ -73.945162, 40.820887 ], [ -73.942925, 40.823269 ], [ -73.93925, 40.828305 ], [ -73.938642, 40.829747 ], [ -73.940143, 40.83038 ] ] ] } },
{ "type": "Feature", "properties": { "cdta2020": "MN10", "slug": "mn10" }, "geometry": { "type": "Polygon", "coordinates": [ [ [ -73.933831, 40.819499 ], [ -73.933974, 40.819738 ], [ -73.934425, 40.827051 ], [ -73.935169, 40.832883 ], [ -73.934917, 40.835239 ], [ -73.934454, 40.835989 ], [ -73.935309, 40.835486 ], [ -73.938582, 40.832907 ], [ -73.940143, 40.83038 ], [ -73.938642, 40.829747 ], [ -73.93925, 40.828305 ], [ -73.942925, 40.823269 ], [ -73.945162, 40.820887 ], [ -73.94608, 40.821272 ], [ -73.948841, 40.815365 ], [ -73.950352, 40.813168 ], [ -73.952103, 40.811451 ], [ -73.953577, 40.809485 ], [ -73.954968, 40.810073 ], [ -73.958191, 40.805617 ], [ -73.958278, 40.805397 ], [ -73.958287, 40.805167 ], [ -73.95825, 40.803115 ], [ -73.959648, 40.801165 ], [ -73.958174, 40.800591 ], [ -73.957866, 40.800524 ], [ -73.949235, 40.79688 ], [ -73.944601, 40.803233 ], [ -73.946202, 40.803915 ], [ -73.944357, 40.806422 ], [ -73.942755, 40.805752 ], [ -73.934875, 40.816536 ], [ -73.934076, 40.817835 ], [ -73.933831, 40.819499 ] ] ] } },
{ "type": "Feature", "properties": { "cdta2020": "MN11", "slug": "mn11" }, "geometry": { "type": "MultiPolygon", "coordinates": [ [ [ [ -73.920316, 40.799384 ], [ -73.921912, 40.801511 ], [ -73.922635, 40.801877 ], [ -73.925277, 40.802007 ], [ -73.926511, 40.800665 ], [ -73.927264, 40.798927 ], [ -73.927441, 40.797719 ], [ -73.926953, 40.796717 ], [ -73.926927, 40.795588 ], [ -73.927355, 40.79447 ], [ -73.928267, 40.793221 ], [ -73.928269, 40.792337 ], [ -73.927137, 40.791938 ], [ -73.92787, 40.790963 ], [ -73.929725, 40.791375 ], [ -73.931477, 40.790487 ], [ -73.93313, 40.788719 ], [ -73.935714, 40.785689 ], [ -73.936072, 40.784225 ], [ -73.935025, 40.783015 ], [ -73.93064, 40.78227 ], [ -73.928494, 40.781017 ], [ -73.927326, 40.781099 ], [ -73.92572, 40.782185 ], [ -73.924482, 40.782329 ], [ -73.922854, 40.783564 ], [ -73.922192, 40.785519 ], [ -73.921894, 40.785712 ], [ -73.91851, 40.789433 ], [ -73.918125, 40.790049 ], [ -73.917108, 40.790477 ], [ -73.915143, 40.792021 ], [ -73.913785, 40.793845 ], [ -73.913806, 40.79452 ], [ -73.915456, 40.797072 ], [ -73.916631, 40.797866 ], [ -73.920316, 40.799384 ] ] ], [ [ [ -73.944056, 40.782973 ], [ -73.94365, 40.782664 ], [ -73.942471, 40.783905 ], [ -73.939828, 40.785265 ], [ -73.938117, 40.787193 ], [ -73.937063, 40.789422 ], [ -73.935833, 40.791103 ], [ -73.933486, 40.792782 ], [ -73.930198, 40.794602 ], [ -73.929281, 40.795861 ], [ -73.929038, 40.796771 ], [ -73.928903, 40.799863 ], [ -73.929036, 40.801089 ], [ -73.929975, 40.803205 ], [ -73.931161, 40.804975 ], [ -73.933563, 40.807609 ], [ -73.93434, 40.809571 ], [ -73.933983, 40.812823 ], [ -73.933791, 40.81716 ], [ -73.933831, 40.819499 ], [ -73.934076, 40.817835 ], [ -73.934875, 40.816536 ], [ -73.942755, 40.805752 ], [ -73.944357, 40.806422 ], [ -73.946202, 40.803915 ], [ -73.944601, 40.803233 ], [ -73.949235, 40.79688 ], [ -73.955779, 40.787922 ], [ -73.944056, 40.782973 ] ] ] ] } },
{ "type": "Feature", "properties": { "cdta2020": "MN12", "slug": "mn12" }, "geometry": { "type": "Polygon", "coordinates": [ [ [ -73.934454, 40.835989 ], [ -73.934104, 40.836775 ], [ -73.930812, 40.842726 ], [ -73.92972, 40.84524 ], [ -73.923607, 40.853985 ], [ -73.92228, 40.855663 ], [ -73.922378, 40.856592 ], [ -73.921145, 40.85756 ], [ -73.921241, 40.858823 ], [ -73.920655, 40.859272 ], [ -73.919504, 40.858799 ], [ -73.917093, 40.861869 ], [ -73.915347, 40.863173 ], [ -73.915087, 40.864456 ], [ -73.91392, 40.864754 ], [ -73.912549, 40.866523 ], [ -73.911032, 40.869164 ], [ -73.91065, 40.872305 ], [ -73.911226, 40.873036 ], [ -73.912291, 40.873637 ], [ -73.915225, 40.874495 ], [ -73.916345, 40.874532 ], [ -73.919241, 40.873622 ], [ -73.918877, 40.874687 ], [ -73.920808, 40.875486 ], [ -73.921141, 40.875057 ], [ -73.92, 40.873854 ], [ -73.920605, 40.872999 ], [ -73.921764, 40.873346 ], [ -73.922675, 40.874759 ], [ -73.922378, 40.876767 ], [ -73.923296, 40.877273 ], [ -73.924572, 40.877437 ], [ -73.925658, 40.877089 ], [ -73.926901, 40.877225 ], [ -73.929015, 40.875747 ], [ -73.931915, 40.871138 ], [ -73.932207, 40.870105 ], [ -73.932427, 40.867576 ], [ -73.934018, 40.865044 ], [ -73.936477, 40.861935 ], [ -73.937559, 40.86009 ], [ -73.938311, 40.859389 ], [ -73.939112, 40.858049 ], [ -73.940295, 40.85665 ], [ -73.941871, 40.853876 ], [ -73.943028, 40.852635 ], [ -73.944015, 40.852008 ], [ -73.946517, 40.850977 ], [ -73.947051, 40.850232 ], [ -73.946621, 40.848287 ], [ -73.946791, 40.847005 ], [ -73.946173, 40.845401 ], [ -73.946126, 40.843901 ], [ -73.947385, 40.841949 ], [ -73.94843, 40.839869 ], [ -73.949543, 40.836888 ], [ -73.950214, 40.834311 ], [ -73.948278, 40.833874 ], [ -73.940143, 40.83038 ], [ -73.938582, 40.832907 ], [ -73.935309, 40.835486 ], [ -73.934454, 40.835989 ] ] ] } },
{ "type": "Feature", "properties": { "cdta2020": "QN01", "slug": "q01" }, "geometry": { "type": "MultiPolygon", "coordinates": [ [ [ [ -73.890892, 40.765866 ], [ -73.887731, 40.766923 ], [ -73.888179, 40.768437 ], [ -73.88869, 40.768986 ], [ -73.889414, 40.772994 ], [ -73.889888, 40.774026 ], [ -73.889473, 40.775544 ], [ -73.890089, 40.777793 ], [ -73.891774, 40.776602 ], [ -73.892524, 40.777413 ], [ -73.891197, 40.778572 ], [ -73.89167, 40.779501 ], [ -73.892536, 40.779779 ], [ -73.891718, 40.780902 ], [ -73.893754, 40.782318 ], [ -73.894776, 40.782262 ], [ -73.896065, 40.783166 ], [ -73.898656, 40.782004 ], [ -73.899481, 40.782178 ], [ -73.902173, 40.781798 ], [ -73.901147, 40.782719 ], [ -73.898858, 40.782813 ], [ -73.895831, 40.78523 ], [ -73.896941, 40.786633 ], [ -73.900328, 40.789016 ], [ -73.906475, 40.79019 ], [ -73.90986, 40.790954 ], [ -73.910224, 40.790474 ], [ -73.912231, 40.789188 ], [ -73.912601, 40.789385 ], [ -73.914241, 40.787865 ], [ -73.916834, 40.7852 ], [ -73.917173, 40.784202 ], [ -73.919092, 40.783376 ], [ -73.922101, 40.78086 ], [ -73.922958, 40.780449 ], [ -73.924875, 40.778634 ], [ -73.92632, 40.77825 ], [ -73.928607, 40.776601 ], [ -73.929882, 40.77623 ], [ -73.93063, 40.776599 ], [ -73.931051, 40.77745 ], [ -73.93179, 40.777879 ], [ -73.933813, 40.778109 ], [ -73.935084, 40.777953 ], [ -73.936382, 40.77693 ], [ -73.937656, 40.775094 ], [ -73.93786, 40.774096 ], [ -73.937468, 40.77254 ], [ -73.93561, 40.77194 ], [ -73.935569, 40.771927 ], [ -73.934696, 40.770434 ], [ -73.935242, 40.769688 ], [ -73.936171, 40.769524 ], [ -73.936816, 40.768912 ], [ -73.938199, 40.768708 ], [ -73.938957, 40.767967 ], [ -73.939837, 40.767996 ], [ -73.941313, 40.766926 ], [ -73.943504, 40.764507 ], [ -73.945966, 40.761301 ], [ -73.950841, 40.755226 ], [ -73.944881, 40.752615 ], [ -73.94402, 40.752358 ], [ -73.938119, 40.749841 ], [ -73.936865, 40.74843 ], [ -73.933941, 40.750278 ], [ -73.93152, 40.751161 ], [ -73.924635, 40.751652 ], [ -73.922552, 40.751585 ], [ -73.921016, 40.750981 ], [ -73.92054, 40.749759 ], [ -73.915257, 40.750854 ], [ -73.913145, 40.750975 ], [ -73.909845, 40.751647 ], [ -73.910233, 40.752985 ], [ -73.89874, 40.754162 ], [ -73.899593, 40.756564 ], [ -73.899542, 40.758405 ], [ -73.898774, 40.759924 ], [ -73.89632, 40.763355 ], [ -73.895201, 40.764238 ], [ -73.894608, 40.765718 ], [ -73.893861, 40.76643 ], [ -73.891092, 40.766345 ], [ -73.890892, 40.765866 ] ] ], [ [ [ -73.888235, 40.798251 ], [ -73.888838, 40.798755 ], [ -73.889214, 40.79781 ], [ -73.890609, 40.797776 ], [ -73.891794, 40.796784 ], [ -73.892824, 40.792825 ], [ -73.892183, 40.790403 ], [ -73.890571, 40.790116 ], [ -73.890128, 40.789645 ], [ -73.889406, 40.7878 ], [ -73.888309, 40.787015 ], [ -73.885963, 40.786761 ], [ -73.878308, 40.785365 ], [ -73.876774, 40.785809 ], [ -73.873691, 40.785763 ], [ -73.872983, 40.785903 ], [ -73.871632, 40.786806 ], [ -73.87081, 40.787905 ], [ -73.871199, 40.790008 ], [ -73.872886, 40.79146 ], [ -73.874919, 40.792312 ], [ -73.875846, 40.793167 ], [ -73.877896, 40.794328 ], [ -73.879759, 40.794892 ], [ -73.881662, 40.795079 ], [ -73.883919, 40.795803 ], [ -73.885315, 40.797065 ], [ -73.887188, 40.798308 ], [ -73.888235, 40.798251 ] ] ] ] } },
{ "type": "Feature", "properties": { "cdta2020": "QN02", "slug": "q02" }, "geometry": { "type": "Polygon", "coordinates": [ [ [ -73.89874, 40.754162 ], [ -73.910233, 40.752985 ], [ -73.909845, 40.751647 ], [ -73.913145, 40.750975 ], [ -73.915257, 40.750854 ], [ -73.92054, 40.749759 ], [ -73.921016, 40.750981 ], [ -73.922552, 40.751585 ], [ -73.924635, 40.751652 ], [ -73.93152, 40.751161 ], [ -73.933941, 40.750278 ], [ -73.936865, 40.74843 ], [ -73.938119, 40.749841 ], [ -73.94402, 40.752358 ], [ -73.944881, 40.752615 ], [ -73.950841, 40.755226 ], [ -73.952931, 40.752772 ], [ -73.9545, 40.751234 ], [ -73.955068, 40.749641 ], [ -73.957042, 40.748929 ], [ -73.957495, 40.748345 ], [ -73.95752, 40.748312 ], [ -73.959145, 40.746009 ], [ -73.95876, 40.744953 ], [ -73.959634, 40.743943 ], [ -73.960519, 40.744114 ], [ -73.96057, 40.744038 ], [ -73.960648, 40.743401 ], [ -73.961554, 40.742002 ], [ -73.962622, 40.739041 ], [ -73.962166, 40.73828 ], [ -73.960727, 40.738088 ], [ -73.957468, 40.739552 ], [ -73.9538, 40.739828 ], [ -73.951923, 40.739496 ], [ -73.947152, 40.737908 ], [ -73.945484, 40.738215 ], [ -73.942903, 40.739012 ], [ -73.94119, 40.740299 ], [ -73.939654, 40.742739 ], [ -73.93911, 40.742625 ], [ -73.940363, 40.740344 ], [ -73.941463, 40.739257 ], [ -73.945936, 40.737508 ], [ -73.941803, 40.735971 ], [ -73.940866, 40.735079 ], [ -73.940069, 40.73377 ], [ -73.939112, 40.731388 ], [ -73.938046, 40.730518 ], [ -73.936483, 40.729695 ], [ -73.934533, 40.729113 ], [ -73.931299, 40.728734 ], [ -73.929104, 40.728206 ], [ -73.928487, 40.727767 ], [ -73.92791, 40.728262 ], [ -73.926454, 40.728132 ], [ -73.923333, 40.726882 ], [ -73.921764, 40.7264 ], [ -73.918365, 40.725939 ], [ -73.917968, 40.728509 ], [ -73.915074, 40.727979 ], [ -73.915054, 40.728609 ], [ -73.91205, 40.72855 ], [ -73.911732, 40.729972 ], [ -73.910127, 40.729332 ], [ -73.90707, 40.727475 ], [ -73.905182, 40.728965 ], [ -73.900617, 40.734485 ], [ -73.899827, 40.73494 ], [ -73.89807, 40.735192 ], [ -73.895103, 40.735029 ], [ -73.892328, 40.734478 ], [ -73.888524, 40.734539 ], [ -73.889363, 40.735847 ], [ -73.89137, 40.73607 ], [ -73.887537, 40.736771 ], [ -73.887254, 40.738844 ], [ -73.894692, 40.74024 ], [ -73.890888, 40.740695 ], [ -73.891691, 40.742153 ], [ -73.895646, 40.748482 ], [ -73.89636, 40.748779 ], [ -73.897076, 40.749953 ], [ -73.897933, 40.752947 ], [ -73.89874, 40.754162 ] ] ] } },
{ "type": "Feature", "properties": { "cdta2020": "QN03", "slug": "q03" }, "geometry": { "type": "Polygon", "coordinates": [ [ [ -73.852206, 40.752669 ], [ -73.852619, 40.753413 ], [ -73.85354, 40.756563 ], [ -73.854141, 40.757774 ], [ -73.855253, 40.759156 ], [ -73.856384, 40.759915 ], [ -73.859125, 40.761284 ], [ -73.860938, 40.763737 ], [ -73.862933, 40.766113 ], [ -73.865985, 40.768868 ], [ -73.868004, 40.770263 ], [ -73.870263, 40.771365 ], [ -73.871287, 40.771652 ], [ -73.873833, 40.771879 ], [ -73.875529, 40.771738 ], [ -73.878062, 40.771084 ], [ -73.87952, 40.770435 ], [ -73.882385, 40.768866 ], [ -73.884321, 40.76799 ], [ -73.887731, 40.766923 ], [ -73.890892, 40.765866 ], [ -73.891092, 40.766345 ], [ -73.893861, 40.76643 ], [ -73.894608, 40.765718 ], [ -73.895201, 40.764238 ], [ -73.89632, 40.763355 ], [ -73.898774, 40.759924 ], [ -73.899542, 40.758405 ], [ -73.899593, 40.756564 ], [ -73.89874, 40.754162 ], [ -73.897933, 40.752947 ], [ -73.897076, 40.749953 ], [ -73.89636, 40.748779 ], [ -73.895646, 40.748482 ], [ -73.891752, 40.74682 ], [ -73.861119, 40.750032 ], [ -73.852206, 40.752669 ] ] ] } },
{ "type": "Feature", "properties": { "cdta2020": "QN04", "slug": "q04" }, "geometry": { "type": "Polygon", "coordinates": [ [ [ -73.847557, 40.739072 ], [ -73.848096, 40.740035 ], [ -73.850117, 40.740732 ], [ -73.853607, 40.747505 ], [ -73.854427, 40.74886 ], [ -73.850866, 40.750004 ], [ -73.852206, 40.752669 ], [ -73.861119, 40.750032 ], [ -73.891752, 40.74682 ], [ -73.895646, 40.748482 ], [ -73.891691, 40.742153 ], [ -73.890888, 40.740695 ], [ -73.894692, 40.74024 ], [ -73.887254, 40.738844 ], [ -73.887537, 40.736771 ], [ -73.89137, 40.73607 ], [ -73.889363, 40.735847 ], [ -73.888524, 40.734539 ], [ -73.888061, 40.730096 ], [ -73.887561, 40.730205 ], [ -73.887206, 40.727877 ], [ -73.885081, 40.728441 ], [ -73.881074, 40.728784 ], [ -73.879724, 40.729097 ], [ -73.875239, 40.730732 ], [ -73.864623, 40.73429 ], [ -73.85943, 40.735797 ], [ -73.858773, 40.735794 ], [ -73.855086, 40.736809 ], [ -73.851347, 40.737597 ], [ -73.847557, 40.739072 ] ] ] } },
{ "type": "Feature", "properties": { "cdta2020": "QN05", "slug": "q05" }, "geometry": { "type": "Polygon", "coordinates": [ [ [ -73.888524, 40.734539 ], [ -73.892328, 40.734478 ], [ -73.895103, 40.735029 ], [ -73.89807, 40.735192 ], [ -73.899827, 40.73494 ], [ -73.900617, 40.734485 ], [ -73.905182, 40.728965 ], [ -73.90707, 40.727475 ], [ -73.910127, 40.729332 ], [ -73.911732, 40.729972 ], [ -73.91205, 40.72855 ], [ -73.915054, 40.728609 ], [ -73.915074, 40.727979 ], [ -73.917968, 40.728509 ], [ -73.918365, 40.725939 ], [ -73.921764, 40.7264 ], [ -73.923333, 40.726882 ], [ -73.926454, 40.728132 ], [ -73.92791, 40.728262 ], [ -73.928487, 40.727767 ], [ -73.926558, 40.725677 ], [ -73.925303, 40.724741 ], [ -73.924194, 40.724284 ], [ -73.922692, 40.724248 ], [ -73.920372, 40.723689 ], [ -73.920715, 40.723325 ], [ -73.922182, 40.723716 ], [ -73.924519, 40.72356 ], [ -73.925087, 40.722479 ], [ -73.924245, 40.721438 ], [ -73.923842, 40.720116 ], [ -73.923934, 40.719038 ], [ -73.922796, 40.717543 ], [ -73.922331, 40.716085 ], [ -73.924124, 40.715146 ], [ -73.924061, 40.71412 ], [ -73.922236, 40.712864 ], [ -73.921547, 40.711052 ], [ -73.92075, 40.710542 ], [ -73.921893, 40.709404 ], [ -73.911808, 40.703443 ], [ -73.912906, 40.70237 ], [ -73.91068, 40.701054 ], [ -73.911808, 40.699955 ], [ -73.904262, 40.695709 ], [ -73.905797, 40.694135 ], [ -73.9014, 40.691598 ], [ -73.901889, 40.691086 ], [ -73.900426, 40.688192 ], [ -73.901163, 40.687886 ], [ -73.896528, 40.682412 ], [ -73.895306, 40.684089 ], [ -73.894176, 40.685292 ], [ -73.892584, 40.6835 ], [ -73.890156, 40.685012 ], [ -73.889629, 40.684245 ], [ -73.888085, 40.685302 ], [ -73.884524, 40.686693 ], [ -73.883778, 40.687872 ], [ -73.879508, 40.691155 ], [ -73.874022, 40.6942 ], [ -73.868919, 40.695155 ], [ -73.870676, 40.697849 ], [ -73.869316, 40.699363 ], [ -73.869528, 40.701614 ], [ -73.868986, 40.701753 ], [ -73.869157, 40.702902 ], [ -73.86281, 40.703419 ], [ -73.858236, 40.702841 ], [ -73.858934, 40.701329 ], [ -73.857281, 40.701221 ], [ -73.857229, 40.70166 ], [ -73.855297, 40.701999 ], [ -73.855294, 40.702604 ], [ -73.852522, 40.7023 ], [ -73.85471, 40.705219 ], [ -73.854718, 40.706778 ], [ -73.855939, 40.706404 ], [ -73.856679, 40.7077 ], [ -73.857294, 40.711476 ], [ -73.859761, 40.711853 ], [ -73.859642, 40.714018 ], [ -73.860039, 40.714941 ], [ -73.86302, 40.717716 ], [ -73.86524, 40.719985 ], [ -73.869294, 40.724444 ], [ -73.870932, 40.727712 ], [ -73.871462, 40.729335 ], [ -73.875239, 40.730732 ], [ -73.879724, 40.729097 ], [ -73.881074, 40.728784 ], [ -73.885081, 40.728441 ], [ -73.887206, 40.727877 ], [ -73.887561, 40.730205 ], [ -73.888061, 40.730096 ], [ -73.888524, 40.734539 ] ] ] } },
{ "type": "Feature", "properties": { "cdta2020": "QN06", "slug": "q06" }, "geometry": { "type": "Polygon", "coordinates": [ [ [ -73.83098, 40.714322 ], [ -73.829835, 40.715576 ], [ -73.83496, 40.719421 ], [ -73.835382, 40.72073 ], [ -73.837316, 40.72358 ], [ -73.839065, 40.726888 ], [ -73.840328, 40.728815 ], [ -73.842857, 40.731149 ], [ -73.84419, 40.73265 ], [ -73.845428, 40.734958 ], [ -73.846057, 40.737108 ], [ -73.846895, 40.73868 ], [ -73.847557, 40.739072 ], [ -73.851347, 40.737597 ], [ -73.855086, 40.736809 ], [ -73.858773, 40.735794 ], [ -73.85943, 40.735797 ], [ -73.864623, 40.73429 ], [ -73.875239, 40.730732 ], [ -73.871462, 40.729335 ], [ -73.870932, 40.727712 ], [ -73.869294, 40.724444 ], [ -73.86524, 40.719985 ], [ -73.86302, 40.717716 ], [ -73.860039, 40.714941 ], [ -73.859642, 40.714018 ], [ -73.859761, 40.711853 ], [ -73.857294, 40.711476 ], [ -73.856679, 40.7077 ], [ -73.855939, 40.706404 ], [ -73.854718, 40.706778 ], [ -73.849514, 40.708354 ], [ -73.845673, 40.708419 ], [ -73.843148, 40.709232 ], [ -73.841341, 40.709954 ], [ -73.83771, 40.711045 ], [ -73.835979, 40.711714 ], [ -73.83098, 40.714322 ] ] ] } },
{ "type": "Feature", "properties": { "cdta2020": "QN07", "slug": "q07" }, "geometry": { "type": "Polygon", "coordinates": [ [ [ -73.767606, 40.778307 ], [ -73.76909, 40.780541 ], [ -73.771609, 40.783005 ], [ -73.774078, 40.785926 ], [ -73.773792, 40.786837 ], [ -73.771739, 40.787472 ], [ -73.770633, 40.788471 ], [ -73.772104, 40.790138 ], [ -73.772364, 40.791546 ], [ -73.773634, 40.792758 ], [ -73.774015, 40.794038 ], [ -73.77618, 40.796104 ], [ -73.778272, 40.796733 ], [ -73.781543, 40.795668 ], [ -73.781811, 40.79481 ], [ -73.781007, 40.794393 ], [ -73.780702, 40.793657 ], [ -73.78108, 40.791686 ], [ -73.781748, 40.791142 ], [ -73.782524, 40.791361 ], [ -73.78384, 40.790649 ], [ -73.785682, 40.790349 ], [ -73.790283, 40.790325 ], [ -73.792689, 40.788786 ], [ -73.793784, 40.789127 ], [ -73.794962, 40.791909 ], [ -73.794333, 40.793538 ], [ -73.794599, 40.794946 ], [ -73.796501, 40.795126 ], [ -73.798588, 40.79591 ], [ -73.800959, 40.796395 ], [ -73.803485, 40.796479 ], [ -73.804611, 40.796144 ], [ -73.806365, 40.796402 ], [ -73.811823, 40.797467 ], [ -73.812876, 40.797185 ], [ -73.815955, 40.798507 ], [ -73.817387, 40.799297 ], [ -73.819128, 40.800558 ], [ -73.819818, 40.80081 ], [ -73.820982, 40.800486 ], [ -73.822856, 40.79873 ], [ -73.825234, 40.797307 ], [ -73.82612, 40.79728 ], [ -73.828666, 40.796484 ], [ -73.82879, 40.795953 ], [ -73.828008, 40.794921 ], [ -73.827794, 40.793304 ], [ -73.828065, 40.792764 ], [ -73.829777, 40.791626 ], [ -73.831031, 40.791562 ], [ -73.831745, 40.791014 ], [ -73.83215, 40.790042 ], [ -73.832098, 40.788796 ], [ -73.833797, 40.788525 ], [ -73.834088, 40.789042 ], [ -73.835789, 40.789583 ], [ -73.837234, 40.789628 ], [ -73.837513, 40.791036 ], [ -73.836617, 40.791771 ], [ -73.836634, 40.792525 ], [ -73.838402, 40.796764 ], [ -73.839038, 40.797061 ], [ -73.840601, 40.796815 ], [ -73.841906, 40.79563 ], [ -73.843434, 40.794957 ], [ -73.844515, 40.79489 ], [ -73.846246, 40.796171 ], [ -73.848711, 40.795425 ], [ -73.849338, 40.79338 ], [ -73.852768, 40.794397 ], [ -73.853534, 40.794147 ], [ -73.853745, 40.792302 ], [ -73.852801, 40.790989 ], [ -73.854454, 40.790283 ], [ -73.854803, 40.788627 ], [ -73.85323, 40.787898 ], [ -73.855951, 40.787692 ], [ -73.857013, 40.786656 ], [ -73.858159, 40.787044 ], [ -73.859124, 40.785741 ], [ -73.85799, 40.784686 ], [ -73.858085, 40.783732 ], [ -73.857281, 40.783369 ], [ -73.855452, 40.783151 ], [ -73.85539, 40.782084 ], [ -73.853151, 40.782332 ], [ -73.849525, 40.782365 ], [ -73.849914, 40.781096 ], [ -73.849495, 40.780074 ], [ -73.849803, 40.778776 ], [ -73.848956, 40.777936 ], [ -73.849213, 40.774556 ], [ -73.848963, 40.773751 ], [ -73.849948, 40.772066 ], [ -73.848595, 40.770632 ], [ -73.848464, 40.769788 ], [ -73.848998, 40.769157 ], [ -73.847807, 40.766781 ], [ -73.845283, 40.765674 ], [ -73.843949, 40.765503 ], [ -73.840313, 40.766303 ], [ -73.839133, 40.765999 ], [ -73.83958, 40.765261 ], [ -73.840528, 40.765396 ], [ -73.842986, 40.764432 ], [ -73.843071, 40.763601 ], [ -73.844117, 40.763144 ], [ -73.846711, 40.761353 ], [ -73.845968, 40.760708 ], [ -73.843245, 40.755345 ], [ -73.83862, 40.757053 ], [ -73.838212, 40.755261 ], [ -73.835593, 40.751385 ], [ -73.832297, 40.75195 ], [ -73.832225, 40.751428 ], [ -73.833087, 40.747997 ], [ -73.834627, 40.746889 ], [ -73.835677, 40.744859 ], [ -73.835863, 40.743236 ], [ -73.83297, 40.742602 ], [ -73.831157, 40.742349 ], [ -73.83134, 40.739179 ], [ -73.830537, 40.737528 ], [ -73.829469, 40.737033 ], [ -73.828093, 40.737091 ], [ -73.827966, 40.738511 ], [ -73.827014, 40.738577 ], [ -73.824976, 40.739449 ], [ -73.824714, 40.739842 ], [ -73.820066, 40.738836 ], [ -73.817082, 40.738423 ], [ -73.815058, 40.738995 ], [ -73.813224, 40.738769 ], [ -73.798223, 40.738231 ], [ -73.796413, 40.738334 ], [ -73.797277, 40.740339 ], [ -73.797232, 40.741704 ], [ -73.795214, 40.743504 ], [ -73.794454, 40.745211 ], [ -73.794724, 40.747608 ], [ -73.797297, 40.749443 ], [ -73.794723, 40.75063 ], [ -73.794579, 40.753571 ], [ -73.794934, 40.757806 ], [ -73.790317, 40.757832 ], [ -73.790761, 40.760994 ], [ -73.793441, 40.760772 ], [ -73.793027, 40.76463 ], [ -73.793961, 40.764704 ], [ -73.793181, 40.770411 ], [ -73.795658, 40.773044 ], [ -73.793654, 40.773369 ], [ -73.791637, 40.774247 ], [ -73.786552, 40.775566 ], [ -73.776785, 40.778418 ], [ -73.775841, 40.778621 ], [ -73.775539, 40.777034 ], [ -73.768614, 40.779104 ], [ -73.767606, 40.778307 ] ] ] } },
{ "type": "Feature", "properties": { "cdta2020": "QN08", "slug": "q08" }, "geometry": { "type": "Polygon", "coordinates": [ [ [ -73.756784, 40.726314 ], [ -73.75846, 40.727551 ], [ -73.760662, 40.728624 ], [ -73.762265, 40.729613 ], [ -73.764536, 40.731477 ], [ -73.765552, 40.732553 ], [ -73.763701, 40.732872 ], [ -73.765112, 40.734566 ], [ -73.762734, 40.73527 ], [ -73.762465, 40.736372 ], [ -73.762684, 40.737264 ], [ -73.76557, 40.743266 ], [ -73.76698, 40.744231 ], [ -73.767764, 40.745852 ], [ -73.769479, 40.745256 ], [ -73.771398, 40.744301 ], [ -73.773935, 40.743645 ], [ -73.78041, 40.742638 ], [ -73.795358, 40.738546 ], [ -73.796413, 40.738334 ], [ -73.798223, 40.738231 ], [ -73.813224, 40.738769 ], [ -73.815058, 40.738995 ], [ -73.817082, 40.738423 ], [ -73.820066, 40.738836 ], [ -73.824714, 40.739842 ], [ -73.824976, 40.739449 ], [ -73.827014, 40.738577 ], [ -73.827966, 40.738511 ], [ -73.828093, 40.737091 ], [ -73.829469, 40.737033 ], [ -73.830537, 40.737528 ], [ -73.83134, 40.739179 ], [ -73.831157, 40.742349 ], [ -73.83297, 40.742602 ], [ -73.835863, 40.743236 ], [ -73.836101, 40.742437 ], [ -73.836994, 40.742102 ], [ -73.837109, 40.741405 ], [ -73.836752, 40.739729 ], [ -73.835647, 40.738499 ], [ -73.8354, 40.736921 ], [ -73.835607, 40.735143 ], [ -73.83605, 40.734274 ], [ -73.834901, 40.732976 ], [ -73.834005, 40.731576 ], [ -73.833864, 40.730562 ], [ -73.833072, 40.729927 ], [ -73.830866, 40.726718 ], [ -73.829801, 40.725905 ], [ -73.828246, 40.725432 ], [ -73.827131, 40.724312 ], [ -73.825569, 40.719729 ], [ -73.825401, 40.717423 ], [ -73.822895, 40.717498 ], [ -73.819525, 40.717348 ], [ -73.820117, 40.716522 ], [ -73.823406, 40.716558 ], [ -73.82558, 40.715771 ], [ -73.824291, 40.713878 ], [ -73.823536, 40.71243 ], [ -73.821315, 40.710556 ], [ -73.81914, 40.707874 ], [ -73.816477, 40.702459 ], [ -73.813988, 40.70255 ], [ -73.81153, 40.702281 ], [ -73.812014, 40.705953 ], [ -73.80695, 40.707375 ], [ -73.808048, 40.709365 ], [ -73.805484, 40.710097 ], [ -73.804842, 40.709346 ], [ -73.803025, 40.708148 ], [ -73.801934, 40.70892 ], [ -73.801415, 40.709695 ], [ -73.798703, 40.710672 ], [ -73.79777, 40.709151 ], [ -73.794732, 40.710021 ], [ -73.789415, 40.712006 ], [ -73.787848, 40.711819 ], [ -73.785354, 40.712292 ], [ -73.773573, 40.715128 ], [ -73.767334, 40.717298 ], [ -73.764471, 40.718899 ], [ -73.759443, 40.721072 ], [ -73.754971, 40.724168 ], [ -73.755668, 40.725327 ], [ -73.756784, 40.726314 ] ] ] } },
{ "type": "Feature", "properties": { "cdta2020": "QN09", "slug": "q09" }, "geometry": { "type": "Polygon", "coordinates": [ [ [ -73.816477, 40.702459 ], [ -73.81914, 40.707874 ], [ -73.821315, 40.710556 ], [ -73.823536, 40.71243 ], [ -73.824291, 40.713878 ], [ -73.82558, 40.715771 ], [ -73.83098, 40.714322 ], [ -73.835979, 40.711714 ], [ -73.83771, 40.711045 ], [ -73.841341, 40.709954 ], [ -73.843148, 40.709232 ], [ -73.838286, 40.708418 ], [ -73.837148, 40.707965 ], [ -73.838141, 40.706344 ], [ -73.836964, 40.704221 ], [ -73.83948, 40.702699 ], [ -73.841565, 40.701109 ], [ -73.842758, 40.700666 ], [ -73.845026, 40.699368 ], [ -73.84914, 40.698291 ], [ -73.85071, 40.700211 ], [ -73.854501, 40.70056 ], [ -73.852834, 40.698416 ], [ -73.852747, 40.697569 ], [ -73.856573, 40.697073 ], [ -73.868407, 40.694739 ], [ -73.868596, 40.693893 ], [ -73.867458, 40.688409 ], [ -73.8666, 40.685278 ], [ -73.866021, 40.681928 ], [ -73.864102, 40.682381 ], [ -73.863351, 40.67936 ], [ -73.858787, 40.680639 ], [ -73.8582, 40.679439 ], [ -73.853982, 40.679691 ], [ -73.850992, 40.680577 ], [ -73.85198, 40.682573 ], [ -73.84787, 40.681495 ], [ -73.841197, 40.68336 ], [ -73.84013, 40.681155 ], [ -73.836976, 40.681996 ], [ -73.838079, 40.684247 ], [ -73.827532, 40.687248 ], [ -73.828513, 40.689247 ], [ -73.825995, 40.689962 ], [ -73.825013, 40.687961 ], [ -73.813542, 40.69122 ], [ -73.810727, 40.691931 ], [ -73.814246, 40.698045 ], [ -73.816477, 40.702459 ] ] ] } },
{ "type": "Feature", "properties": { "cdta2020": "QN10", "slug": "q10" }, "geometry": { "type": "MultiPolygon", "coordinates": [ [ [ [ -73.860991, 40.655218 ], [ -73.860542, 40.654632 ], [ -73.857225, 40.650287 ], [ -73.857321, 40.651245 ], [ -73.858981, 40.652684 ], [ -73.859412, 40.653873 ], [ -73.860456, 40.655075 ], [ -73.860991, 40.655218 ] ] ], [ [ [ -73.801438, 40.667681 ], [ -73.801361, 40.668404 ], [ -73.801245, 40.669851 ], [ -73.801319, 40.672792 ], [ -73.801794, 40.674402 ], [ -73.807176, 40.685613 ], [ -73.810727, 40.691931 ], [ -73.813542, 40.69122 ], [ -73.825013, 40.687961 ], [ -73.825995, 40.689962 ], [ -73.828513, 40.689247 ], [ -73.827532, 40.687248 ], [ -73.838079, 40.684247 ], [ -73.836976, 40.681996 ], [ -73.84013, 40.681155 ], [ -73.841197, 40.68336 ], [ -73.84787, 40.681495 ], [ -73.85198, 40.682573 ], [ -73.850992, 40.680577 ], [ -73.853982, 40.679691 ], [ -73.8582, 40.679439 ], [ -73.858787, 40.680639 ], [ -73.863351, 40.67936 ], [ -73.862347, 40.679173 ], [ -73.860387, 40.67126 ], [ -73.857635, 40.671664 ], [ -73.855686, 40.663876 ], [ -73.858431, 40.663462 ], [ -73.857617, 40.660127 ], [ -73.860306, 40.659643 ], [ -73.863172, 40.658285 ], [ -73.862699, 40.657627 ], [ -73.861729, 40.658042 ], [ -73.861615, 40.657005 ], [ -73.860343, 40.657256 ], [ -73.860394, 40.658628 ], [ -73.859637, 40.658466 ], [ -73.859812, 40.657331 ], [ -73.860842, 40.65618 ], [ -73.859329, 40.654949 ], [ -73.858522, 40.653319 ], [ -73.857725, 40.652735 ], [ -73.856912, 40.652955 ], [ -73.856208, 40.651551 ], [ -73.854102, 40.650687 ], [ -73.852355, 40.650588 ], [ -73.850786, 40.651541 ], [ -73.849924, 40.651666 ], [ -73.849218, 40.651177 ], [ -73.850578, 40.650358 ], [ -73.850907, 40.649176 ], [ -73.85159, 40.649076 ], [ -73.852344, 40.647686 ], [ -73.852078, 40.646184 ], [ -73.849508, 40.644142 ], [ -73.845796, 40.64411 ], [ -73.83861, 40.645356 ], [ -73.835925, 40.645508 ], [ -73.838062, 40.654245 ], [ -73.838966, 40.657581 ], [ -73.839981, 40.661913 ], [ -73.838894, 40.661412 ], [ -73.838455, 40.65937 ], [ -73.835974, 40.649357 ], [ -73.835567, 40.648436 ], [ -73.834536, 40.648033 ], [ -73.831489, 40.647895 ], [ -73.8308, 40.648985 ], [ -73.831189, 40.65076 ], [ -73.831568, 40.651176 ], [ -73.833386, 40.65806 ], [ -73.832602, 40.657835 ], [ -73.832769, 40.656796 ], [ -73.832125, 40.654281 ], [ -73.831289, 40.653487 ], [ -73.830938, 40.651634 ], [ -73.830009, 40.650912 ], [ -73.830012, 40.650337 ], [ -73.828462, 40.649127 ], [ -73.826394, 40.648333 ], [ -73.828073, 40.655276 ], [ -73.828601, 40.657205 ], [ -73.829316, 40.658907 ], [ -73.829915, 40.659674 ], [ -73.832707, 40.665414 ], [ -73.829102, 40.664259 ], [ -73.826875, 40.663712 ], [ -73.823054, 40.663562 ], [ -73.822962, 40.663868 ], [ -73.814107, 40.662803 ], [ -73.811559, 40.663186 ], [ -73.808451, 40.66447 ], [ -73.806145, 40.664921 ], [ -73.80215, 40.665258 ], [ -73.801806, 40.666276 ], [ -73.801771, 40.666382 ], [ -73.801636, 40.666766 ], [ -73.801438, 40.667681 ] ] ] ] } },
{ "type": "Feature", "properties": { "cdta2020": "QN11", "slug": "q11" }, "geometry": { "type": "Polygon", "coordinates": [ [ [ -73.713327, 40.759739 ], [ -73.716577, 40.76179 ], [ -73.720977, 40.764768 ], [ -73.721535, 40.764832 ], [ -73.73206, 40.77131 ], [ -73.733894, 40.772536 ], [ -73.737704, 40.774802 ], [ -73.739377, 40.776022 ], [ -73.740081, 40.776217 ], [ -73.744042, 40.778598 ], [ -73.744619, 40.777927 ], [ -73.745409, 40.778991 ], [ -73.746112, 40.778463 ], [ -73.746868, 40.778886 ], [ -73.748058, 40.780289 ], [ -73.750209, 40.782408 ], [ -73.751841, 40.782347 ], [ -73.753, 40.781298 ], [ -73.753908, 40.779787 ], [ -73.755138, 40.776416 ], [ -73.754243, 40.775275 ], [ -73.753368, 40.773216 ], [ -73.754382, 40.77205 ], [ -73.755575, 40.771537 ], [ -73.754697, 40.769717 ], [ -73.755077, 40.767672 ], [ -73.753117, 40.764441 ], [ -73.754938, 40.766102 ], [ -73.757347, 40.767078 ], [ -73.758644, 40.767365 ], [ -73.758809, 40.768191 ], [ -73.759602, 40.768731 ], [ -73.761264, 40.770404 ], [ -73.764178, 40.772838 ], [ -73.765729, 40.774612 ], [ -73.767002, 40.776704 ], [ -73.767606, 40.778307 ], [ -73.768614, 40.779104 ], [ -73.775539, 40.777034 ], [ -73.775841, 40.778621 ], [ -73.776785, 40.778418 ], [ -73.786552, 40.775566 ], [ -73.791637, 40.774247 ], [ -73.793654, 40.773369 ], [ -73.795658, 40.773044 ], [ -73.793181, 40.770411 ], [ -73.793961, 40.764704 ], [ -73.793027, 40.76463 ], [ -73.793441, 40.760772 ], [ -73.790761, 40.760994 ], [ -73.790317, 40.757832 ], [ -73.794934, 40.757806 ], [ -73.794579, 40.753571 ], [ -73.794723, 40.75063 ], [ -73.797297, 40.749443 ], [ -73.794724, 40.747608 ], [ -73.794454, 40.745211 ], [ -73.795214, 40.743504 ], [ -73.797232, 40.741704 ], [ -73.797277, 40.740339 ], [ -73.796413, 40.738334 ], [ -73.795358, 40.738546 ], [ -73.78041, 40.742638 ], [ -73.773935, 40.743645 ], [ -73.771398, 40.744301 ], [ -73.769479, 40.745256 ], [ -73.767764, 40.745852 ], [ -73.76698, 40.744231 ], [ -73.76557, 40.743266 ], [ -73.762684, 40.737264 ], [ -73.762465, 40.736372 ], [ -73.762734, 40.73527 ], [ -73.765112, 40.734566 ], [ -73.763701, 40.732872 ], [ -73.765552, 40.732553 ], [ -73.764536, 40.731477 ], [ -73.762265, 40.729613 ], [ -73.760662, 40.728624 ], [ -73.75846, 40.727551 ], [ -73.756784, 40.726314 ], [ -73.755748, 40.726648 ], [ -73.75455, 40.727085 ], [ -73.752037, 40.728341 ], [ -73.751887, 40.728426 ], [ -73.749622, 40.730014 ], [ -73.746739, 40.732591 ], [ -73.743846, 40.734815 ], [ -73.741599, 40.736916 ], [ -73.739962, 40.738927 ], [ -73.738352, 40.740348 ], [ -73.732327, 40.743654 ], [ -73.730959, 40.744867 ], [ -73.72943, 40.746686 ], [ -73.728651, 40.748076 ], [ -73.727822, 40.750241 ], [ -73.726261, 40.751878 ], [ -73.723768, 40.753425 ], [ -73.722555, 40.75457 ], [ -73.721136, 40.756953 ], [ -73.719504, 40.758405 ], [ -73.71778, 40.759211 ], [ -73.716123, 40.759588 ], [ -73.713327, 40.759739 ] ] ] } },
{ "type": "Feature", "properties": { "cdta2020": "QN12", "slug": "q12" }, "geometry": { "type": "Polygon", "coordinates": [ [ [ -73.801636, 40.666766 ], [ -73.799424, 40.666529 ], [ -73.797279, 40.666952 ], [ -73.793068, 40.667076 ], [ -73.789411, 40.666849 ], [ -73.786971, 40.667093 ], [ -73.773426, 40.668036 ], [ -73.771546, 40.667971 ], [ -73.757633, 40.666459 ], [ -73.756997, 40.66775 ], [ -73.756439, 40.669675 ], [ -73.756364, 40.672437 ], [ -73.758806, 40.673014 ], [ -73.760316, 40.675118 ], [ -73.75692, 40.676537 ], [ -73.755763, 40.675894 ], [ -73.754851, 40.677937 ], [ -73.75226, 40.6815 ], [ -73.751259, 40.683742 ], [ -73.750018, 40.6859 ], [ -73.748505, 40.68779 ], [ -73.746245, 40.691288 ], [ -73.744847, 40.693147 ], [ -73.743594, 40.696224 ], [ -73.745239, 40.696383 ], [ -73.746183, 40.69613 ], [ -73.751214, 40.707315 ], [ -73.75371, 40.713333 ], [ -73.759443, 40.721072 ], [ -73.764471, 40.718899 ], [ -73.767334, 40.717298 ], [ -73.773573, 40.715128 ], [ -73.785354, 40.712292 ], [ -73.787848, 40.711819 ], [ -73.789415, 40.712006 ], [ -73.794732, 40.710021 ], [ -73.79777, 40.709151 ], [ -73.798703, 40.710672 ], [ -73.801415, 40.709695 ], [ -73.801934, 40.70892 ], [ -73.803025, 40.708148 ], [ -73.804842, 40.709346 ], [ -73.805484, 40.710097 ], [ -73.808048, 40.709365 ], [ -73.80695, 40.707375 ], [ -73.812014, 40.705953 ], [ -73.81153, 40.702281 ], [ -73.813988, 40.70255 ], [ -73.816477, 40.702459 ], [ -73.814246, 40.698045 ], [ -73.810727, 40.691931 ], [ -73.807176, 40.685613 ], [ -73.801794, 40.674402 ], [ -73.801319, 40.672792 ], [ -73.801245, 40.669851 ], [ -73.801361, 40.668404 ], [ -73.801438, 40.667681 ], [ -73.801636, 40.666766 ] ] ] } },
{ "type": "Feature", "properties": { "cdta2020": "QN13", "slug": "q13" }, "geometry": { "type": "Polygon", "coordinates": [ [ [ -73.713327, 40.759739 ], [ -73.716123, 40.759588 ], [ -73.71778, 40.759211 ], [ -73.719504, 40.758405 ], [ -73.721136, 40.756953 ], [ -73.722555, 40.75457 ], [ -73.723768, 40.753425 ], [ -73.726261, 40.751878 ], [ -73.727822, 40.750241 ], [ -73.728651, 40.748076 ], [ -73.72943, 40.746686 ], [ -73.730959, 40.744867 ], [ -73.732327, 40.743654 ], [ -73.738352, 40.740348 ], [ -73.739962, 40.738927 ], [ -73.741599, 40.736916 ], [ -73.743846, 40.734815 ], [ -73.746739, 40.732591 ], [ -73.749622, 40.730014 ], [ -73.751887, 40.728426 ], [ -73.752037, 40.728341 ], [ -73.75455, 40.727085 ], [ -73.755748, 40.726648 ], [ -73.756784, 40.726314 ], [ -73.755668, 40.725327 ], [ -73.754971, 40.724168 ], [ -73.759443, 40.721072 ], [ -73.75371, 40.713333 ], [ -73.751214, 40.707315 ], [ -73.746183, 40.69613 ], [ -73.745239, 40.696383 ], [ -73.743594, 40.696224 ], [ -73.744847, 40.693147 ], [ -73.746245, 40.691288 ], [ -73.748505, 40.68779 ], [ -73.750018, 40.6859 ], [ -73.751259, 40.683742 ], [ -73.75226, 40.6815 ], [ -73.754851, 40.677937 ], [ -73.755763, 40.675894 ], [ -73.75692, 40.676537 ], [ -73.760316, 40.675118 ], [ -73.758806, 40.673014 ], [ -73.756364, 40.672437 ], [ -73.756439, 40.669675 ], [ -73.756997, 40.66775 ], [ -73.757633, 40.666459 ], [ -73.771546, 40.667971 ], [ -73.773426, 40.668036 ], [ -73.786971, 40.667093 ], [ -73.789411, 40.666849 ], [ -73.793068, 40.667076 ], [ -73.797279, 40.666952 ], [ -73.799424, 40.666529 ], [ -73.801636, 40.666766 ], [ -73.801771, 40.666382 ], [ -73.801806, 40.666276 ], [ -73.80215, 40.665258 ], [ -73.799821, 40.665268 ], [ -73.79582, 40.664964 ], [ -73.787513, 40.663833 ], [ -73.783418, 40.663091 ], [ -73.779331, 40.661848 ], [ -73.776906, 40.66068 ], [ -73.773831, 40.659659 ], [ -73.764064, 40.654365 ], [ -73.751575, 40.647268 ], [ -73.75205, 40.64666 ], [ -73.75007, 40.64545 ], [ -73.747304, 40.643209 ], [ -73.746316, 40.641403 ], [ -73.746172, 40.640406 ], [ -73.74705, 40.636957 ], [ -73.746294, 40.636446 ], [ -73.744894, 40.637178 ], [ -73.744223, 40.638028 ], [ -73.742731, 40.638278 ], [ -73.741218, 40.637824 ], [ -73.74098, 40.637329 ], [ -73.742298, 40.635747 ], [ -73.74216, 40.635004 ], [ -73.740752, 40.635116 ], [ -73.739473, 40.635715 ], [ -73.74126, 40.638906 ], [ -73.742275, 40.640132 ], [ -73.741424, 40.640512 ], [ -73.742052, 40.641482 ], [ -73.741663, 40.642206 ], [ -73.741438, 40.646897 ], [ -73.739046, 40.648209 ], [ -73.735136, 40.64974 ], [ -73.730288, 40.650377 ], [ -73.725227, 40.652009 ], [ -73.724986, 40.654262 ], [ -73.725504, 40.655525 ], [ -73.725569, 40.656733 ], [ -73.726446, 40.65917 ], [ -73.727933, 40.661757 ], [ -73.727859, 40.665076 ], [ -73.728274, 40.666438 ], [ -73.727558, 40.67417 ], [ -73.726242, 40.677229 ], [ -73.725631, 40.679596 ], [ -73.725908, 40.682665 ], [ -73.725799, 40.684362 ], [ -73.726165, 40.688462 ], [ -73.726655, 40.701121 ], [ -73.727048, 40.709507 ], [ -73.726973, 40.710723 ], [ -73.729178, 40.719176 ], [ -73.730328, 40.722166 ], [ -73.729474, 40.72263 ], [ -73.725673, 40.724046 ], [ -73.716934, 40.726395 ], [ -73.710564, 40.727227 ], [ -73.707664, 40.727839 ], [ -73.702062, 40.736451 ], [ -73.700813, 40.738447 ], [ -73.70001, 40.739332 ], [ -73.700781, 40.74505 ], [ -73.700895, 40.747065 ], [ -73.701635, 40.752502 ], [ -73.702736, 40.753259 ], [ -73.707827, 40.756225 ], [ -73.713327, 40.759739 ] ] ] } },
{ "type": "Feature", "properties": { "cdta2020": "QN14", "slug": "q14" }, "geometry": { "type": "MultiPolygon", "coordinates": [ [ [ [ -73.882758, 40.567578 ], [ -73.883689, 40.568852 ], [ -73.884898, 40.568508 ], [ -73.886548, 40.568479 ], [ -73.887475, 40.568139 ], [ -73.889596, 40.56795 ], [ -73.891466, 40.568423 ], [ -73.893143, 40.568404 ], [ -73.895488, 40.56688 ], [ -73.895339, 40.56634 ], [ -73.896134, 40.565367 ], [ -73.89969, 40.56339 ], [ -73.90171, 40.562749 ], [ -73.902873, 40.563523 ], [ -73.904294, 40.562932 ], [ -73.906156, 40.562696 ], [ -73.907936, 40.563407 ], [ -73.908026, 40.563908 ], [ -73.909279, 40.564005 ], [ -73.91008, 40.564926 ], [ -73.912203, 40.565063 ], [ -73.915193, 40.564099 ], [ -73.917662, 40.562834 ], [ -73.92108, 40.562088 ], [ -73.923296, 40.562099 ], [ -73.926159, 40.561561 ], [ -73.932223, 40.557685 ], [ -73.931188, 40.557024 ], [ -73.929824, 40.554083 ], [ -73.9291, 40.553102 ], [ -73.922068, 40.555158 ], [ -73.920988, 40.556283 ], [ -73.913605, 40.556476 ], [ -73.913167, 40.556351 ], [ -73.909891, 40.556681 ], [ -73.91008, 40.557323 ], [ -73.909954, 40.560509 ], [ -73.907241, 40.560953 ], [ -73.903332, 40.561855 ], [ -73.882758, 40.567578 ] ] ], [ [ [ -73.765085, 40.612062 ], [ -73.765165, 40.613762 ], [ -73.766726, 40.614269 ], [ -73.769449, 40.613982 ], [ -73.771829, 40.613954 ], [ -73.773537, 40.613537 ], [ -73.773994, 40.612456 ], [ -73.773769, 40.611264 ], [ -73.772169, 40.61149 ], [ -73.77123, 40.610387 ], [ -73.770243, 40.610258 ], [ -73.76911, 40.609624 ], [ -73.768953, 40.609112 ], [ -73.76981, 40.607894 ], [ -73.77002, 40.605328 ], [ -73.770572, 40.604764 ], [ -73.770187, 40.602757 ], [ -73.771127, 40.600463 ], [ -73.771022, 40.598954 ], [ -73.768293, 40.598349 ], [ -73.773002, 40.597888 ], [ -73.774226, 40.599017 ], [ -73.774253, 40.600147 ], [ -73.774973, 40.601753 ], [ -73.776278, 40.601092 ], [ -73.777423, 40.598821 ], [ -73.779045, 40.597658 ], [ -73.780185, 40.597221 ], [ -73.781331, 40.597761 ], [ -73.781994, 40.598986 ], [ -73.78011, 40.600736 ], [ -73.778349, 40.600374 ], [ -73.776352, 40.60253 ], [ -73.775161, 40.604638 ], [ -73.774586, 40.606534 ], [ -73.774664, 40.608145 ], [ -73.774167, 40.60866 ], [ -73.774925, 40.609529 ], [ -73.776929, 40.609843 ], [ -73.778569, 40.609652 ], [ -73.779403, 40.609234 ], [ -73.780989, 40.607915 ], [ -73.783492, 40.605504 ], [ -73.783958, 40.604873 ], [ -73.783138, 40.603598 ], [ -73.783507, 40.602572 ], [ -73.785285, 40.60159 ], [ -73.785995, 40.600303 ], [ -73.789167, 40.597891 ], [ -73.789181, 40.595194 ], [ -73.790864, 40.595021 ], [ -73.791244, 40.596635 ], [ -73.790335, 40.599207 ], [ -73.78769, 40.601339 ], [ -73.786505, 40.603258 ], [ -73.787857, 40.603122 ], [ -73.791541, 40.600372 ], [ -73.79336, 40.59997 ], [ -73.793983, 40.599568 ], [ -73.801236, 40.599131 ], [ -73.802923, 40.598881 ], [ -73.805113, 40.597159 ], [ -73.804586, 40.596242 ], [ -73.803099, 40.594571 ], [ -73.80259, 40.594393 ], [ -73.80244, 40.592648 ], [ -73.803929, 40.593114 ], [ -73.804037, 40.594171 ], [ -73.804642, 40.594915 ], [ -73.806035, 40.59556 ], [ -73.807116, 40.59529 ], [ -73.808048, 40.593659 ], [ -73.807041, 40.593067 ], [ -73.804167, 40.591863 ], [ -73.804362, 40.591322 ], [ -73.806876, 40.592273 ], [ -73.80902, 40.593354 ], [ -73.809901, 40.592279 ], [ -73.810823, 40.592088 ], [ -73.813634, 40.590802 ], [ -73.814749, 40.590596 ], [ -73.81525, 40.589997 ], [ -73.818839, 40.58826 ], [ -73.821461, 40.586778 ], [ -73.823263, 40.587477 ], [ -73.827848, 40.586146 ], [ -73.828526, 40.584863 ], [ -73.835842, 40.582887 ], [ -73.838649, 40.58273 ], [ -73.839355, 40.581866 ], [ -73.845207, 40.581588 ], [ -73.848612, 40.582196 ], [ -73.850445, 40.582139 ], [ -73.853057, 40.581264 ], [ -73.862884, 40.576068 ], [ -73.863968, 40.575035 ], [ -73.863349, 40.57403 ], [ -73.866685, 40.572997 ], [ -73.864468, 40.56915 ], [ -73.864069, 40.569306 ], [ -73.86287, 40.566839 ], [ -73.857205, 40.569109 ], [ -73.852203, 40.570753 ], [ -73.846159, 40.573043 ], [ -73.837786, 40.575932 ], [ -73.833871, 40.577658 ], [ -73.831627, 40.578375 ], [ -73.829568, 40.578789 ], [ -73.82496, 40.580146 ], [ -73.822291, 40.581104 ], [ -73.81929, 40.581775 ], [ -73.813526, 40.583481 ], [ -73.808076, 40.584003 ], [ -73.806864, 40.584412 ], [ -73.804341, 40.584911 ], [ -73.803343, 40.584901 ], [ -73.796655, 40.586382 ], [ -73.791499, 40.587311 ], [ -73.789232, 40.587629 ], [ -73.784534, 40.588486 ], [ -73.780576, 40.589571 ], [ -73.77913, 40.589614 ], [ -73.777355, 40.590102 ], [ -73.770834, 40.590561 ], [ -73.76886, 40.590871 ], [ -73.768135, 40.590745 ], [ -73.762763, 40.591633 ], [ -73.761345, 40.591735 ], [ -73.757893, 40.591365 ], [ -73.755919, 40.590879 ], [ -73.753411, 40.59098 ], [ -73.751695, 40.591321 ], [ -73.749127, 40.593225 ], [ -73.746657, 40.594304 ], [ -73.742916, 40.59484 ], [ -73.741374, 40.594816 ], [ -73.739959, 40.594509 ], [ -73.737991, 40.594564 ], [ -73.738857, 40.596791 ], [ -73.738358, 40.597609 ], [ -73.738227, 40.602574 ], [ -73.739209, 40.604048 ], [ -73.740293, 40.604607 ], [ -73.743399, 40.60748 ], [ -73.74311, 40.607724 ], [ -73.745763, 40.612 ], [ -73.746857, 40.611582 ], [ -73.747217, 40.612187 ], [ -73.750089, 40.611649 ], [ -73.75346, 40.610528 ], [ -73.756484, 40.610186 ], [ -73.759446, 40.610356 ], [ -73.761726, 40.611855 ], [ -73.762301, 40.611367 ], [ -73.765085, 40.612062 ] ] ], [ [ [ -73.816518, 40.614413 ], [ -73.8175, 40.614222 ], [ -73.82076, 40.615241 ], [ -73.821417, 40.615063 ], [ -73.823997, 40.612524 ], [ -73.824006, 40.61164 ], [ -73.822894, 40.610345 ], [ -73.822098, 40.610166 ], [ -73.821384, 40.608554 ], [ -73.820488, 40.610233 ], [ -73.821263, 40.611315 ], [ -73.82052, 40.611958 ], [ -73.819619, 40.610487 ], [ -73.820034, 40.608932 ], [ -73.821262, 40.607153 ], [ -73.822906, 40.605859 ], [ -73.822469, 40.605533 ], [ -73.822782, 40.604543 ], [ -73.822946, 40.602591 ], [ -73.824438, 40.600353 ], [ -73.823768, 40.600048 ], [ -73.824319, 40.598321 ], [ -73.825077, 40.598223 ], [ -73.826081, 40.599458 ], [ -73.828063, 40.597689 ], [ -73.829485, 40.598142 ], [ -73.830762, 40.597454 ], [ -73.831542, 40.597959 ], [ -73.832395, 40.597812 ], [ -73.834202, 40.596665 ], [ -73.834848, 40.595551 ], [ -73.834723, 40.595064 ], [ -73.833219, 40.594226 ], [ -73.831315, 40.594489 ], [ -73.827254, 40.594777 ], [ -73.825479, 40.595089 ], [ -73.824137, 40.594641 ], [ -73.821202, 40.59472 ], [ -73.820674, 40.595204 ], [ -73.820158, 40.596882 ], [ -73.819283, 40.597538 ], [ -73.818492, 40.599398 ], [ -73.818313, 40.601348 ], [ -73.817722, 40.602233 ], [ -73.817255, 40.603949 ], [ -73.817393, 40.605166 ], [ -73.816427, 40.605232 ], [ -73.815229, 40.607058 ], [ -73.814772, 40.608859 ], [ -73.8156, 40.610681 ], [ -73.816028, 40.612374 ], [ -73.815497, 40.614048 ], [ -73.816518, 40.614413 ] ] ] ] } },
{ "type": "Feature", "properties": { "cdta2020": "SI01", "slug": "si01" }, "geometry": { "type": "MultiPolygon", "coordinates": [ [ [ [ -74.067213, 40.603187 ], [ -74.06398, 40.602152 ], [ -74.064302, 40.603103 ], [ -74.065172, 40.604222 ], [ -74.06043, 40.606361 ], [ -74.056773, 40.607908 ], [ -74.057165, 40.608751 ], [ -74.059087, 40.610642 ], [ -74.059432, 40.611663 ], [ -74.060338, 40.61191 ], [ -74.061441, 40.614386 ], [ -74.063561, 40.616453 ], [ -74.065101, 40.617519 ], [ -74.066201, 40.618731 ], [ -74.069984, 40.621426 ], [ -74.072257, 40.624617 ], [ -74.072707, 40.626882 ], [ -74.072297, 40.627147 ], [ -74.072913, 40.630005 ], [ -74.068132, 40.628547 ], [ -74.068023, 40.628796 ], [ -74.072986, 40.630317 ], [ -74.07333, 40.632067 ], [ -74.072909, 40.633643 ], [ -74.073536, 40.63765 ], [ -74.072574, 40.63788 ], [ -74.073092, 40.638627 ], [ -74.07324, 40.642193 ], [ -74.071479, 40.642816 ], [ -74.07202, 40.64442 ], [ -74.074454, 40.645076 ], [ -74.076508, 40.646977 ], [ -74.078997, 40.648151 ], [ -74.081424, 40.648513 ], [ -74.082125, 40.648286 ], [ -74.084846, 40.648899 ], [ -74.085709, 40.648889 ], [ -74.087676, 40.648244 ], [ -74.089399, 40.647319 ], [ -74.094687, 40.645564 ], [ -74.096047, 40.645381 ], [ -74.098501, 40.645379 ], [ -74.100134, 40.645072 ], [ -74.103074, 40.645646 ], [ -74.108866, 40.645587 ], [ -74.111163, 40.645105 ], [ -74.113332, 40.643732 ], [ -74.1177, 40.641551 ], [ -74.119531, 40.641478 ], [ -74.120715, 40.641054 ], [ -74.121449, 40.641511 ], [ -74.122783, 40.641348 ], [ -74.122858, 40.640829 ], [ -74.124157, 40.640143 ], [ -74.126348, 40.640385 ], [ -74.127528, 40.640164 ], [ -74.129309, 40.640346 ], [ -74.131082, 40.641035 ], [ -74.131257, 40.641605 ], [ -74.132827, 40.641428 ], [ -74.134354, 40.641895 ], [ -74.139185, 40.640863 ], [ -74.142299, 40.640314 ], [ -74.143363, 40.639718 ], [ -74.143954, 40.638889 ], [ -74.144844, 40.639362 ], [ -74.147501, 40.638918 ], [ -74.148779, 40.638884 ], [ -74.149795, 40.637901 ], [ -74.150558, 40.638568 ], [ -74.151197, 40.637739 ], [ -74.152699, 40.63765 ], [ -74.154254, 40.63718 ], [ -74.15478, 40.63773 ], [ -74.157894, 40.637973 ], [ -74.158935, 40.638272 ], [ -74.162286, 40.638774 ], [ -74.161677, 40.640619 ], [ -74.163247, 40.640966 ], [ -74.163456, 40.639865 ], [ -74.165192, 40.640651 ], [ -74.165636, 40.641223 ], [ -74.169066, 40.642138 ], [ -74.171497, 40.641779 ], [ -74.172492, 40.642849 ], [ -74.17297, 40.644246 ], [ -74.174155, 40.645088 ], [ -74.175298, 40.645083 ], [ -74.175709, 40.64458 ], [ -74.175486, 40.64347 ], [ -74.17667, 40.643395 ], [ -74.178792, 40.642507 ], [ -74.179354, 40.643227 ], [ -74.179333, 40.644409 ], [ -74.182982, 40.644803 ], [ -74.186527, 40.643397 ], [ -74.193721, 40.637575 ], [ -74.194625, 40.637399 ], [ -74.194496, 40.636458 ], [ -74.195578, 40.635012 ], [ -74.196205, 40.634694 ], [ -74.192871, 40.632906 ], [ -74.191392, 40.632117 ], [ -74.189881, 40.631366 ], [ -74.188336, 40.630654 ], [ -74.186762, 40.629982 ], [ -74.186578, 40.630177 ], [ -74.185069, 40.629518 ], [ -74.183596, 40.628811 ], [ -74.181801, 40.627854 ], [ -74.18027, 40.626939 ], [ -74.177671, 40.625073 ], [ -74.175731, 40.623239 ], [ -74.174192, 40.622293 ], [ -74.171987, 40.621645 ], [ -74.170872, 40.621514 ], [ -74.16873, 40.621214 ], [ -74.164803, 40.619666 ], [ -74.161845, 40.618172 ], [ -74.158982, 40.616376 ], [ -74.156006, 40.614147 ], [ -74.154714, 40.613142 ], [ -74.150524, 40.609919 ], [ -74.14819, 40.608612 ], [ -74.146391, 40.608038 ], [ -74.143733, 40.607697 ], [ -74.140844, 40.607823 ], [ -74.13897, 40.607925 ], [ -74.129844, 40.60842 ], [ -74.128761, 40.608504 ], [ -74.121337, 40.609675 ], [ -74.11632, 40.611026 ], [ -74.11488, 40.611119 ], [ -74.112581, 40.610854 ], [ -74.110307, 40.610285 ], [ -74.108573, 40.610122 ], [ -74.105474, 40.610164 ], [ -74.102511, 40.610342 ], [ -74.096623, 40.610546 ], [ -74.095453, 40.610504 ], [ -74.092569, 40.609834 ], [ -74.086464, 40.607295 ], [ -74.083712, 40.60645 ], [ -74.081271, 40.606156 ], [ -74.075801, 40.605942 ], [ -74.073393, 40.605456 ], [ -74.071785, 40.60494 ], [ -74.067213, 40.603187 ] ] ], [ [ [ -74.161114, 40.641844 ], [ -74.159321, 40.641565 ], [ -74.157559, 40.643248 ], [ -74.158099, 40.643766 ], [ -74.161536, 40.644164 ], [ -74.161114, 40.641844 ] ] ] ] } },
{ "type": "Feature", "properties": { "cdta2020": "SI02", "slug": "si02" }, "geometry": { "type": "Polygon", "coordinates": [ [ [ -74.06398, 40.602152 ], [ -74.067213, 40.603187 ], [ -74.071785, 40.60494 ], [ -74.073393, 40.605456 ], [ -74.075801, 40.605942 ], [ -74.081271, 40.606156 ], [ -74.083712, 40.60645 ], [ -74.086464, 40.607295 ], [ -74.092569, 40.609834 ], [ -74.095453, 40.610504 ], [ -74.096623, 40.610546 ], [ -74.102511, 40.610342 ], [ -74.105474, 40.610164 ], [ -74.108573, 40.610122 ], [ -74.110307, 40.610285 ], [ -74.112581, 40.610854 ], [ -74.11488, 40.611119 ], [ -74.11632, 40.611026 ], [ -74.121337, 40.609675 ], [ -74.128761, 40.608504 ], [ -74.129844, 40.60842 ], [ -74.13897, 40.607925 ], [ -74.140844, 40.607823 ], [ -74.143733, 40.607697 ], [ -74.146391, 40.608038 ], [ -74.14819, 40.608612 ], [ -74.150524, 40.609919 ], [ -74.154714, 40.613142 ], [ -74.156006, 40.614147 ], [ -74.158982, 40.616376 ], [ -74.161845, 40.618172 ], [ -74.164803, 40.619666 ], [ -74.16873, 40.621214 ], [ -74.170872, 40.621514 ], [ -74.171987, 40.621645 ], [ -74.174192, 40.622293 ], [ -74.175731, 40.623239 ], [ -74.177671, 40.625073 ], [ -74.18027, 40.626939 ], [ -74.181801, 40.627854 ], [ -74.183596, 40.628811 ], [ -74.185069, 40.629518 ], [ -74.186578, 40.630177 ], [ -74.186762, 40.629982 ], [ -74.188336, 40.630654 ], [ -74.189881, 40.631366 ], [ -74.191392, 40.632117 ], [ -74.192871, 40.632906 ], [ -74.196205, 40.634694 ], [ -74.197346, 40.633006 ], [ -74.198512, 40.63279 ], [ -74.20014, 40.63149 ], [ -74.200478, 40.629665 ], [ -74.200988, 40.629352 ], [ -74.201418, 40.626079 ], [ -74.20098, 40.625371 ], [ -74.201078, 40.624087 ], [ -74.201586, 40.623507 ], [ -74.20131, 40.621666 ], [ -74.200775, 40.620575 ], [ -74.201037, 40.620104 ], [ -74.20035, 40.618294 ], [ -74.200916, 40.617807 ], [ -74.200455, 40.616336 ], [ -74.202445, 40.613293 ], [ -74.202303, 40.611884 ], [ -74.202818, 40.608279 ], [ -74.20222, 40.605978 ], [ -74.201387, 40.604645 ], [ -74.20015, 40.603692 ], [ -74.198761, 40.60172 ], [ -74.197301, 40.598029 ], [ -74.197515, 40.596807 ], [ -74.198563, 40.595561 ], [ -74.199856, 40.593458 ], [ -74.200927, 40.592875 ], [ -74.202005, 40.591789 ], [ -74.202469, 40.590847 ], [ -74.204648, 40.589294 ], [ -74.204204, 40.586422 ], [ -74.204631, 40.584358 ], [ -74.204402, 40.583721 ], [ -74.20507, 40.581668 ], [ -74.205985, 40.580432 ], [ -74.20603, 40.579772 ], [ -74.204414, 40.580178 ], [ -74.202952, 40.58011 ], [ -74.200586, 40.579519 ], [ -74.198878, 40.579312 ], [ -74.197499, 40.578867 ], [ -74.191952, 40.576584 ], [ -74.190642, 40.576693 ], [ -74.18956, 40.576278 ], [ -74.189182, 40.575534 ], [ -74.189041, 40.572675 ], [ -74.187496, 40.572795 ], [ -74.186101, 40.572536 ], [ -74.184404, 40.573015 ], [ -74.18377, 40.572567 ], [ -74.179371, 40.570556 ], [ -74.179079, 40.569883 ], [ -74.177582, 40.563764 ], [ -74.176595, 40.56325 ], [ -74.176031, 40.563089 ], [ -74.175446, 40.562983 ], [ -74.17511, 40.562916 ], [ -74.174794, 40.562806 ], [ -74.171853, 40.561529 ], [ -74.164943, 40.56012 ], [ -74.163781, 40.560325 ], [ -74.16097, 40.561468 ], [ -74.157261, 40.562562 ], [ -74.155852, 40.563783 ], [ -74.154927, 40.56525 ], [ -74.151717, 40.567895 ], [ -74.147903, 40.570898 ], [ -74.146292, 40.570505 ], [ -74.144389, 40.569714 ], [ -74.143876, 40.570615 ], [ -74.144187, 40.572046 ], [ -74.133788, 40.573305 ], [ -74.131955, 40.573751 ], [ -74.127736, 40.575215 ], [ -74.12757, 40.575333 ], [ -74.127469, 40.575488 ], [ -74.127069, 40.576413 ], [ -74.12516, 40.57589 ], [ -74.123499, 40.575816 ], [ -74.121759, 40.57512 ], [ -74.121832, 40.574225 ], [ -74.121395, 40.572984 ], [ -74.121447, 40.571784 ], [ -74.123382, 40.569934 ], [ -74.124901, 40.568957 ], [ -74.123094, 40.567975 ], [ -74.116365, 40.563924 ], [ -74.113763, 40.566505 ], [ -74.110141, 40.564319 ], [ -74.104133, 40.561182 ], [ -74.102979, 40.5605 ], [ -74.101739, 40.559914 ], [ -74.100097, 40.558962 ], [ -74.098292, 40.559341 ], [ -74.096615, 40.562095 ], [ -74.09544, 40.56342 ], [ -74.103072, 40.567131 ], [ -74.106606, 40.568787 ], [ -74.108742, 40.569925 ], [ -74.106377, 40.572233 ], [ -74.106045, 40.572072 ], [ -74.104711, 40.574014 ], [ -74.101273, 40.572287 ], [ -74.093874, 40.568417 ], [ -74.092752, 40.568104 ], [ -74.088768, 40.572383 ], [ -74.087659, 40.573021 ], [ -74.084692, 40.571486 ], [ -74.083008, 40.572794 ], [ -74.080908, 40.574698 ], [ -74.078776, 40.576019 ], [ -74.077376, 40.57729 ], [ -74.0758, 40.578318 ], [ -74.075084, 40.579168 ], [ -74.071778, 40.581885 ], [ -74.070965, 40.58319 ], [ -74.067224, 40.586743 ], [ -74.06478, 40.588497 ], [ -74.065035, 40.588999 ], [ -74.062154, 40.592033 ], [ -74.059768, 40.593844 ], [ -74.063761, 40.598943 ], [ -74.061086, 40.599825 ], [ -74.061958, 40.601245 ], [ -74.06398, 40.602152 ] ] ] } },
{ "type": "Feature", "properties": { "cdta2020": "SI03", "slug": "si03" }, "geometry": { "type": "Polygon", "coordinates": [ [ [ -74.176595, 40.56325 ], [ -74.177582, 40.563764 ], [ -74.179079, 40.569883 ], [ -74.179371, 40.570556 ], [ -74.18377, 40.572567 ], [ -74.184404, 40.573015 ], [ -74.186101, 40.572536 ], [ -74.187496, 40.572795 ], [ -74.189041, 40.572675 ], [ -74.189182, 40.575534 ], [ -74.18956, 40.576278 ], [ -74.190642, 40.576693 ], [ -74.191952, 40.576584 ], [ -74.197499, 40.578867 ], [ -74.198878, 40.579312 ], [ -74.200586, 40.579519 ], [ -74.202952, 40.58011 ], [ -74.204414, 40.580178 ], [ -74.20603, 40.579772 ], [ -74.205919, 40.578625 ], [ -74.207042, 40.576417 ], [ -74.207072, 40.574751 ], [ -74.207837, 40.572618 ], [ -74.20817, 40.570728 ], [ -74.208928, 40.569632 ], [ -74.208868, 40.568918 ], [ -74.210745, 40.565236 ], [ -74.211382, 40.5635 ], [ -74.211101, 40.561937 ], [ -74.211176, 40.560468 ], [ -74.211833, 40.559689 ], [ -74.21196, 40.558472 ], [ -74.213792, 40.55641 ], [ -74.214742, 40.556251 ], [ -74.216044, 40.555552 ], [ -74.219745, 40.554621 ], [ -74.220869, 40.555948 ], [ -74.221434, 40.555387 ], [ -74.223196, 40.555804 ], [ -74.22607, 40.55622 ], [ -74.227438, 40.556047 ], [ -74.228726, 40.556305 ], [ -74.230177, 40.555398 ], [ -74.23061, 40.555587 ], [ -74.231935, 40.554158 ], [ -74.232246, 40.553433 ], [ -74.233311, 40.552528 ], [ -74.2349, 40.553013 ], [ -74.236356, 40.552376 ], [ -74.236167, 40.551462 ], [ -74.236503, 40.550438 ], [ -74.237519, 40.550198 ], [ -74.23815, 40.549401 ], [ -74.24046, 40.547634 ], [ -74.2418, 40.54701 ], [ -74.242937, 40.547121 ], [ -74.24364, 40.547674 ], [ -74.246139, 40.545705 ], [ -74.247621, 40.543518 ], [ -74.247679, 40.543134 ], [ -74.246468, 40.542201 ], [ -74.245478, 40.540641 ], [ -74.245387, 40.539542 ], [ -74.244429, 40.538025 ], [ -74.243735, 40.536115 ], [ -74.242213, 40.534612 ], [ -74.241551, 40.530883 ], [ -74.242247, 40.529831 ], [ -74.24334, 40.525862 ], [ -74.243409, 40.524854 ], [ -74.242803, 40.524016 ], [ -74.242597, 40.52207 ], [ -74.242934, 40.521235 ], [ -74.241334, 40.520903 ], [ -74.240033, 40.520321 ], [ -74.242326, 40.518335 ], [ -74.244319, 40.518521 ], [ -74.245671, 40.517798 ], [ -74.24521, 40.517298 ], [ -74.246752, 40.516504 ], [ -74.24752, 40.515744 ], [ -74.248514, 40.516234 ], [ -74.249845, 40.515526 ], [ -74.250484, 40.514765 ], [ -74.252127, 40.513719 ], [ -74.252167, 40.512791 ], [ -74.253077, 40.512149 ], [ -74.253317, 40.50987 ], [ -74.255454, 40.508041 ], [ -74.255236, 40.503943 ], [ -74.253744, 40.501423 ], [ -74.253234, 40.500227 ], [ -74.251106, 40.498942 ], [ -74.250856, 40.498014 ], [ -74.249719, 40.496894 ], [ -74.248181, 40.496291 ], [ -74.246763, 40.496142 ], [ -74.244662, 40.497458 ], [ -74.243976, 40.49759 ], [ -74.23967, 40.497711 ], [ -74.238515, 40.498904 ], [ -74.237007, 40.499863 ], [ -74.235267, 40.500614 ], [ -74.233601, 40.500921 ], [ -74.230648, 40.50195 ], [ -74.227021, 40.502295 ], [ -74.225004, 40.501779 ], [ -74.222835, 40.502527 ], [ -74.219772, 40.502751 ], [ -74.217646, 40.503339 ], [ -74.21566, 40.505625 ], [ -74.214344, 40.506527 ], [ -74.213383, 40.506775 ], [ -74.211142, 40.509014 ], [ -74.210521, 40.51 ], [ -74.209175, 40.511163 ], [ -74.20757, 40.511864 ], [ -74.200831, 40.513039 ], [ -74.199886, 40.512943 ], [ -74.19982, 40.511611 ], [ -74.198183, 40.510996 ], [ -74.196704, 40.510017 ], [ -74.195215, 40.509986 ], [ -74.194098, 40.51065 ], [ -74.193168, 40.511856 ], [ -74.189714, 40.515329 ], [ -74.186569, 40.518124 ], [ -74.184833, 40.51935 ], [ -74.182436, 40.520326 ], [ -74.181167, 40.520664 ], [ -74.179812, 40.520561 ], [ -74.179275, 40.520017 ], [ -74.178272, 40.519932 ], [ -74.177621, 40.519338 ], [ -74.176014, 40.520884 ], [ -74.173428, 40.522577 ], [ -74.17136, 40.523461 ], [ -74.169999, 40.523054 ], [ -74.166906, 40.52484 ], [ -74.165543, 40.525428 ], [ -74.162227, 40.52721 ], [ -74.161466, 40.527068 ], [ -74.160343, 40.527558 ], [ -74.159703, 40.527304 ], [ -74.158903, 40.527944 ], [ -74.156112, 40.52933 ], [ -74.152458, 40.532076 ], [ -74.14972, 40.5335 ], [ -74.149779, 40.533896 ], [ -74.147945, 40.534931 ], [ -74.145435, 40.535831 ], [ -74.144742, 40.535809 ], [ -74.143835, 40.537145 ], [ -74.143053, 40.537248 ], [ -74.141767, 40.53855 ], [ -74.14191, 40.540372 ], [ -74.142478, 40.541353 ], [ -74.142184, 40.542043 ], [ -74.140128, 40.543522 ], [ -74.138737, 40.544913 ], [ -74.138628, 40.545495 ], [ -74.13751, 40.545586 ], [ -74.135859, 40.54646 ], [ -74.137459, 40.547318 ], [ -74.138654, 40.548494 ], [ -74.137391, 40.549601 ], [ -74.13456, 40.551263 ], [ -74.130426, 40.554445 ], [ -74.127302, 40.557303 ], [ -74.124022, 40.555239 ], [ -74.11946, 40.55223 ], [ -74.118668, 40.551169 ], [ -74.116564, 40.549136 ], [ -74.114944, 40.549597 ], [ -74.113385, 40.548082 ], [ -74.11279, 40.547892 ], [ -74.110286, 40.551505 ], [ -74.107688, 40.553985 ], [ -74.10643, 40.553862 ], [ -74.105096, 40.553137 ], [ -74.104661, 40.554129 ], [ -74.1031, 40.555913 ], [ -74.101848, 40.556225 ], [ -74.101245, 40.557669 ], [ -74.100097, 40.558962 ], [ -74.101739, 40.559914 ], [ -74.102979, 40.5605 ], [ -74.104133, 40.561182 ], [ -74.110141, 40.564319 ], [ -74.113763, 40.566505 ], [ -74.116365, 40.563924 ], [ -74.123094, 40.567975 ], [ -74.124901, 40.568957 ], [ -74.123382, 40.569934 ], [ -74.121447, 40.571784 ], [ -74.121395, 40.572984 ], [ -74.121832, 40.574225 ], [ -74.121759, 40.57512 ], [ -74.123499, 40.575816 ], [ -74.12516, 40.57589 ], [ -74.127069, 40.576413 ], [ -74.127469, 40.575488 ], [ -74.12757, 40.575333 ], [ -74.127736, 40.575215 ], [ -74.131955, 40.573751 ], [ -74.133788, 40.573305 ], [ -74.144187, 40.572046 ], [ -74.143876, 40.570615 ], [ -74.144389, 40.569714 ], [ -74.146292, 40.570505 ], [ -74.147903, 40.570898 ], [ -74.151717, 40.567895 ], [ -74.154927, 40.56525 ], [ -74.155852, 40.563783 ], [ -74.157261, 40.562562 ], [ -74.16097, 40.561468 ], [ -74.163781, 40.560325 ], [ -74.164943, 40.56012 ], [ -74.171853, 40.561529 ], [ -74.174794, 40.562806 ], [ -74.17511, 40.562916 ], [ -74.175446, 40.562983 ], [ -74.176031, 40.563089 ], [ -74.176595, 40.56325 ] ] ] } }
]
}
