{
"type": "FeatureCollection",
"name": "q01",
"features": [
{ "type": "Feature", "properties": { "resource_id": "facdb:012a263ea7830960d225207533100745", "name": "Greek Cultural Center, Inc.", "category": "libraries-and-community", "source": "facdb", "is_coad_member": false }, "geometry": { "type": "Point", "coordinates": [ -73.919977, 40.7712 ] } },
{ "type": "Feature", "properties": { "resource_id": "facdb:01be9acb96aaf4584da4a068ec994cac", "name": "Socrates Sculpture Park", "category": "parks-and-environment", "source": "facdb", "is_coad_member": false }, "geometry": { "type": "Point", "coordinates": [ -73.936223, 40.768036 ] } },
{ "type": "Feature", "properties": { "resource_id": "facdb:034efc56034200b4e4fd4ab2bb29e8d4", "name": "Foundation for Filipino Artists", "category": "children-and-youth", "source": "facdb", "is_coad_member": false }, "geometry": { "type": "Point", "coordinates": [ -73.902257, 40.756634 ] } },
{ "type": "Feature", "properties": { "resource_id": "facdb:0358361b367c6558ddf5480f37cd83f1", "name": "Les Film Festival, Inc", "category": "libraries-and-community", "source": "facdb", "is_coad_member": false }, "geometry": { "type": "Point", "coordinates": [ -73.922186, 40.763459 ] } },
{ "type": "Feature", "properties": { "resource_id": "facdb:045ad248488132237f4d27a79b2ef305", "name": "28-11 Queens Plaza N-Office", "category": "government-offices", "source": "facdb", "is_coad_member": false }, "geometry": { "type": "Point", "coordinates": [ -73.937966, 40.750291 ] } },
{ "type": "Feature", "properties": { "resource_id": "facdb:049e8eddd2d3d52e18eacba988df50d0", "name": "Variety Boys and Girls Club of Queen", "category": "children-and-youth", "source": "facdb", "is_coad_member": false }, "geometry": { "type": "Point", "coordinates": [ -73.928133, 40.768535 ] } },
{ "type": "Feature", "properties": { "resource_id": "facdb:04f47186dd690dacec2e04b0083d0f30", "name": "Mount Sinai Hospital - Mount Sinai Hospital of Queens", "category": "health-care", "source": "facdb", "is_coad_member": false }, "geometry": { "type": "Point", "coordinates": [ -73.924867, 40.768257 ] } },
{ "type": "Feature", "properties": { "resource_id": "facdb:054eb0ee398132784f61682451c26e41", "name": "Queensbridges North (2)", "category": "children-and-youth", "source": "facdb", "is_coad_member": false }, "geometry": { "type": "Point", "coordinates": [ -73.944033, 40.754812 ] } },
{ "type": "Feature", "properties": { "resource_id": "facdb:076953162a9942a435c9649c37e343d3", "name": "P.S. 2 Alfred Zimberg", "category": "children-and-youth", "source": "facdb", "is_coad_member": false }, "geometry": { "type": "Point", "coordinates": [ -73.894061, 40.770001 ] } },
{ "type": "Feature", "properties": { "resource_id": "facdb:076afc7476293d377b8d495b8b6c7632", "name": "Ayazamana Cultural Center", "category": "libraries-and-community", "source": "facdb", "is_coad_member": false }, "geometry": { "type": "Point", "coordinates": [ -73.913319, 40.755473 ] } },
{ "type": "Feature", "properties": { "resource_id": "facdb:0798a60d26fb044178e1118623f7253d", "name": "NYPD 114th Precinct", "category": "emergency-services", "source": "facdb", "is_coad_member": false }, "geometry": { "type": "Point", "coordinates": [ -73.91551, 40.769317 ] } },
{ "type": "Feature", "properties": { "resource_id": "facdb:093c0b724674599310bd7d0fe207937b", "name": "Hoyt Playground", "category": "parks-and-environment", "source": "facdb", "is_coad_member": false }, "geometry": { "type": "Point", "coordinates": [ -73.917214, 40.771582 ] } },
{ "type": "Feature", "properties": { "resource_id": "facdb:09a097b885f884dbe1695521d0e8c9d0", "name": "School Response Team", "category": "mental-health-and-recovery", "source": "facdb", "is_coad_member": false }, "geometry": { "type": "Point", "coordinates": [ -73.917475, 40.765317 ] } },
{ "type": "Feature", "properties": { "resource_id": "facdb:0b4cc9f26338c89db53a58099324aabf", "name": "Greek American Educational Public Information System, Inc.", "category": "libraries-and-community", "source": "facdb", "is_coad_member": false }, "geometry": { "type": "Point", "coordinates": [ -73.914508, 40.774772 ] } },
{ "type": "Feature", "properties": { "resource_id": "facdb:0bc9e5db31a231e636ef5f930a964f87", "name": "Queensbridges North (1)", "category": "children-and-youth", "source": "facdb", "is_coad_member": false }, "geometry": { "type": "Point", "coordinates": [ -73.944305, 40.75518 ] } },
{ "type": "Feature", "properties": { "resource_id": "facdb:0cfd534a14cea987316872888db7bc5a", "name": "Woodside", "category": "libraries-and-community", "source": "facdb", "is_coad_member": false }, "geometry": { "type": "Point", "coordinates": [ -73.910418, 40.75533 ] } },
{ "type": "Feature", "properties": { "resource_id": "facdb:0d3e9c3a4f4a03639c37ad645898f172", "name": "Playground Thirty Five Xxxv", "category": "parks-and-environment", "source": "facdb", "is_coad_member": false }, "geometry": { "type": "Point", "coordinates": [ -73.922024, 40.754807 ] } },
{ "type": "Feature", "properties": { "resource_id": "facdb:0d57d1c567d651f5c7076a4dd3173835", "name": "Trinity Lutheran Church", "category": "parks-and-environment", "source": "facdb", "is_coad_member": false }, "geometry": { "type": "Point", "coordinates": [ -73.919272, 40.761783 ] } },
{ "type": "Feature", "properties": { "resource_id": "facdb:11b19a9b8b06c7ab58796f782ad4c253", "name": "Dutch Kills Civic Association Inc", "category": "children-and-youth", "source": "facdb", "is_coad_member": false }, "geometry": { "type": "Point", "coordinates": [ -73.935207, 40.753099 ] } },
{ "type": "Feature", "properties": { "resource_id": "facdb:1210d032173edc5286f623be2a9403f7", "name": "The Endoscopy Center of Queens", "category": "health-care", "source": "facdb", "is_coad_member": false }, "geometry": { "type": "Point", "coordinates": [ -73.913299, 40.773635 ] } },
{ "type": "Feature", "properties": { "resource_id": "facdb:125ca3d2cb4a6ab01e508e8c91954169", "name": "Police Service Area #9 Satellite", "category": "emergency-services", "source": "facdb", "is_coad_member": false }, "geometry": { "type": "Point", "coordinates": [ -73.934741, 40.761504 ] } },
{ "type": "Feature", "properties": { "resource_id": "facdb:136e7e160c57722315db0c85b113a266", "name": "Corporal Frank F. Fagan Sq.", "category": "parks-and-environment", "source": "facdb", "is_coad_member": false }, "geometry": { "type": "Point", "coordinates": [ -73.912429, 40.756021 ] } },
{ "type": "Feature", "properties": { "resource_id": "facdb:167de11d6cb12ec87c61359e06bd806a", "name": "Hanac Inc.", "category": "older-adults", "source": "facdb", "is_coad_member": false }, "geometry": { "type": "Point", "coordinates": [ -73.930161, 40.762161 ] } },
{ "type": "Feature", "properties": { "resource_id": "facdb:1a2ecda724aa6a9dcee14751a6c9762d", "name": "A.R.R.O.W. Field House", "category": "parks-and-environment", "source": "facdb", "is_coad_member": false }, "geometry": { "type": "Point", "coordinates": [ -73.926403, 40.755886 ] } },
{ "type": "Feature", "properties": { "resource_id": "facdb:1a7ee4944e4cd36fe30157c13e02696a", "name": "Cypreco of America, Inc.", "category": "libraries-and-community", "source": "facdb", "is_coad_member": false }, "geometry": { "type": "Point", "coordinates": [ -73.916669, 40.775137 ] } },
{ "type": "Feature", "properties": { "resource_id": "facdb:1b3a1a2c72c7d8e66ed6a6150c41ef14", "name": "The Fortune Society Inc", "category": "benefits-and-legal", "source": "facdb", "is_coad_member": false }, "geometry": { "type": "Point", "coordinates": [ -73.934605, 40.750377 ] } },
{ "type": "Feature", "properties": { "resource_id": "facdb:1b70abb861dcda9a73b984940b6e99f0", "name": "Astoria Music Society, Inc.", "category": "libraries-and-community", "source": "facdb", "is_coad_member": false }, "geometry": { "type": "Point", "coordinates": [ -73.917748, 40.778432 ] } },
{ "type": "Feature", "properties": { "resource_id": "facdb:1b7c72623da4f3610fe8f5ad86c913f9", "name": "Community Church of Astoria", "category": "children-and-youth", "source": "facdb", "is_coad_member": false }, "geometry": { "type": "Point", "coordinates": [ -73.932481, 40.765403 ] } },
{ "type": "Feature", "properties": { "resource_id": "facdb:1b998fcc66b172081d749df7480dcc68", "name": "Astoria Community Center", "category": "children-and-youth", "source": "facdb", "is_coad_member": false }, "geometry": { "type": "Point", "coordinates": [ -73.933724, 40.773357 ] } },
{ "type": "Feature", "properties": { "resource_id": "facdb:1ba5c2e474240566a6635ff458586c26", "name": "Athens Square", "category": "parks-and-environment", "source": "facdb", "is_coad_member": false }, "geometry": { "type": "Point", "coordinates": [ -73.922284, 40.767813 ] } },
{ "type": "Feature", "properties": { "resource_id": "facdb:1bfada5e59ac9c5168e582d240dee01d", "name": "Betty Owen Secretarial Systems", "category": "education-and-jobs", "source": "facdb", "is_coad_member": false }, "geometry": { "type": "Point", "coordinates": [ -73.918963, 40.758673 ] } },
{ "type": "Feature", "properties": { "resource_id": "facdb:1c69cc771e0b2cdc5af1e402c71a090b", "name": "Dance Project Sequence, Inc.", "category": "libraries-and-community", "source": "facdb", "is_coad_member": false }, "geometry": { "type": "Point", "coordinates": [ -73.92518, 40.751983 ] } },
{ "type": "Feature", "properties": { "resource_id": "facdb:1c718bf767a5c1206dcc35456a3b522d", "name": "Whitey Ford Field", "category": "parks-and-environment", "source": "facdb", "is_coad_member": false }, "geometry": { "type": "Point", "coordinates": [ -73.934814, 40.777658 ] } },
{ "type": "Feature", "properties": { "resource_id": "facdb:1cb96ce253742161ed6b6dd377cabc3c", "name": "Jacob a Riis Neighborhood Settlement", "category": "education-and-jobs", "source": "facdb", "is_coad_member": false }, "geometry": { "type": "Point", "coordinates": [ -73.941695, 40.760682 ] } },
{ "type": "Feature", "properties": { "resource_id": "facdb:1d000a33f9b494b0dc8d0524f3617172", "name": "Hanac Inc", "category": "children-and-youth", "source": "facdb", "is_coad_member": false }, "geometry": { "type": "Point", "coordinates": [ -73.926042, 40.768826 ] } },
{ "type": "Feature", "properties": { "resource_id": "facdb:1d3a3cec916871ee09128d601c470a89", "name": "PS17", "category": "children-and-youth", "source": "facdb", "is_coad_member": false }, "geometry": { "type": "Point", "coordinates": [ -73.922665, 40.768163 ] } },
{ "type": "Feature", "properties": { "resource_id": "facdb:1e2754e8062838aec7e25e7c5c586a72", "name": "The Fortune Society Inc", "category": "education-and-jobs", "source": "facdb", "is_coad_member": false }, "geometry": { "type": "Point", "coordinates": [ -73.934605, 40.750377 ] } },
{ "type": "Feature", "properties": { "resource_id": "facdb:1e956e742ce379c509927ca1fdd312cb", "name": "P.S. 122 Mamie Fay", "category": "children-and-youth", "source": "facdb", "is_coad_member": false }, "geometry": { "type": "Point", "coordinates": [ -73.915953, 40.780372 ] } },
{ "type": "Feature", "properties": { "resource_id": "facdb:1f01b32b647785c963dd10a8c5983a22", "name": "Jacob Riis Neighborhood Settlement", "category": "children-and-youth", "source": "facdb", "is_coad_member": false }, "geometry": { "type": "Point", "coordinates": [ -73.944521, 40.755594 ] } },
{ "type": "Feature", "properties": { "resource_id": "facdb:1f54177b5e7f030fb58bd9c246436205", "name": "Triborough Bridge Playground D", "category": "parks-and-environment", "source": "facdb", "is_coad_member": false }, "geometry": { "type": "Point", "coordinates": [ -73.921557, 40.773493 ] } },
{ "type": "Feature", "properties": { "resource_id": "facdb:2011ebfbf253f9d872797f70b2a0cb1e", "name": "Astoria Community Center", "category": "children-and-youth", "source": "facdb", "is_coad_member": false }, "geometry": { "type": "Point", "coordinates": [ -73.933724, 40.773357 ] } },
{ "type": "Feature", "properties": { "resource_id": "facdb:22ba5d67707f672833ebc1c9a9d8111e", "name": "Ravenswood", "category": "older-adults", "source": "facdb", "is_coad_member": false }, "geometry": { "type": "Point", "coordinates": [ -73.936833, 40.762726 ] } },
{ "type": "Feature", "properties": { "resource_id": "facdb:22ee05bdaf6beaa26c9d196d427c06e3", "name": "Woodside Houses", "category": "emergency-services", "source": "facdb", "is_coad_member": false }, "geometry": { "type": "Point", "coordinates": [ -73.910487, 40.754215 ] } },
{ "type": "Feature", "properties": { "resource_id": "facdb:246c00f77487c2c511833d3f89a32492", "name": "Latinas on the Verge of Excellence Love Inc", "category": "children-and-youth", "source": "facdb", "is_coad_member": false }, "geometry": { "type": "Point", "coordinates": [ -73.916344, 40.773323 ] } },
{ "type": "Feature", "properties": { "resource_id": "facdb:2475b148fd99fbc7bb54dade18549fa0", "name": "Newtown Dialysis Center, Inc", "category": "health-care", "source": "facdb", "is_coad_member": false }, "geometry": { "type": "Point", "coordinates": [ -73.921857, 40.768573 ] } },
{ "type": "Feature", "properties": { "resource_id": "facdb:24c3fd7fc769748b1eff4ddbcb2bddb3", "name": "Hypercube Ensemble, Inc.", "category": "libraries-and-community", "source": "facdb", "is_coad_member": false }, "geometry": { "type": "Point", "coordinates": [ -73.913418, 40.779918 ] } },
{ "type": "Feature", "properties": { "resource_id": "facdb:251694ab05a40039e5e5cc52cb89eac4", "name": "Jacob a Riis Neighborhood Settlement", "category": "children-and-youth", "source": "facdb", "is_coad_member": false }, "geometry": { "type": "Point", "coordinates": [ -73.944521, 40.755594 ] } },
{ "type": "Feature", "properties": { "resource_id": "facdb:25a1d56b7547ea23eef2c7bc87432f15", "name": "Energy Tech High School (30Q258)", "category": "children-and-youth", "source": "facdb", "is_coad_member": false }, "geometry": { "type": "Point", "coordinates": [ -73.932633, 40.756549 ] } },
{ "type": "Feature", "properties": { "resource_id": "facdb:26964bf50e78bc500a46e223defdb7ad", "name": "Central Astoria Local Development Coalition Incorporated", "category": "children-and-youth", "source": "facdb", "is_coad_member": false }, "geometry": { "type": "Point", "coordinates": [ -73.913672, 40.766533 ] } },
{ "type": "Feature", "properties": { "resource_id": "facdb:2802ed2b1d903201bae0437dadb053d7", "name": "Medidental Care", "category": "health-care", "source": "facdb", "is_coad_member": false }, "geometry": { "type": "Point", "coordinates": [ -73.912091, 40.775339 ] } },
{ "type": "Feature", "properties": { "resource_id": "facdb:287c5a9edc7ed2f77167dfd117fc17c2", "name": "Jacob a Riis Neighborhood Settlement", "category": "immigration-and-language", "source": "facdb", "is_coad_member": false }, "geometry": { "type": "Point", "coordinates": [ -73.930101, 40.766091 ] } },
{ "type": "Feature", "properties": { "resource_id": "facdb:28930213679d78107a5aa4b28a21d355", "name": "Hanac Inc", "category": "children-and-youth", "source": "facdb", "is_coad_member": false }, "geometry": { "type": "Point", "coordinates": [ -73.926042, 40.768826 ] } },
{ "type": "Feature", "properties": { "resource_id": "facdb:289367befc8ee4a7fa31c0640c01e6c7", "name": "Dancewave Cultural Afterschool Programming", "category": "children-and-youth", "source": "facdb", "is_coad_member": false }, "geometry": { "type": "Point", "coordinates": [ -73.914978, 40.77308 ] } },
{ "type": "Feature", "properties": { "resource_id": "facdb:294c5738c45cfae20f56a4345dcd4a3f", "name": "Jacob a Riis Neighborhood Settlement", "category": "children-and-youth", "source": "facdb", "is_coad_member": false }, "geometry": { "type": "Point", "coordinates": [ -73.936661, 40.760513 ] } },
{ "type": "Feature", "properties": { "resource_id": "facdb:295a6f3f84ba24058fc3091e429fb6be", "name": "Hanac Inc.", "category": "older-adults", "source": "facdb", "is_coad_member": false }, "geometry": { "type": "Point", "coordinates": [ -73.936839, 40.762724 ] } },
{ "type": "Feature", "properties": { "resource_id": "facdb:29aaa0b82aec5bd8a8f2b28b77d2934f", "name": "Hanac, Inc", "category": "children-and-youth", "source": "facdb", "is_coad_member": false }, "geometry": { "type": "Point", "coordinates": [ -73.91926, 40.771102 ] } },
{ "type": "Feature", "properties": { "resource_id": "facdb:29c8f4484d7b825bf665d5e434ef23e9", "name": "The Fortune Society Inc", "category": "health-care", "source": "facdb", "is_coad_member": false }, "geometry": { "type": "Point", "coordinates": [ -73.934605, 40.750377 ] } },
{ "type": "Feature", "properties": { "resource_id": "facdb:29d90511d0bf464c23225d42a675f9aa", "name": "Jacob a Riis Neighborhood Settlement", "category": "children-and-youth", "source": "facdb", "is_coad_member": false }, "geometry": { "type": "Point", "coordinates": [ -73.944521, 40.755594 ] } },
{ "type": "Feature", "properties": { "resource_id": "facdb:29f8a6a1afebf91feeaf1ebd4b724b68", "name": "Kaufman Arts District Foundation", "category": "libraries-and-community", "source": "facdb", "is_coad_member": false }, "geometry": { "type": "Point", "coordinates": [ -73.923921, 40.757447 ] } },
{ "type": "Feature", "properties": { "resource_id": "facdb:2ae4447cf0f2e4763b554fe7f16581df", "name": "Astoria", "category": "libraries-and-community", "source": "facdb", "is_coad_member": false }, "geometry": { "type": "Point", "coordinates": [ -73.928724, 40.772389 ] } },
{ "type": "Feature", "properties": { "resource_id": "facdb:2c29743b9345351174bf1608d7a057dc", "name": "HRA Benefits Access Center Queens", "category": "education-and-jobs", "source": "facdb", "is_coad_member": false }, "geometry": { "type": "Point", "coordinates": [ -73.93105, 40.751639 ] } },
{ "type": "Feature", "properties": { "resource_id": "facdb:2d84a60a054076b4b06606fe61d5de77", "name": "Jacob a Riis Neighborhood Settlement", "category": "education-and-jobs", "source": "facdb", "is_coad_member": false }, "geometry": { "type": "Point", "coordinates": [ -73.944521, 40.755594 ] } },
{ "type": "Feature", "properties": { "resource_id": "facdb:2eedc692c2bf7630a3db283a74c5f849", "name": "Long Island Gay and Lesbian Youth, Inc.", "category": "benefits-and-legal", "source": "facdb", "is_coad_member": false }, "geometry": { "type": "Point", "coordinates": [ -73.925413, 40.751931 ] } },
{ "type": "Feature", "properties": { "resource_id": "facdb:3033c38e61b6abe662353d41672225d3", "name": "Corpus Christi Food Pantry : Corpus Christi Food Pantry", "category": "food-assistance", "source": "facdb", "is_coad_member": false }, "geometry": { "type": "Point", "coordinates": [ -73.902257, 40.756634 ] } },
{ "type": "Feature", "properties": { "resource_id": "facdb:306cc32de6459af4056b9e3938ac595b", "name": "Nyjtl Aces Club Summer Camp", "category": "children-and-youth", "source": "facdb", "is_coad_member": false }, "geometry": { "type": "Point", "coordinates": [ -73.924108, 40.755804 ] } },
{ "type": "Feature", "properties": { "resource_id": "facdb:30d85e55bfcf5c8046f4af2a750010ff", "name": "28-11 Queens Plaza N-Office", "category": "government-offices", "source": "facdb", "is_coad_member": false }, "geometry": { "type": "Point", "coordinates": [ -73.937966, 40.750291 ] } },
{ "type": "Feature", "properties": { "resource_id": "facdb:30dee6109954e901e4699b93dcae2a89", "name": "Woodside Houses Child Health Center", "category": "health-care", "source": "facdb", "is_coad_member": false }, "geometry": { "type": "Point", "coordinates": [ -73.910857, 40.753465 ] } },
{ "type": "Feature", "properties": { "resource_id": "facdb:3112feb2c3665feda634f7846925e6ba", "name": "Floating Hospital Clinic", "category": "mental-health-and-recovery", "source": "facdb", "is_coad_member": false }, "geometry": { "type": "Point", "coordinates": [ -73.941936, 40.754167 ] } },
{ "type": "Feature", "properties": { "resource_id": "facdb:325eaf141235e9608fb7fdec5d124a56", "name": "Phoenix House Long Island City Family Health Center", "category": "health-care", "source": "facdb", "is_coad_member": false }, "geometry": { "type": "Point", "coordinates": [ -73.940272, 40.76503 ] } },
{ "type": "Feature", "properties": { "resource_id": "facdb:328b78a7d292c713556298015298bd85", "name": "Paramount Studios Complex", "category": "parks-and-environment", "source": "facdb", "is_coad_member": false }, "geometry": { "type": "Point", "coordinates": [ -73.924473, 40.756732 ] } },
{ "type": "Feature", "properties": { "resource_id": "facdb:32d21c35a0020540173e763d5db0a6c9", "name": "The Fortune Society Inc", "category": "benefits-and-legal", "source": "facdb", "is_coad_member": false }, "geometry": { "type": "Point", "coordinates": [ -73.934605, 40.750377 ] } },
{ "type": "Feature", "properties": { "resource_id": "facdb:33717b8a7001d77ed98d5752ff14fcaa", "name": "Jacob a Riis Neighborhood Settlement", "category": "children-and-youth", "source": "facdb", "is_coad_member": false }, "geometry": { "type": "Point", "coordinates": [ -73.944521, 40.755594 ] } },
{ "type": "Feature", "properties": { "resource_id": "facdb:33dba28503107e506f1f6cb73e058ca0", "name": "Association of Community Employment Programs for Thehomeless", "category": "children-and-youth", "source": "facdb", "is_coad_member": false }, "geometry": { "type": "Point", "coordinates": [ -73.933444, 40.75103 ] } },
{ "type": "Feature", "properties": { "resource_id": "facdb:35b77a8ea03a7c15ab4643fa967b2b19", "name": "Chinese Theatre Works, Inc.", "category": "libraries-and-community", "source": "facdb", "is_coad_member": false }, "geometry": { "type": "Point", "coordinates": [ -73.925413, 40.751931 ] } },
{ "type": "Feature", "properties": { "resource_id": "facdb:35f2ecd97685d16ea7e3a674512c5895", "name": "The Child Center of NY Inc", "category": "children-and-youth", "source": "facdb", "is_coad_member": false }, "geometry": { "type": "Point", "coordinates": [ -73.933107, 40.765531 ] } },
{ "type": "Feature", "properties": { "resource_id": "facdb:3600d0d70c33058a1d7712dc90baf585", "name": "Drama Club Inc", "category": "libraries-and-community", "source": "facdb", "is_coad_member": false }, "geometry": { "type": "Point", "coordinates": [ -73.929178, 40.75176 ] } },
{ "type": "Feature", "properties": { "resource_id": "facdb:364da3dbc7051dd603b630f7226254ee", "name": "Greek-American Broadcasting Information & Cultural Activities Corporation", "category": "libraries-and-community", "source": "facdb", "is_coad_member": false }, "geometry": { "type": "Point", "coordinates": [ -73.913682, 40.784386 ] } },
{ "type": "Feature", "properties": { "resource_id": "facdb:36c811aac25175df2588ca4d7815388f", "name": "Make Music New York Inc", "category": "children-and-youth", "source": "facdb", "is_coad_member": false }, "geometry": { "type": "Point", "coordinates": [ -73.921978, 40.777488 ] } },
{ "type": "Feature", "properties": { "resource_id": "facdb:36d9434c189c11e4db977925b5ee42b4", "name": "Greater Astoria Historical Society", "category": "libraries-and-community", "source": "facdb", "is_coad_member": false }, "geometry": { "type": "Point", "coordinates": [ -73.921799, 40.760018 ] } },
{ "type": "Feature", "properties": { "resource_id": "facdb:37a0b75f72ce8de9ccec1b03a275fd19", "name": "Astoria Performing Arts Center", "category": "libraries-and-community", "source": "facdb", "is_coad_member": false }, "geometry": { "type": "Point", "coordinates": [ -73.923921, 40.757447 ] } },
{ "type": "Feature", "properties": { "resource_id": "facdb:384d07b76d8c16ca7a7737427935f94a", "name": "Ravenswood", "category": "education-and-jobs", "source": "facdb", "is_coad_member": false }, "geometry": { "type": "Point", "coordinates": [ -73.937383, 40.760585 ] } },
{ "type": "Feature", "properties": { "resource_id": "facdb:38b141b9e71eb913185952181bce0259", "name": "Hanac Inc", "category": "children-and-youth", "source": "facdb", "is_coad_member": false }, "geometry": { "type": "Point", "coordinates": [ -73.904561, 40.775766 ] } },
{ "type": "Feature", "properties": { "resource_id": "facdb:38d7458463ac7bdbb588816edccd2461", "name": "Indiespace, Inc.", "category": "libraries-and-community", "source": "facdb", "is_coad_member": false }, "geometry": { "type": "Point", "coordinates": [ -73.918059, 40.776096 ] } },
{ "type": "Feature", "properties": { "resource_id": "facdb:394aae45a0d1b3c95d5de174e2ab6ddd", "name": "The MacKool Eye Institute LLC", "category": "health-care", "source": "facdb", "is_coad_member": false }, "geometry": { "type": "Point", "coordinates": [ -73.916646, 40.760102 ] } },
{ "type": "Feature", "properties": { "resource_id": "facdb:3a119cec56196fc918e04b9d99440464", "name": "Corpus Christi Gymnasium", "category": "children-and-youth", "source": "facdb", "is_coad_member": false }, "geometry": { "type": "Point", "coordinates": [ -73.902291, 40.756967 ] } },
{ "type": "Feature", "properties": { "resource_id": "facdb:3c46c7bb207e9948dc62d05bf095b122", "name": "Floating Hospital (Incorporated)", "category": "health-care", "source": "facdb", "is_coad_member": false }, "geometry": { "type": "Point", "coordinates": [ -73.941936, 40.754167 ] } },
{ "type": "Feature", "properties": { "resource_id": "facdb:3c504520f506654eee1d230a520a94ca", "name": "Swim Strong Foundation, Inc.", "category": "children-and-youth", "source": "facdb", "is_coad_member": false }, "geometry": { "type": "Point", "coordinates": [ -73.928133, 40.768535 ] } },
{ "type": "Feature", "properties": { "resource_id": "facdb:3d4d911dd5e9dfe682bceeab63fdcefe", "name": "Ravenswood Community Center", "category": "children-and-youth", "source": "facdb", "is_coad_member": false }, "geometry": { "type": "Point", "coordinates": [ -73.936661, 40.760513 ] } },
{ "type": "Feature", "properties": { "resource_id": "facdb:3dcd9fa27711609e1c67c6ac3aa18642", "name": "IS 204 Oliver W. Holmes (30Q204)", "category": "children-and-youth", "source": "facdb", "is_coad_member": false }, "geometry": { "type": "Point", "coordinates": [ -73.932633, 40.756549 ] } },
{ "type": "Feature", "properties": { "resource_id": "facdb:3e81d2c9a666d3081fa7d02f53d53c49", "name": "Catholic Charities Neighborhood Services Inc", "category": "education-and-jobs", "source": "facdb", "is_coad_member": false }, "geometry": { "type": "Point", "coordinates": [ -73.928808, 40.76336 ] } },
{ "type": "Feature", "properties": { "resource_id": "facdb:3ee3ae08964fa2cb57600d9cc2b7b866", "name": "Queensbridge North", "category": "health-care", "source": "facdb", "is_coad_member": false }, "geometry": { "type": "Point", "coordinates": [ -73.944305, 40.75518 ] } },
{ "type": "Feature", "properties": { "resource_id": "facdb:3efa96d624639901980db29ed2cfe853", "name": "Saint Demetrios Greek-American Day School", "category": "children-and-youth", "source": "facdb", "is_coad_member": false }, "geometry": { "type": "Point", "coordinates": [ -73.923119, 40.765726 ] } },
{ "type": "Feature", "properties": { "resource_id": "facdb:3f41d2efc559749f6db4a7d8ae1a61e8", "name": "Astoria Heights Playground", "category": "parks-and-environment", "source": "facdb", "is_coad_member": false }, "geometry": { "type": "Point", "coordinates": [ -73.911743, 40.760421 ] } },
{ "type": "Feature", "properties": { "resource_id": "facdb:3ff3eec4ffe0815ecc90ba0d025aa723", "name": "P.S. 166 Henry Gradstein", "category": "children-and-youth", "source": "facdb", "is_coad_member": false }, "geometry": { "type": "Point", "coordinates": [ -73.926244, 40.757505 ] } },
{ "type": "Feature", "properties": { "resource_id": "facdb:41504dd6aab8bb62c2793edc197abe13", "name": "Battalion 49/ENGINE 312", "category": "emergency-services", "source": "facdb", "is_coad_member": false }, "geometry": { "type": "Point", "coordinates": [ -73.91032, 40.773392 ] } },
{ "type": "Feature", "properties": { "resource_id": "facdb:41881ff28f831ad0eca5f5c7c06f8334", "name": "IS 010 Horace Greeley", "category": "children-and-youth", "source": "facdb", "is_coad_member": false }, "geometry": { "type": "Point", "coordinates": [ -73.912379, 40.759575 ] } },
{ "type": "Feature", "properties": { "resource_id": "facdb:41a339e9f31fdd111231c2eb52877e56", "name": "Arrow", "category": "children-and-youth", "source": "facdb", "is_coad_member": false }, "geometry": { "type": "Point", "coordinates": [ -73.926403, 40.755886 ] } },
{ "type": "Feature", "properties": { "resource_id": "facdb:42bd8680a97c2feb2be4195f85a5de85", "name": "Cv Woodside Partial 114 Pct", "category": "benefits-and-legal", "source": "facdb", "is_coad_member": false }, "geometry": { "type": "Point", "coordinates": [ -73.944305, 40.75518 ] } },
{ "type": "Feature", "properties": { "resource_id": "facdb:42f5b5e67b486e3c71ed6a7768694691", "name": "Windmill Community Garden", "category": "parks-and-environment", "source": "facdb", "is_coad_member": false }, "geometry": { "type": "Point", "coordinates": [ -73.935207, 40.753099 ] } },
{ "type": "Feature", "properties": { "resource_id": "facdb:43192f35e66a7b6f88211d59e5d11065", "name": "Almarwa Center", "category": "children-and-youth", "source": "facdb", "is_coad_member": false }, "geometry": { "type": "Point", "coordinates": [ -73.913345, 40.762925 ] } },
{ "type": "Feature", "properties": { "resource_id": "facdb:4338d5ed9579d65fd68e3cbd6d053087", "name": "New York Counseling for Change Clinic", "category": "mental-health-and-recovery", "source": "facdb", "is_coad_member": false }, "geometry": { "type": "Point", "coordinates": [ -73.93323, 40.751454 ] } },
{ "type": "Feature", "properties": { "resource_id": "facdb:43600025d94c60be49f81746b5fbaaf2", "name": "Hanac Inc", "category": "children-and-youth", "source": "facdb", "is_coad_member": false }, "geometry": { "type": "Point", "coordinates": [ -73.894061, 40.770001 ] } },
{ "type": "Feature", "properties": { "resource_id": "facdb:43ff752bfab017eef483d37302345e3a", "name": "Jacob a Riis Neighborhood Settlement", "category": "children-and-youth", "source": "facdb", "is_coad_member": false }, "geometry": { "type": "Point", "coordinates": [ -73.939181, 40.758574 ] } },
{ "type": "Feature", "properties": { "resource_id": "facdb:445bddd1545935759cdffd8facac7d30", "name": "Chn-Long Island City Health Center", "category": "health-care", "source": "facdb", "is_coad_member": false }, "geometry": { "type": "Point", "coordinates": [ -73.936804, 40.759346 ] } },
{ "type": "Feature", "properties": { "resource_id": "facdb:458ad5930664e8360aff0077b84dfaff", "name": "Family Services Call Center, Queens Satellite", "category": "education-and-jobs", "source": "facdb", "is_coad_member": false }, "geometry": { "type": "Point", "coordinates": [ -73.931042, 40.751635 ] } },
{ "type": "Feature", "properties": { "resource_id": "facdb:4721339e066f116bfce770ded4aa3da9", "name": "Astoria Health Playground", "category": "parks-and-environment", "source": "facdb", "is_coad_member": false }, "geometry": { "type": "Point", "coordinates": [ -73.932671, 40.767938 ] } },
{ "type": "Feature", "properties": { "resource_id": "facdb:47b968764a20839c3555b5d3ed7243fb", "name": "William Cullen Bryant High School (30Q445)", "category": "children-and-youth", "source": "facdb", "is_coad_member": false }, "geometry": { "type": "Point", "coordinates": [ -73.910794, 40.757538 ] } },
{ "type": "Feature", "properties": { "resource_id": "facdb:48c8f7f16bb44e4418efd034bdfdec1e", "name": "Qsac Inc", "category": "health-care", "source": "facdb", "is_coad_member": false }, "geometry": { "type": "Point", "coordinates": [ -73.916292, 40.764142 ] } },
{ "type": "Feature", "properties": { "resource_id": "facdb:48d7fd292eb4afb67b4aa4258b5972fb", "name": "Arrow Satellite Recreation Ctr", "category": "children-and-youth", "source": "facdb", "is_coad_member": false }, "geometry": { "type": "Point", "coordinates": [ -73.926403, 40.755886 ] } },
{ "type": "Feature", "properties": { "resource_id": "facdb:49a0377144f5c408e4c25e145a3a60a3", "name": "American Museum of the Moving Image", "category": "libraries-and-community", "source": "facdb", "is_coad_member": false }, "geometry": { "type": "Point", "coordinates": [ -73.923914, 40.756312 ] } },
{ "type": "Feature", "properties": { "resource_id": "facdb:4a0a4828d5371c91dcfaa996bf4b8d1a", "name": "The New York Foundling Hospital", "category": "mental-health-and-recovery", "source": "facdb", "is_coad_member": false }, "geometry": { "type": "Point", "coordinates": [ -73.93105, 40.751639 ] } },
{ "type": "Feature", "properties": { "resource_id": "facdb:4b69e19e36e43e7a088c3080b35f411c", "name": "Jacob a Riis Neighborhood Settlement", "category": "children-and-youth", "source": "facdb", "is_coad_member": false }, "geometry": { "type": "Point", "coordinates": [ -73.939181, 40.758574 ] } },
{ "type": "Feature", "properties": { "resource_id": "facdb:4b81ff8ca2f0b1bf8436045cde022ab0", "name": "Muslim American Society of Queens", "category": "libraries-and-community", "source": "facdb", "is_coad_member": false }, "geometry": { "type": "Point", "coordinates": [ -73.910413, 40.772999 ] } },
{ "type": "Feature", "properties": { "resource_id": "facdb:4b937070aedfd5ad4788774a02485e73", "name": "Evangel Food Pantry : Evangel Food Pantry", "category": "food-assistance", "source": "facdb", "is_coad_member": false }, "geometry": { "type": "Point", "coordinates": [ -73.93711, 40.754378 ] } },
{ "type": "Feature", "properties": { "resource_id": "facdb:4bd0b2f157502db52f4c8e4c6f77cd03", "name": "Tlc Testing Facility", "category": "government-offices", "source": "facdb", "is_coad_member": false }, "geometry": { "type": "Point", "coordinates": [ -73.901944, 40.763847 ] } },
{ "type": "Feature", "properties": { "resource_id": "facdb:4c146ceded450b68b8b0ad8e134e0960", "name": "Hanac Inc", "category": "education-and-jobs", "source": "facdb", "is_coad_member": false }, "geometry": { "type": "Point", "coordinates": [ -73.91926, 40.771102 ] } },
{ "type": "Feature", "properties": { "resource_id": "facdb:4c318e6aeddc5bc52270ac0d18d474fe", "name": "Community Health Action of Staten Island, Inc.", "category": "children-and-youth", "source": "facdb", "is_coad_member": false }, "geometry": { "type": "Point", "coordinates": [ -73.92877, 40.773018 ] } },
{ "type": "Feature", "properties": { "resource_id": "facdb:4cb914af67196242044abf0bb81c65c2", "name": "NYCHA: Queensbridge Houses- 114th Precinct", "category": "benefits-and-legal", "source": "facdb", "is_coad_member": false }, "geometry": { "type": "Point", "coordinates": [ -73.944305, 40.75518 ] } },
{ "type": "Feature", "properties": { "resource_id": "facdb:4e4000c3ff87ec6154a43ca901f813e9", "name": "P.S. 111 Jacob Blackwell", "category": "children-and-youth", "source": "facdb", "is_coad_member": false }, "geometry": { "type": "Point", "coordinates": [ -73.939181, 40.758574 ] } },
{ "type": "Feature", "properties": { "resource_id": "facdb:4f882e1a1b6dc800574567a007737a4e", "name": "Woodside Houses Child Health Clinic", "category": "health-care", "source": "facdb", "is_coad_member": false }, "geometry": { "type": "Point", "coordinates": [ -73.910487, 40.754215 ] } },
{ "type": "Feature", "properties": { "resource_id": "facdb:5067a80ecc74ef49017276d91ab57818", "name": "Jackson Heights Beautification Group", "category": "libraries-and-community", "source": "facdb", "is_coad_member": false }, "geometry": { "type": "Point", "coordinates": [ -73.907891, 40.757333 ] } },
{ "type": "Feature", "properties": { "resource_id": "facdb:506c75742f298355a4acaab76492f0c3", "name": "New York Surgery Center Queens, LLC", "category": "health-care", "source": "facdb", "is_coad_member": false }, "geometry": { "type": "Point", "coordinates": [ -73.912225, 40.758658 ] } },
{ "type": "Feature", "properties": { "resource_id": "facdb:5192231705f069ebccf7181ee4fd5e01", "name": "Hanac Inc", "category": "children-and-youth", "source": "facdb", "is_coad_member": false }, "geometry": { "type": "Point", "coordinates": [ -73.933107, 40.765531 ] } },
{ "type": "Feature", "properties": { "resource_id": "facdb:51b39ac34a9fb35f7dc0db2cc13bda00", "name": "Jacob A. Riis Neighborhood Settlement, Inc.", "category": "children-and-youth", "source": "facdb", "is_coad_member": false }, "geometry": { "type": "Point", "coordinates": [ -73.944521, 40.755594 ] } },
{ "type": "Feature", "properties": { "resource_id": "facdb:53e11bfc41f14b0737ba28e8e40a76fe", "name": "Talea Ensemble, Inc.", "category": "libraries-and-community", "source": "facdb", "is_coad_member": false }, "geometry": { "type": "Point", "coordinates": [ -73.92518, 40.751983 ] } },
{ "type": "Feature", "properties": { "resource_id": "facdb:549ea62d3f47176c5e1d5ad2c9eeb805", "name": "Ladder 116", "category": "emergency-services", "source": "facdb", "is_coad_member": false }, "geometry": { "type": "Point", "coordinates": [ -73.933254, 40.755388 ] } },
{ "type": "Feature", "properties": { "resource_id": "facdb:550b7a2157fdd4d1b23f97e560f34f7a", "name": "New York City Criminal Justice Agency", "category": "benefits-and-legal", "source": "facdb", "is_coad_member": false }, "geometry": { "type": "Point", "coordinates": [ -73.926186, 40.753313 ] } },
{ "type": "Feature", "properties": { "resource_id": "facdb:55c404ee542916968199c86634f1e489", "name": "Queens Council on the Arts", "category": "libraries-and-community", "source": "facdb", "is_coad_member": false }, "geometry": { "type": "Point", "coordinates": [ -73.914386, 40.765073 ] } },
{ "type": "Feature", "properties": { "resource_id": "facdb:5651945366a83843b18b99f1931dbfe3", "name": "Woodtree Playground", "category": "parks-and-environment", "source": "facdb", "is_coad_member": false }, "geometry": { "type": "Point", "coordinates": [ -73.90237, 40.777525 ] } },
{ "type": "Feature", "properties": { "resource_id": "facdb:569c97dd14b580d1b34cae8c4530841b", "name": "Samaritan Daytop Village Inc", "category": "older-adults", "source": "facdb", "is_coad_member": false }, "geometry": { "type": "Point", "coordinates": [ -73.910733, 40.753994 ] } },
{ "type": "Feature", "properties": { "resource_id": "facdb:56b32a0c26eeded3ffc6776d2040f4f9", "name": "Serious Fun After School Inc", "category": "children-and-youth", "source": "facdb", "is_coad_member": false }, "geometry": { "type": "Point", "coordinates": [ -73.929183, 40.751763 ] } },
{ "type": "Feature", "properties": { "resource_id": "facdb:575f7900fc2914277804810bc43895aa", "name": "Catholic Charities Neighborhood Services Inc", "category": "education-and-jobs", "source": "facdb", "is_coad_member": false }, "geometry": { "type": "Point", "coordinates": [ -73.930639, 40.77349 ] } },
{ "type": "Feature", "properties": { "resource_id": "facdb:57f2f6f04f6388ec5cadf02b6e31126d", "name": "Oratorio Society of Queens, Inc.", "category": "libraries-and-community", "source": "facdb", "is_coad_member": false }, "geometry": { "type": "Point", "coordinates": [ -73.921799, 40.760018 ] } },
{ "type": "Feature", "properties": { "resource_id": "facdb:595dc2c4c3ccc1eefe8dfba035397bdf", "name": "Bright Beginning", "category": "children-and-youth", "source": "facdb", "is_coad_member": false }, "geometry": { "type": "Point", "coordinates": [ -73.932802, 40.759952 ] } },
{ "type": "Feature", "properties": { "resource_id": "facdb:5a1216beae9fb1becc14681db2d0c5b1", "name": "Astoria Park", "category": "parks-and-environment", "source": "facdb", "is_coad_member": false }, "geometry": { "type": "Point", "coordinates": [ -73.923211, 40.778873 ] } },
{ "type": "Feature", "properties": { "resource_id": "facdb:5a8e55e37b99a27ca547b174d57b6dfe", "name": "Engine 263/LADDER 117", "category": "emergency-services", "source": "facdb", "is_coad_member": false }, "geometry": { "type": "Point", "coordinates": [ -73.908804, 40.768275 ] } },
{ "type": "Feature", "properties": { "resource_id": "facdb:5af408895ffcde1e1571fdfdaae23f8b", "name": "The Fortune Society Inc", "category": "housing-and-shelter", "source": "facdb", "is_coad_member": false }, "geometry": { "type": "Point", "coordinates": [ -73.934605, 40.750377 ] } },
{ "type": "Feature", "properties": { "resource_id": "facdb:5c5b85117945a700b35ebbb94fbd728b", "name": "Queensbridge North", "category": "older-adults", "source": "facdb", "is_coad_member": false }, "geometry": { "type": "Point", "coordinates": [ -73.944521, 40.755594 ] } },
{ "type": "Feature", "properties": { "resource_id": "facdb:5ca472b31ebebb8187dccd37df650792", "name": "Goodwill Industries of Greater NY & Northern New Jersey Inc", "category": "mental-health-and-recovery", "source": "facdb", "is_coad_member": false }, "geometry": { "type": "Point", "coordinates": [ -73.930227, 40.751742 ] } },
{ "type": "Feature", "properties": { "resource_id": "facdb:5dcd74f8da8bd4f24162dbdf2cd622d5", "name": "Lent Homestead and Cemetery", "category": "parks-and-environment", "source": "facdb", "is_coad_member": false }, "geometry": { "type": "Point", "coordinates": [ -73.892177, 40.77329 ] } },
{ "type": "Feature", "properties": { "resource_id": "facdb:5dede155762f0aad3a2f428facfa8cd3", "name": "Fortune Society, Inc.", "category": "libraries-and-community", "source": "facdb", "is_coad_member": false }, "geometry": { "type": "Point", "coordinates": [ -73.934605, 40.750377 ] } },
{ "type": "Feature", "properties": { "resource_id": "facdb:5e08a32f466f955e705e3e153729b946", "name": "Coalition for Hispanic Family Services", "category": "children-and-youth", "source": "facdb", "is_coad_member": false }, "geometry": { "type": "Point", "coordinates": [ -73.910794, 40.757538 ] } },
{ "type": "Feature", "properties": { "resource_id": "facdb:5e107a8691bd5260eb3e5f18bd9d62c8", "name": "Long Island City", "category": "libraries-and-community", "source": "facdb", "is_coad_member": false }, "geometry": { "type": "Point", "coordinates": [ -73.939305, 40.757822 ] } },
{ "type": "Feature", "properties": { "resource_id": "facdb:5e19974e03b910ae576e4e7e36673db8", "name": "Hanac Inc", "category": "children-and-youth", "source": "facdb", "is_coad_member": false }, "geometry": { "type": "Point", "coordinates": [ -73.923119, 40.765726 ] } },
{ "type": "Feature", "properties": { "resource_id": "facdb:5e31c9932f9821065e42fdc5b8c86a02", "name": "Center for the Integration and Advancement of New Americans", "category": "children-and-youth", "source": "facdb", "is_coad_member": false }, "geometry": { "type": "Point", "coordinates": [ -73.92877, 40.773018 ] } },
{ "type": "Feature", "properties": { "resource_id": "facdb:5eb367e92b5d00bb5b2c80862ef2bf8a", "name": "East River Development Alliance, Inc.", "category": "children-and-youth", "source": "facdb", "is_coad_member": false }, "geometry": { "type": "Point", "coordinates": [ -73.932887, 40.773081 ] } },
{ "type": "Feature", "properties": { "resource_id": "facdb:5eddae5047f0ed68ca6d739661793297", "name": "Make Music New York, Inc.", "category": "libraries-and-community", "source": "facdb", "is_coad_member": false }, "geometry": { "type": "Point", "coordinates": [ -73.921978, 40.777488 ] } },
{ "type": "Feature", "properties": { "resource_id": "facdb:5f11e36378a2cb7e8052a626044da8e2", "name": "Goodwill's Clubhouses", "category": "mental-health-and-recovery", "source": "facdb", "is_coad_member": false }, "geometry": { "type": "Point", "coordinates": [ -73.93003, 40.75201 ] } },
{ "type": "Feature", "properties": { "resource_id": "facdb:605391bda45c9b026a71d0694f2f5b66", "name": "Our World Neighborhood Charter Middle School (84Q706)", "category": "children-and-youth", "source": "facdb", "is_coad_member": false }, "geometry": { "type": "Point", "coordinates": [ -73.933107, 40.753454 ] } },
{ "type": "Feature", "properties": { "resource_id": "facdb:60641b02a66965b773cbe853e297203e", "name": "American Museum of the Moving Image", "category": "libraries-and-community", "source": "facdb", "is_coad_member": false }, "geometry": { "type": "Point", "coordinates": [ -73.923914, 40.756312 ] } },
{ "type": "Feature", "properties": { "resource_id": "facdb:6098032fa65500c09d6c6a5ad6fb0c94", "name": "Woodside on the Move, Inc.", "category": "children-and-youth", "source": "facdb", "is_coad_member": false }, "geometry": { "type": "Point", "coordinates": [ -73.908333, 40.757673 ] } },
{ "type": "Feature", "properties": { "resource_id": "facdb:60b1549c607056faaab689422be4c46d", "name": "St. Michael's Playground", "category": "parks-and-environment", "source": "facdb", "is_coad_member": false }, "geometry": { "type": "Point", "coordinates": [ -73.900281, 40.758313 ] } },
{ "type": "Feature", "properties": { "resource_id": "facdb:61ae6cf010807accac4af880513f737e", "name": "The Child Center of NY Inc", "category": "children-and-youth", "source": "facdb", "is_coad_member": false }, "geometry": { "type": "Point", "coordinates": [ -73.94214, 40.755997 ] } },
{ "type": "Feature", "properties": { "resource_id": "facdb:6240a5ad1b4c63639b3b944fb4f029ef", "name": "New York Harbor Foundation Inc", "category": "children-and-youth", "source": "facdb", "is_coad_member": false }, "geometry": { "type": "Point", "coordinates": [ -73.933107, 40.765531 ] } },
{ "type": "Feature", "properties": { "resource_id": "facdb:63cce8c937150a67d8a08ca47a029e20", "name": "Astoria", "category": "education-and-jobs", "source": "facdb", "is_coad_member": false }, "geometry": { "type": "Point", "coordinates": [ -73.932887, 40.773081 ] } },
{ "type": "Feature", "properties": { "resource_id": "facdb:6571207bde8cc99c4b30e58276535295", "name": "Girls Incorporated of New York City", "category": "children-and-youth", "source": "facdb", "is_coad_member": false }, "geometry": { "type": "Point", "coordinates": [ -73.924229, 40.771317 ] } },
{ "type": "Feature", "properties": { "resource_id": "facdb:6576aabdb3088c92504f8529421369f9", "name": "Albert Shanker School for Visual and Performing Arts", "category": "children-and-youth", "source": "facdb", "is_coad_member": false }, "geometry": { "type": "Point", "coordinates": [ -73.930101, 40.766091 ] } },
{ "type": "Feature", "properties": { "resource_id": "facdb:65dbcbc331953b9ac6fd8ec5b35c40a7", "name": "Spanish Speaking Elderly Council Raices Inc.", "category": "older-adults", "source": "facdb", "is_coad_member": false }, "geometry": { "type": "Point", "coordinates": [ -73.928133, 40.768535 ] } },
{ "type": "Feature", "properties": { "resource_id": "facdb:69a8b9d3db0d8c04b61227ae16ac2843", "name": "Chappetto Square", "category": "parks-and-environment", "source": "facdb", "is_coad_member": false }, "geometry": { "type": "Point", "coordinates": [ -73.922391, 40.775016 ] } },
{ "type": "Feature", "properties": { "resource_id": "facdb:6a3376847be73dc6190d69fc6b1b4baf", "name": "Broadway", "category": "libraries-and-community", "source": "facdb", "is_coad_member": false }, "geometry": { "type": "Point", "coordinates": [ -73.918625, 40.758534 ] } },
{ "type": "Feature", "properties": { "resource_id": "facdb:6a66c976657666120470b4c00300015a", "name": "Queens Library-Ravenswood", "category": "children-and-youth", "source": "facdb", "is_coad_member": false }, "geometry": { "type": "Point", "coordinates": [ -73.936661, 40.760513 ] } },
{ "type": "Feature", "properties": { "resource_id": "facdb:6b5c849fca39abe5f58a17278a0eea27", "name": "Queensbridge South", "category": "benefits-and-legal", "source": "facdb", "is_coad_member": false }, "geometry": { "type": "Point", "coordinates": [ -73.944575, 40.75488 ] } },
{ "type": "Feature", "properties": { "resource_id": "facdb:6bfa5d4b8e8b25221f0fa90218eab53b", "name": "Arrow Satellite Recreation Center", "category": "children-and-youth", "source": "facdb", "is_coad_member": false }, "geometry": { "type": "Point", "coordinates": [ -73.926403, 40.755886 ] } },
{ "type": "Feature", "properties": { "resource_id": "facdb:6c1532ce361b2ad5c7462386a5a72550", "name": "Carlos R. Lillo Park", "category": "parks-and-environment", "source": "facdb", "is_coad_member": false }, "geometry": { "type": "Point", "coordinates": [ -73.893588, 40.770633 ] } },
{ "type": "Feature", "properties": { "resource_id": "facdb:6c1a0f5ed6771fff0f0fd3518b1ccc51", "name": "South Asian Youth Action Saya Inc", "category": "children-and-youth", "source": "facdb", "is_coad_member": false }, "geometry": { "type": "Point", "coordinates": [ -73.924108, 40.755804 ] } },
{ "type": "Feature", "properties": { "resource_id": "facdb:6c5804b5ca0ae8a0fc32d617653f3f16", "name": "Bohemian Hall and Park", "category": "parks-and-environment", "source": "facdb", "is_coad_member": false }, "geometry": { "type": "Point", "coordinates": [ -73.915799, 40.77296 ] } },
{ "type": "Feature", "properties": { "resource_id": "facdb:6c9c0945fd416365e94043306f43ccc2", "name": "Triborough Bridge Playground.E", "category": "emergency-services", "source": "facdb", "is_coad_member": false }, "geometry": { "type": "Point", "coordinates": [ -73.920878, 40.773002 ] } },
{ "type": "Feature", "properties": { "resource_id": "facdb:6cc2cb8c4c6ca4a97860d05969ea4f30", "name": "Jacob a Riis Neighborhood Settlement", "category": "children-and-youth", "source": "facdb", "is_coad_member": false }, "geometry": { "type": "Point", "coordinates": [ -73.926244, 40.757505 ] } },
{ "type": "Feature", "properties": { "resource_id": "facdb:6e090441f9421da80d79234733d6c0c1", "name": "Al Dawah Summer Camp", "category": "children-and-youth", "source": "facdb", "is_coad_member": false }, "geometry": { "type": "Point", "coordinates": [ -73.910413, 40.772999 ] } },
{ "type": "Feature", "properties": { "resource_id": "facdb:6eb4a3a6dfc7e0d3c7b559a80f8f86e6", "name": "The Mental Health Association of New York City Inc", "category": "mental-health-and-recovery", "source": "facdb", "is_coad_member": false }, "geometry": { "type": "Point", "coordinates": [ -73.935605, 40.749666 ] } },
{ "type": "Feature", "properties": { "resource_id": "facdb:6eb8241e51d19bbea18b1ea30aa7a2e2", "name": "Queensbridge Family Health Center", "category": "health-care", "source": "facdb", "is_coad_member": false }, "geometry": { "type": "Point", "coordinates": [ -73.944305, 40.75518 ] } },
{ "type": "Feature", "properties": { "resource_id": "facdb:6f3763c1ff1ecc4008c4e2ae591bfce4", "name": "Queensboro Bridge", "category": "government-offices", "source": "facdb", "is_coad_member": false }, "geometry": { "type": "Point", "coordinates": [ -73.95006, 40.754925 ] } },
{ "type": "Feature", "properties": { "resource_id": "facdb:71746057b0510c36e50626722ffdc6ab", "name": "Engine 260", "category": "emergency-services", "source": "facdb", "is_coad_member": false }, "geometry": { "type": "Point", "coordinates": [ -73.940016, 40.75973 ] } },
{ "type": "Feature", "properties": { "resource_id": "facdb:717efde820da5eed5d03e872370b4ada", "name": "The 30th Avenue School (G&T Citywide)", "category": "children-and-youth", "source": "facdb", "is_coad_member": false }, "geometry": { "type": "Point", "coordinates": [ -73.930101, 40.766091 ] } },
{ "type": "Feature", "properties": { "resource_id": "facdb:72db5392a9ea1df2e1d591fb3f6c1ea0", "name": "Ravenswood Playground", "category": "parks-and-environment", "source": "facdb", "is_coad_member": false }, "geometry": { "type": "Point", "coordinates": [ -73.935638, 40.762183 ] } },
{ "type": "Feature", "properties": { "resource_id": "facdb:737662722e7bb984626e08f2d848bbc1", "name": "Global Kids Inc", "category": "children-and-youth", "source": "facdb", "is_coad_member": false }, "geometry": { "type": "Point", "coordinates": [ -73.930101, 40.766091 ] } },
{ "type": "Feature", "properties": { "resource_id": "facdb:750b48b473c2a81b370ec0593693b58d", "name": "Woodside", "category": "children-and-youth", "source": "facdb", "is_coad_member": false }, "geometry": { "type": "Point", "coordinates": [ -73.910733, 40.753994 ] } },
{ "type": "Feature", "properties": { "resource_id": "facdb:7693bca2bf9349792944090a1b25d809", "name": "Sixteen Oaks Grove", "category": "parks-and-environment", "source": "facdb", "is_coad_member": false }, "geometry": { "type": "Point", "coordinates": [ -73.938351, 40.758515 ] } },
{ "type": "Feature", "properties": { "resource_id": "facdb:7797fafda14e44d91d822cb322f6c24b", "name": "Van Alst Playground", "category": "parks-and-environment", "source": "facdb", "is_coad_member": false }, "geometry": { "type": "Point", "coordinates": [ -73.928274, 40.770581 ] } },
{ "type": "Feature", "properties": { "resource_id": "facdb:788952af0669d34ec1e553468c0ceca3", "name": "Hanac", "category": "children-and-youth", "source": "facdb", "is_coad_member": false }, "geometry": { "type": "Point", "coordinates": [ -73.926042, 40.768826 ] } },
{ "type": "Feature", "properties": { "resource_id": "facdb:78920e31f02d35cd4b344cadbe83ce37", "name": "Variety Boys & Girls Club of Queens, Inc.", "category": "libraries-and-community", "source": "facdb", "is_coad_member": false }, "geometry": { "type": "Point", "coordinates": [ -73.907891, 40.757333 ] } },
{ "type": "Feature", "properties": { "resource_id": "facdb:7aa581971a673e67634196b0b78bf33f", "name": "Steinway Community Services", "category": "mental-health-and-recovery", "source": "facdb", "is_coad_member": false }, "geometry": { "type": "Point", "coordinates": [ -73.919082, 40.7593 ] } },
{ "type": "Feature", "properties": { "resource_id": "facdb:7d1ec6eeb65d6bce240509a5986a0eef", "name": "Mobile Crisis Management - Queens", "category": "mental-health-and-recovery", "source": "facdb", "is_coad_member": false }, "geometry": { "type": "Point", "coordinates": [ -73.933444, 40.75103 ] } },
{ "type": "Feature", "properties": { "resource_id": "facdb:7dde5a2d1583c24ddc9c924efeb741a5", "name": "Jacob a Riis Neighborhood Settlement", "category": "immigration-and-language", "source": "facdb", "is_coad_member": false }, "geometry": { "type": "Point", "coordinates": [ -73.944521, 40.755594 ] } },
{ "type": "Feature", "properties": { "resource_id": "facdb:7f7d7d362f7ac19bafe5b564df29052d", "name": "Goodwill Indus. of Greater NY", "category": "disability-and-access", "source": "facdb", "is_coad_member": false }, "geometry": { "type": "Point", "coordinates": [ -73.932716, 40.774931 ] } },
{ "type": "Feature", "properties": { "resource_id": "facdb:8053042738b040063086c8b20b885daf", "name": "Jacob a Riis Neighborhood Settlement", "category": "benefits-and-legal", "source": "facdb", "is_coad_member": false }, "geometry": { "type": "Point", "coordinates": [ -73.944521, 40.755594 ] } },
{ "type": "Feature", "properties": { "resource_id": "facdb:81b2c6b598d84017c3cf9e7f5234076f", "name": "Rockwell Astoria", "category": "health-care", "source": "facdb", "is_coad_member": false }, "geometry": { "type": "Point", "coordinates": [ -73.933877, 40.775204 ] } },
{ "type": "Feature", "properties": { "resource_id": "facdb:81b967c4deefedcccc158d931e66599f", "name": "Spanish Speaking Elderly Council Raices Inc.", "category": "older-adults", "source": "facdb", "is_coad_member": false }, "geometry": { "type": "Point", "coordinates": [ -73.933724, 40.773357 ] } },
{ "type": "Feature", "properties": { "resource_id": "facdb:825ca7e90896bb020ca2cb85a1825ce3", "name": "Friends of Veterans New York Inc", "category": "children-and-youth", "source": "facdb", "is_coad_member": false }, "geometry": { "type": "Point", "coordinates": [ -73.912379, 40.759575 ] } },
{ "type": "Feature", "properties": { "resource_id": "facdb:83b394e50f38b91fcfe8034b8f42d01e", "name": "Astoria Performing Arts Center Inc", "category": "children-and-youth", "source": "facdb", "is_coad_member": false }, "geometry": { "type": "Point", "coordinates": [ -73.925912, 40.767512 ] } },
{ "type": "Feature", "properties": { "resource_id": "facdb:84d4651f021a8b60cb2562009e0a1d31", "name": "Central Astoria Local Development Coalition, Inc.", "category": "libraries-and-community", "source": "facdb", "is_coad_member": false }, "geometry": { "type": "Point", "coordinates": [ -73.913672, 40.766533 ] } },
{ "type": "Feature", "properties": { "resource_id": "facdb:853be2a27e6bf330aaad7951676fc035", "name": "Columbus Square", "category": "parks-and-environment", "source": "facdb", "is_coad_member": false }, "geometry": { "type": "Point", "coordinates": [ -73.917616, 40.770097 ] } },
{ "type": "Feature", "properties": { "resource_id": "facdb:863f32085fa064e7f6c38b837bf18494", "name": "Aktina Productions, Inc.", "category": "libraries-and-community", "source": "facdb", "is_coad_member": false }, "geometry": { "type": "Point", "coordinates": [ -73.916669, 40.775137 ] } },
{ "type": "Feature", "properties": { "resource_id": "facdb:87044e6e51087002923e28132010d903", "name": "Safe Horizon Inc", "category": "benefits-and-legal", "source": "facdb", "is_coad_member": false }, "geometry": { "type": "Point", "coordinates": [ -73.915336, 40.769301 ] } },
{ "type": "Feature", "properties": { "resource_id": "facdb:87492a2e282769c5049b7fa8c8beccb8", "name": "The Fortune Society Inc", "category": "children-and-youth", "source": "facdb", "is_coad_member": false }, "geometry": { "type": "Point", "coordinates": [ -73.934605, 40.750377 ] } },
{ "type": "Feature", "properties": { "resource_id": "facdb:87abcd39bb6768465795d955b16731ad", "name": "Win/West Way Residence", "category": "children-and-youth", "source": "facdb", "is_coad_member": false }, "geometry": { "type": "Point", "coordinates": [ -73.897347, 40.767415 ] } },
{ "type": "Feature", "properties": { "resource_id": "facdb:87e54b7f4a3dfd1b0be9e7626bc2bde2", "name": "The Floating Hospital 2", "category": "children-and-youth", "source": "facdb", "is_coad_member": false }, "geometry": { "type": "Point", "coordinates": [ -73.939682, 40.751028 ] } },
{ "type": "Feature", "properties": { "resource_id": "facdb:8867c646026ee4f2be548d777b8f45b7", "name": "Ditmars Playground", "category": "parks-and-environment", "source": "facdb", "is_coad_member": false }, "geometry": { "type": "Point", "coordinates": [ -73.907325, 40.77156 ] } },
{ "type": "Feature", "properties": { "resource_id": "facdb:888010d06fa92e602319a379d4ddee45", "name": "Long Island City WORKFORCE1 Career Center", "category": "education-and-jobs", "source": "facdb", "is_coad_member": false }, "geometry": { "type": "Point", "coordinates": [ -73.941704, 40.755769 ] } },
{ "type": "Feature", "properties": { "resource_id": "facdb:89ae4248b65e1252a6dd788bacd72c5b", "name": "Mouse Inc", "category": "children-and-youth", "source": "facdb", "is_coad_member": false }, "geometry": { "type": "Point", "coordinates": [ -73.939181, 40.758574 ] } },
{ "type": "Feature", "properties": { "resource_id": "facdb:8a3ae19f88b82cc9338234253f8504d3", "name": "The Fortune Society Inc", "category": "education-and-jobs", "source": "facdb", "is_coad_member": false }, "geometry": { "type": "Point", "coordinates": [ -73.934605, 40.750377 ] } },
{ "type": "Feature", "properties": { "resource_id": "facdb:8a8a091c6a960a2eadfcf237e49340e1", "name": "Adolescent Skills Center Queens", "category": "mental-health-and-recovery", "source": "facdb", "is_coad_member": false }, "geometry": { "type": "Point", "coordinates": [ -73.935605, 40.749666 ] } },
{ "type": "Feature", "properties": { "resource_id": "facdb:8b189caea3ba6f49da53fe742edaec48", "name": "I.S. 141 the Steinway School", "category": "children-and-youth", "source": "facdb", "is_coad_member": false }, "geometry": { "type": "Point", "coordinates": [ -73.904561, 40.775766 ] } },
{ "type": "Feature", "properties": { "resource_id": "facdb:8b7c10d7f09c4f7b16b82d59183b3abf", "name": "EMS Station 49", "category": "emergency-services", "source": "facdb", "is_coad_member": false }, "geometry": { "type": "Point", "coordinates": [ -73.899289, 40.776784 ] } },
{ "type": "Feature", "properties": { "resource_id": "facdb:8bad35c6db780c1fe1f38a02ff61cee3", "name": "Engine 262", "category": "emergency-services", "source": "facdb", "is_coad_member": false }, "geometry": { "type": "Point", "coordinates": [ -73.929246, 40.767556 ] } },
{ "type": "Feature", "properties": { "resource_id": "facdb:8bb4a2418287cf57678225769f6521d2", "name": "Selfhelp Community Services, Inc.", "category": "older-adults", "source": "facdb", "is_coad_member": false }, "geometry": { "type": "Point", "coordinates": [ -73.930161, 40.762161 ] } },
{ "type": "Feature", "properties": { "resource_id": "facdb:8c2b39b45314d83c58f64c82b9819533", "name": "Variety Boys and Girls Club of Queens Inc", "category": "children-and-youth", "source": "facdb", "is_coad_member": false }, "geometry": { "type": "Point", "coordinates": [ -73.912379, 40.759575 ] } },
{ "type": "Feature", "properties": { "resource_id": "facdb:8c4711c96e4ada75583481f6f0005b90", "name": "Catholic Charities Neighborhood Services Inc", "category": "immigration-and-language", "source": "facdb", "is_coad_member": false }, "geometry": { "type": "Point", "coordinates": [ -73.930639, 40.77349 ] } },
{ "type": "Feature", "properties": { "resource_id": "facdb:8c823e0ab85651245288f0728a548286", "name": "Queensbridge North", "category": "education-and-jobs", "source": "facdb", "is_coad_member": false }, "geometry": { "type": "Point", "coordinates": [ -73.944305, 40.75518 ] } },
{ "type": "Feature", "properties": { "resource_id": "facdb:8ce2ea66c33ee351fc9a06b18ab13533", "name": "Rainey Park", "category": "parks-and-environment", "source": "facdb", "is_coad_member": false }, "geometry": { "type": "Point", "coordinates": [ -73.940823, 40.766334 ] } },
{ "type": "Feature", "properties": { "resource_id": "facdb:8d12f6638de86abb0fc56898d554463d", "name": "Nycha-Astoria Houses", "category": "children-and-youth", "source": "facdb", "is_coad_member": false }, "geometry": { "type": "Point", "coordinates": [ -73.92946, 40.772435 ] } },
{ "type": "Feature", "properties": { "resource_id": "facdb:8d608bbbdea13084325a27e89ad1ee70", "name": "Woodside Houses Park", "category": "parks-and-environment", "source": "facdb", "is_coad_member": false }, "geometry": { "type": "Point", "coordinates": [ -73.911597, 40.755771 ] } },
{ "type": "Feature", "properties": { "resource_id": "facdb:8d6ed0ace23c6878aa0afe7e8773ccbc", "name": "New Thread Quartet, Inc.", "category": "libraries-and-community", "source": "facdb", "is_coad_member": false }, "geometry": { "type": "Point", "coordinates": [ -73.913418, 40.779918 ] } },
{ "type": "Feature", "properties": { "resource_id": "facdb:8dc6b0cffec071d71c14da2b442c07fe", "name": "Young Women Leadership HS", "category": "children-and-youth", "source": "facdb", "is_coad_member": false }, "geometry": { "type": "Point", "coordinates": [ -73.924229, 40.771317 ] } },
{ "type": "Feature", "properties": { "resource_id": "facdb:90cd3a38dd9ec5b206eedc33e66fc442", "name": "Academy for New Americans", "category": "children-and-youth", "source": "facdb", "is_coad_member": false }, "geometry": { "type": "Point", "coordinates": [ -73.923101, 40.766951 ] } },
{ "type": "Feature", "properties": { "resource_id": "facdb:922d0d80dd1e7ab619b5f7749654917e", "name": "Goliard Concerts, Inc.", "category": "libraries-and-community", "source": "facdb", "is_coad_member": false }, "geometry": { "type": "Point", "coordinates": [ -73.911725, 40.759432 ] } },
{ "type": "Feature", "properties": { "resource_id": "facdb:9384ec790860f5a3081e3e3dbf3daaa3", "name": "Young Women's Leadership School, Astoria", "category": "children-and-youth", "source": "facdb", "is_coad_member": false }, "geometry": { "type": "Point", "coordinates": [ -73.924229, 40.771317 ] } },
{ "type": "Feature", "properties": { "resource_id": "facdb:93f9d6ac6cf70154554e80a6fdb7e758", "name": "Jacob a Riis Neighborhood Settlement", "category": "children-and-youth", "source": "facdb", "is_coad_member": false }, "geometry": { "type": "Point", "coordinates": [ -73.941695, 40.760682 ] } },
{ "type": "Feature", "properties": { "resource_id": "facdb:94bcaf8370a492ae274da4d91ff3d2aa", "name": "Hanac Inc.", "category": "older-adults", "source": "facdb", "is_coad_member": false }, "geometry": { "type": "Point", "coordinates": [ -73.91926, 40.771102 ] } },
{ "type": "Feature", "properties": { "resource_id": "facdb:95e2da02b9826ab553204fbdf1eec547", "name": "Pascal Rioult Dance Theatre", "category": "libraries-and-community", "source": "facdb", "is_coad_member": false }, "geometry": { "type": "Point", "coordinates": [ -73.920727, 40.756257 ] } },
{ "type": "Feature", "properties": { "resource_id": "facdb:95e694b309e533aa5177ca2d61a188eb", "name": "Queens Employment Eligibility Center", "category": "government-offices", "source": "facdb", "is_coad_member": false }, "geometry": { "type": "Point", "coordinates": [ -73.929908, 40.751739 ] } },
{ "type": "Feature", "properties": { "resource_id": "facdb:968072d4676b968b20589c2a12649094", "name": "Empire Beauty School", "category": "education-and-jobs", "source": "facdb", "is_coad_member": false }, "geometry": { "type": "Point", "coordinates": [ -73.919082, 40.7593 ] } },
{ "type": "Feature", "properties": { "resource_id": "facdb:9b2939c85b830b977f6f50a431624790", "name": "Queensbridge Park", "category": "parks-and-environment", "source": "facdb", "is_coad_member": false }, "geometry": { "type": "Point", "coordinates": [ -73.947596, 40.756638 ] } },
{ "type": "Feature", "properties": { "resource_id": "facdb:9b38dcc8c3b2f3c59f166527dd47524b", "name": "Peer Advocacy Leadership (PAL)", "category": "mental-health-and-recovery", "source": "facdb", "is_coad_member": false }, "geometry": { "type": "Point", "coordinates": [ -73.930227, 40.751742 ] } },
{ "type": "Feature", "properties": { "resource_id": "facdb:9c6cfbd2b0e6ff2b047f4e2df1409b5c", "name": "Immaculate Conception Summer Camp", "category": "children-and-youth", "source": "facdb", "is_coad_member": false }, "geometry": { "type": "Point", "coordinates": [ -73.910581, 40.777112 ] } },
{ "type": "Feature", "properties": { "resource_id": "facdb:9ccb11dbef973253c6e76b94227d98ef", "name": "New York Junior Tennis League Inc", "category": "children-and-youth", "source": "facdb", "is_coad_member": false }, "geometry": { "type": "Point", "coordinates": [ -73.924108, 40.755804 ] } },
{ "type": "Feature", "properties": { "resource_id": "facdb:9cf3ea3d44816636cc5a17e34b4d0e58", "name": "The Better Living Center", "category": "mental-health-and-recovery", "source": "facdb", "is_coad_member": false }, "geometry": { "type": "Point", "coordinates": [ -73.934605, 40.750377 ] } },
{ "type": "Feature", "properties": { "resource_id": "facdb:9e173bbbf3d378bcbe29e0992baa86dc", "name": "Hanac Inc.", "category": "older-adults", "source": "facdb", "is_coad_member": false }, "geometry": { "type": "Point", "coordinates": [ -73.91926, 40.771102 ] } },
{ "type": "Feature", "properties": { "resource_id": "facdb:9e774c6f51f7e831d2eccb102f7146d9", "name": "Cv Astoria Partial 114th Pct", "category": "benefits-and-legal", "source": "facdb", "is_coad_member": false }, "geometry": { "type": "Point", "coordinates": [ -73.944305, 40.75518 ] } },
{ "type": "Feature", "properties": { "resource_id": "facdb:9f8a546f0b506e329320912b2fb48ecf", "name": "Ahrc Astoria Blue Feather", "category": "children-and-youth", "source": "facdb", "is_coad_member": false }, "geometry": { "type": "Point", "coordinates": [ -73.931634, 40.773468 ] } },
{ "type": "Feature", "properties": { "resource_id": "facdb:9ff0b1a315300dd8ca701fb86b6c3ea0", "name": "St. Nicks Alliance Corp.", "category": "children-and-youth", "source": "facdb", "is_coad_member": false }, "geometry": { "type": "Point", "coordinates": [ -73.934605, 40.750377 ] } },
{ "type": "Feature", "properties": { "resource_id": "facdb:a01da52b852f866e5495abf87fef9c9d", "name": "Center of Hope International : Center of Hope International", "category": "food-assistance", "source": "facdb", "is_coad_member": false }, "geometry": { "type": "Point", "coordinates": [ -73.942027, 40.755882 ] } },
{ "type": "Feature", "properties": { "resource_id": "facdb:a032375472387213172a0e3c6e851593", "name": "New York Edge Inc", "category": "children-and-youth", "source": "facdb", "is_coad_member": false }, "geometry": { "type": "Point", "coordinates": [ -73.923101, 40.766951 ] } },
{ "type": "Feature", "properties": { "resource_id": "facdb:a06426d8bb01368870e5fbdcf68c6f63", "name": "Queens Children's Mobile Crisis Team", "category": "mental-health-and-recovery", "source": "facdb", "is_coad_member": false }, "geometry": { "type": "Point", "coordinates": [ -73.933444, 40.75103 ] } },
{ "type": "Feature", "properties": { "resource_id": "facdb:a1bf68025b7322b65d32c3a7048fc310", "name": "United Wire Metal & MacHine Medical Center", "category": "health-care", "source": "facdb", "is_coad_member": false }, "geometry": { "type": "Point", "coordinates": [ -73.936173, 40.756262 ] } },
{ "type": "Feature", "properties": { "resource_id": "facdb:a26c2ba419a09aa09f3616aa319d292c", "name": "Hour Children, Inc", "category": "housing-and-shelter", "source": "facdb", "is_coad_member": false }, "geometry": { "type": "Point", "coordinates": [ -73.939152, 40.760344 ] } },
{ "type": "Feature", "properties": { "resource_id": "facdb:a549a90db4ab6b7fdb8d8c73e5502674", "name": "Astoria Center of Israel", "category": "parks-and-environment", "source": "facdb", "is_coad_member": false }, "geometry": { "type": "Point", "coordinates": [ -73.924109, 40.769397 ] } },
{ "type": "Feature", "properties": { "resource_id": "facdb:a76d4dd6dc89258626bd944547ac8e3d", "name": "Poverty Elimination and Community Education Foundation, Inc.", "category": "libraries-and-community", "source": "facdb", "is_coad_member": false }, "geometry": { "type": "Point", "coordinates": [ -73.930092, 40.757863 ] } },
{ "type": "Feature", "properties": { "resource_id": "facdb:a7dfaf9238f0059e13650ad1cd0deefa", "name": "Nycha-Ravenswood", "category": "children-and-youth", "source": "facdb", "is_coad_member": false }, "geometry": { "type": "Point", "coordinates": [ -73.935399, 40.759899 ] } },
{ "type": "Feature", "properties": { "resource_id": "facdb:a8934c5aca889fa11e20575bd64c80b0", "name": "The Salvation Army-Astoria", "category": "children-and-youth", "source": "facdb", "is_coad_member": false }, "geometry": { "type": "Point", "coordinates": [ -73.91456, 40.756633 ] } },
{ "type": "Feature", "properties": { "resource_id": "facdb:a8ab6f0aa41a1c6febdf46e895e2ea7b", "name": "Hour Children Community Outreach : Hour Children Community Outreach", "category": "food-assistance", "source": "facdb", "is_coad_member": false }, "geometry": { "type": "Point", "coordinates": [ -73.940406, 40.759892 ] } },
{ "type": "Feature", "properties": { "resource_id": "facdb:a8c467defab070a858eac1588b7092c2", "name": "Academy of Bosnia and Herzegovina, Inc.", "category": "libraries-and-community", "source": "facdb", "is_coad_member": false }, "geometry": { "type": "Point", "coordinates": [ -73.905537, 40.757767 ] } },
{ "type": "Feature", "properties": { "resource_id": "facdb:a8c8fa84f2823bad5b13d07f32699027", "name": "Variety Boys and Girls Club of Queens Inc", "category": "children-and-youth", "source": "facdb", "is_coad_member": false }, "geometry": { "type": "Point", "coordinates": [ -73.928133, 40.768535 ] } },
{ "type": "Feature", "properties": { "resource_id": "facdb:a900019af4a963f47add9fb17906bcfd", "name": "Stage Aurora Theatrical Company, Inc.", "category": "libraries-and-community", "source": "facdb", "is_coad_member": false }, "geometry": { "type": "Point", "coordinates": [ -73.918026, 40.771975 ] } },
{ "type": "Feature", "properties": { "resource_id": "facdb:a94bfab99254ea7a45330aa0572d32c7", "name": "Almarui Center", "category": "children-and-youth", "source": "facdb", "is_coad_member": false }, "geometry": { "type": "Point", "coordinates": [ -73.926575, 40.772138 ] } },
{ "type": "Feature", "properties": { "resource_id": "facdb:a9cedc2ae142742df1c063d4372a736f", "name": "Astoria (2)", "category": "children-and-youth", "source": "facdb", "is_coad_member": false }, "geometry": { "type": "Point", "coordinates": [ -73.936874, 40.772748 ] } },
{ "type": "Feature", "properties": { "resource_id": "facdb:aa6599c1a711e74a55e5523a6bb640d1", "name": "Peoplentech Institute of Infomration", "category": "education-and-jobs", "source": "facdb", "is_coad_member": false }, "geometry": { "type": "Point", "coordinates": [ -73.930381, 40.75459 ] } },
{ "type": "Feature", "properties": { "resource_id": "facdb:ab4ddc7a0e7a5c52eb0165dc53bc4697", "name": "Queens SNAP Center", "category": "benefits-and-legal", "source": "facdb", "is_coad_member": false }, "geometry": { "type": "Point", "coordinates": [ -73.93105, 40.751639 ] } },
{ "type": "Feature", "properties": { "resource_id": "facdb:ac75521db23fd8ceb4f0875b3500aade", "name": "Crossland Youth & Family Outreach", "category": "children-and-youth", "source": "facdb", "is_coad_member": false }, "geometry": { "type": "Point", "coordinates": [ -73.928474, 40.772856 ] } },
{ "type": "Feature", "properties": { "resource_id": "facdb:ad0f17aa51ba3b706e5774d3eef69b91", "name": "Dance Entropy, Inc.", "category": "libraries-and-community", "source": "facdb", "is_coad_member": false }, "geometry": { "type": "Point", "coordinates": [ -73.936426, 40.756721 ] } },
{ "type": "Feature", "properties": { "resource_id": "facdb:afa0516185494504d62ef34af0ba6db2", "name": "Long Island City High School", "category": "health-care", "source": "facdb", "is_coad_member": false }, "geometry": { "type": "Point", "coordinates": [ -73.933107, 40.765531 ] } },
{ "type": "Feature", "properties": { "resource_id": "facdb:afa74c9a0fbcab82396a1b20cab3b777", "name": "Random Access Music, Ltd.", "category": "libraries-and-community", "source": "facdb", "is_coad_member": false }, "geometry": { "type": "Point", "coordinates": [ -73.907721, 40.773376 ] } },
{ "type": "Feature", "properties": { "resource_id": "facdb:b0bfa9133b09d38a63e6e2bc78584f62", "name": "Socrates Sculpture Park, Inc.", "category": "libraries-and-community", "source": "facdb", "is_coad_member": false }, "geometry": { "type": "Point", "coordinates": [ -73.907891, 40.757333 ] } },
{ "type": "Feature", "properties": { "resource_id": "facdb:b1d0316962a110a0255c710b24afe1eb", "name": "Primary Care Center", "category": "health-care", "source": "facdb", "is_coad_member": false }, "geometry": { "type": "Point", "coordinates": [ -73.931355, 40.766056 ] } },
{ "type": "Feature", "properties": { "resource_id": "facdb:b2789e0ef3a9003483da5639c9e749bd", "name": "Exploring the Arts", "category": "libraries-and-community", "source": "facdb", "is_coad_member": false }, "geometry": { "type": "Point", "coordinates": [ -73.923975, 40.757603 ] } },
{ "type": "Feature", "properties": { "resource_id": "facdb:b27dd91924cf07a991daae9e1199b208", "name": "Dwyer Square", "category": "parks-and-environment", "source": "facdb", "is_coad_member": false }, "geometry": { "type": "Point", "coordinates": [ -73.915215, 40.753921 ] } },
{ "type": "Feature", "properties": { "resource_id": "facdb:b3950bb24f21331102059490355162d3", "name": "Hellenic Film Society USA Inc", "category": "children-and-youth", "source": "facdb", "is_coad_member": false }, "geometry": { "type": "Point", "coordinates": [ -73.923914, 40.756312 ] } },
{ "type": "Feature", "properties": { "resource_id": "facdb:b400468d1812e88be0be853687f6a115", "name": "Pre-K Center at 37th Street", "category": "children-and-youth", "source": "facdb", "is_coad_member": false }, "geometry": { "type": "Point", "coordinates": [ -73.921806, 40.758866 ] } },
{ "type": "Feature", "properties": { "resource_id": "facdb:b40171e275a5d4c1fd6cd6c57a94a32c", "name": "New York Edge Inc", "category": "children-and-youth", "source": "facdb", "is_coad_member": false }, "geometry": { "type": "Point", "coordinates": [ -73.915953, 40.780372 ] } },
{ "type": "Feature", "properties": { "resource_id": "facdb:b42843b85401c8c85e68c96a432a1690", "name": "NY Life Summer Camp", "category": "children-and-youth", "source": "facdb", "is_coad_member": false }, "geometry": { "type": "Point", "coordinates": [ -73.918579, 40.75092 ] } },
{ "type": "Feature", "properties": { "resource_id": "facdb:b4f685e539b084c1485dd3186c89e3d7", "name": "Jacob a Riis Neighborhood Settlement", "category": "children-and-youth", "source": "facdb", "is_coad_member": false }, "geometry": { "type": "Point", "coordinates": [ -73.930101, 40.766091 ] } },
{ "type": "Feature", "properties": { "resource_id": "facdb:b52629eecbe1eaacd053183c4e4f4e60", "name": "Sunnyside Community Services Inc", "category": "children-and-youth", "source": "facdb", "is_coad_member": false }, "geometry": { "type": "Point", "coordinates": [ -73.910418, 40.75533 ] } },
{ "type": "Feature", "properties": { "resource_id": "facdb:b55ad159c40be5ea75001e07a313af86", "name": "Queens Community:", "category": "benefits-and-legal", "source": "facdb", "is_coad_member": false }, "geometry": { "type": "Point", "coordinates": [ -73.93105, 40.751639 ] } },
{ "type": "Feature", "properties": { "resource_id": "facdb:b60de1d838665cf89e85a235599595cd", "name": "Bread of Life Food Pantry", "category": "children-and-youth", "source": "facdb", "is_coad_member": false }, "geometry": { "type": "Point", "coordinates": [ -73.94173, 40.756828 ] } },
{ "type": "Feature", "properties": { "resource_id": "facdb:b8ddaa9d6ab7957b85fe09a28348fd81", "name": "All Children's Day Camp of Ast", "category": "children-and-youth", "source": "facdb", "is_coad_member": false }, "geometry": { "type": "Point", "coordinates": [ -73.922766, 40.762901 ] } },
{ "type": "Feature", "properties": { "resource_id": "facdb:b94f501d6a73a045b3f86668318c7f86", "name": "Spirit Playground", "category": "parks-and-environment", "source": "facdb", "is_coad_member": false }, "geometry": { "type": "Point", "coordinates": [ -73.941695, 40.760682 ] } },
{ "type": "Feature", "properties": { "resource_id": "facdb:b951176d1e71d991507c692a8c63e35c", "name": "Our World Neighborhood Charter School", "category": "children-and-youth", "source": "facdb", "is_coad_member": false }, "geometry": { "type": "Point", "coordinates": [ -73.924108, 40.755804 ] } },
{ "type": "Feature", "properties": { "resource_id": "facdb:ba3f30707e5ceff20d94c87950390872", "name": "Astoria", "category": "libraries-and-community", "source": "facdb", "is_coad_member": false }, "geometry": { "type": "Point", "coordinates": [ -73.933724, 40.773357 ] } },
{ "type": "Feature", "properties": { "resource_id": "facdb:bc7bbf0e726b68ce82c81c019a0fb8cd", "name": "Catholic Charities Neighborhood Services Inc", "category": "children-and-youth", "source": "facdb", "is_coad_member": false }, "geometry": { "type": "Point", "coordinates": [ -73.923257, 40.771222 ] } },
{ "type": "Feature", "properties": { "resource_id": "facdb:bd62b6cb6e9798f379bfd5aa951f36d9", "name": "Wreckio Ensemble Theatre, Inc.", "category": "libraries-and-community", "source": "facdb", "is_coad_member": false }, "geometry": { "type": "Point", "coordinates": [ -73.919597, 40.776956 ] } },
{ "type": "Feature", "properties": { "resource_id": "facdb:bd6aea758561b7b84030a4f5d58cd524", "name": "Ravenswood", "category": "libraries-and-community", "source": "facdb", "is_coad_member": false }, "geometry": { "type": "Point", "coordinates": [ -73.936661, 40.760513 ] } },
{ "type": "Feature", "properties": { "resource_id": "facdb:be1209c6d78752511096c2a48466b974", "name": "Selfhelp Community Services Inc", "category": "older-adults", "source": "facdb", "is_coad_member": false }, "geometry": { "type": "Point", "coordinates": [ -73.904862, 40.758925 ] } },
{ "type": "Feature", "properties": { "resource_id": "facdb:bf1eaea4a335d6bc07b16959a8e1f593", "name": "The Mental Health Association of New York City Inc", "category": "education-and-jobs", "source": "facdb", "is_coad_member": false }, "geometry": { "type": "Point", "coordinates": [ -73.935605, 40.749666 ] } },
{ "type": "Feature", "properties": { "resource_id": "facdb:c08378ecb4fe403b981961f725bce7b6", "name": "Goodwill Pros Rebound", "category": "mental-health-and-recovery", "source": "facdb", "is_coad_member": false }, "geometry": { "type": "Point", "coordinates": [ -73.903343, 40.770156 ] } },
{ "type": "Feature", "properties": { "resource_id": "facdb:c0f0e79280df9d5a19a352f574a8503a", "name": "Family & Youth Peer Support Services (Fypss)-Queens Alliance", "category": "mental-health-and-recovery", "source": "facdb", "is_coad_member": false }, "geometry": { "type": "Point", "coordinates": [ -73.935605, 40.749666 ] } },
{ "type": "Feature", "properties": { "resource_id": "facdb:c1796e722094d4b66ac88d824f6d1110", "name": "Paul Raimonda Playground", "category": "parks-and-environment", "source": "facdb", "is_coad_member": false }, "geometry": { "type": "Point", "coordinates": [ -73.89745, 40.772799 ] } },
{ "type": "Feature", "properties": { "resource_id": "facdb:c261f9fb87629df972e7397ce4e7d41e", "name": "East River Development Alliance, Inc.", "category": "children-and-youth", "source": "facdb", "is_coad_member": false }, "geometry": { "type": "Point", "coordinates": [ -73.94214, 40.755997 ] } },
{ "type": "Feature", "properties": { "resource_id": "facdb:c2a931615679086b6de91d4de11a1140", "name": "New York Harbor Foundation Inc", "category": "children-and-youth", "source": "facdb", "is_coad_member": false }, "geometry": { "type": "Point", "coordinates": [ -73.912379, 40.759575 ] } },
{ "type": "Feature", "properties": { "resource_id": "facdb:c39d6acd53bf5f8727605a3ff1959290", "name": "Triborough Bridge Playground B", "category": "parks-and-environment", "source": "facdb", "is_coad_member": false }, "geometry": { "type": "Point", "coordinates": [ -73.923071, 40.774619 ] } },
{ "type": "Feature", "properties": { "resource_id": "facdb:c3a6e79e878db1efaebd23192fb61c07", "name": "Steinway Playground", "category": "parks-and-environment", "source": "facdb", "is_coad_member": false }, "geometry": { "type": "Point", "coordinates": [ -73.903484, 40.776531 ] } },
{ "type": "Feature", "properties": { "resource_id": "facdb:c431ea8e3b54099063f3db117cecb8b7", "name": "Sohmer Piano Factory", "category": "parks-and-environment", "source": "facdb", "is_coad_member": false }, "geometry": { "type": "Point", "coordinates": [ -73.935104, 40.769035 ] } },
{ "type": "Feature", "properties": { "resource_id": "facdb:c4b740b0dbb2a0a9a93d623fd8b94788", "name": "Hanac Inc", "category": "older-adults", "source": "facdb", "is_coad_member": false }, "geometry": { "type": "Point", "coordinates": [ -73.936839, 40.762724 ] } },
{ "type": "Feature", "properties": { "resource_id": "facdb:c4de7dacb769b06ff3460024506bd55f", "name": "P.D. Emergency Medical Squad", "category": "emergency-services", "source": "facdb", "is_coad_member": false }, "geometry": { "type": "Point", "coordinates": [ -73.924966, 40.752573 ] } },
{ "type": "Feature", "properties": { "resource_id": "facdb:c64d09e578f4d9b2304a6417e9210f14", "name": "Strippoli Square", "category": "parks-and-environment", "source": "facdb", "is_coad_member": false }, "geometry": { "type": "Point", "coordinates": [ -73.907573, 40.757186 ] } },
{ "type": "Feature", "properties": { "resource_id": "facdb:c66ea1a9b092d2b66940b8851d1f38b5", "name": "Triborough Bridge Playground E", "category": "parks-and-environment", "source": "facdb", "is_coad_member": false }, "geometry": { "type": "Point", "coordinates": [ -73.920875, 40.773004 ] } },
{ "type": "Feature", "properties": { "resource_id": "facdb:c69f3d660d3bf76d72ead3fe8a0c0a55", "name": "St. Joseph Roman Catholic Church : St. Joseph Roman Catholic Church", "category": "food-assistance", "source": "facdb", "is_coad_member": false }, "geometry": { "type": "Point", "coordinates": [ -73.911822, 40.763 ] } },
{ "type": "Feature", "properties": { "resource_id": "facdb:c6d4e58aa3054804af449669a6fac59c", "name": "The 30th Avenue School (G&T Citywide", "category": "children-and-youth", "source": "facdb", "is_coad_member": false }, "geometry": { "type": "Point", "coordinates": [ -73.930101, 40.766091 ] } },
{ "type": "Feature", "properties": { "resource_id": "facdb:c77a311c8f3a1caf6a86c75e50584711", "name": "New York Foundling - Qcs", "category": "children-and-youth", "source": "facdb", "is_coad_member": false }, "geometry": { "type": "Point", "coordinates": [ -73.93105, 40.751639 ] } },
{ "type": "Feature", "properties": { "resource_id": "facdb:c804cfd87e66619764120e94eb5fde1d", "name": "Alternate Learning Center a IS 126 -", "category": "children-and-youth", "source": "facdb", "is_coad_member": false }, "geometry": { "type": "Point", "coordinates": [ -73.930101, 40.766091 ] } },
{ "type": "Feature", "properties": { "resource_id": "facdb:c8d67e9766135d4b5e9de14b8b35b465", "name": "Twyls Astoria", "category": "children-and-youth", "source": "facdb", "is_coad_member": false }, "geometry": { "type": "Point", "coordinates": [ -73.924229, 40.771317 ] } },
{ "type": "Feature", "properties": { "resource_id": "facdb:c94cbd76dadcd2b267294cbb3637b21d", "name": "Jacob a Riis Neighborhood Settlement", "category": "children-and-youth", "source": "facdb", "is_coad_member": false }, "geometry": { "type": "Point", "coordinates": [ -73.936661, 40.760513 ] } },
{ "type": "Feature", "properties": { "resource_id": "facdb:c9bd5173b6550cc1870e5602f799c483", "name": "The Young Women's Leadership School", "category": "children-and-youth", "source": "facdb", "is_coad_member": false }, "geometry": { "type": "Point", "coordinates": [ -73.924229, 40.771317 ] } },
{ "type": "Feature", "properties": { "resource_id": "facdb:ca604a4ad9de719e14d81dbb76a86c24", "name": "Incollaboration, Inc.", "category": "libraries-and-community", "source": "facdb", "is_coad_member": false }, "geometry": { "type": "Point", "coordinates": [ -73.936336, 40.750012 ] } },
{ "type": "Feature", "properties": { "resource_id": "facdb:cbc3a4abe92d928890af7b4862e2e7d7", "name": "Living Positve - Queens", "category": "mental-health-and-recovery", "source": "facdb", "is_coad_member": false }, "geometry": { "type": "Point", "coordinates": [ -73.929183, 40.751763 ] } },
{ "type": "Feature", "properties": { "resource_id": "facdb:cc88f69ff6c1f4ba61b0e253b270e5ee", "name": "Astoria Heights Mini Pool (JHS 10)", "category": "children-and-youth", "source": "facdb", "is_coad_member": false }, "geometry": { "type": "Point", "coordinates": [ -73.913091, 40.759435 ] } },
{ "type": "Feature", "properties": { "resource_id": "facdb:cd671aa6ff3e7a3eee3fc740e2264bd4", "name": "Woodside", "category": "children-and-youth", "source": "facdb", "is_coad_member": false }, "geometry": { "type": "Point", "coordinates": [ -73.910418, 40.75533 ] } },
{ "type": "Feature", "properties": { "resource_id": "facdb:cdff12234d24f274c9a32cd72cde1df3", "name": "Jacob A. Riis Neighborhood Settlement House", "category": "children-and-youth", "source": "facdb", "is_coad_member": false }, "geometry": { "type": "Point", "coordinates": [ -73.944521, 40.755594 ] } },
{ "type": "Feature", "properties": { "resource_id": "facdb:ce3e8ee95a5702cc8be8d28b757531e0", "name": "Queens Lesbian & Gay Pride Committee, Inc.", "category": "libraries-and-community", "source": "facdb", "is_coad_member": false }, "geometry": { "type": "Point", "coordinates": [ -73.907891, 40.757333 ] } },
{ "type": "Feature", "properties": { "resource_id": "facdb:ce59412278939c254bc351dac52645ff", "name": "Steinway", "category": "libraries-and-community", "source": "facdb", "is_coad_member": false }, "geometry": { "type": "Point", "coordinates": [ -73.909421, 40.776822 ] } },
{ "type": "Feature", "properties": { "resource_id": "facdb:cf37a71ef39e6aef3db603e57110f76e", "name": "Woodside", "category": "health-care", "source": "facdb", "is_coad_member": false }, "geometry": { "type": "Point", "coordinates": [ -73.910315, 40.753429 ] } },
{ "type": "Feature", "properties": { "resource_id": "facdb:cf78a0c38f2aa3bf124fa0f3d551e2f5", "name": "Living Positive - Queens", "category": "mental-health-and-recovery", "source": "facdb", "is_coad_member": false }, "geometry": { "type": "Point", "coordinates": [ -73.929183, 40.751763 ] } },
{ "type": "Feature", "properties": { "resource_id": "facdb:cffdf089285951fab614f66fb576c307", "name": "P.S. 111 Jacob Blackwell", "category": "children-and-youth", "source": "facdb", "is_coad_member": false }, "geometry": { "type": "Point", "coordinates": [ -73.939181, 40.758574 ] } },
{ "type": "Feature", "properties": { "resource_id": "facdb:d0573e5174a9ceb1c3d183f570cfcea3", "name": "Jacob A. Riis Neighborhood Settlement, Inc.", "category": "children-and-youth", "source": "facdb", "is_coad_member": false }, "geometry": { "type": "Point", "coordinates": [ -73.944521, 40.755594 ] } },
{ "type": "Feature", "properties": { "resource_id": "facdb:d06eca99a93ed15b642d167853e1e8e9", "name": "Variety Boys and Girls Club of Queens", "category": "children-and-youth", "source": "facdb", "is_coad_member": false }, "geometry": { "type": "Point", "coordinates": [ -73.928223, 40.768538 ] } },
{ "type": "Feature", "properties": { "resource_id": "facdb:d20a18c49aca34a84996b30086084c12", "name": "The Fortune Society Inc", "category": "benefits-and-legal", "source": "facdb", "is_coad_member": false }, "geometry": { "type": "Point", "coordinates": [ -73.934605, 40.750377 ] } },
{ "type": "Feature", "properties": { "resource_id": "facdb:d3655436e8e59612f6844ad7a934a95b", "name": "IS 204 Oliver W. Holmes (30Q204)", "category": "children-and-youth", "source": "facdb", "is_coad_member": false }, "geometry": { "type": "Point", "coordinates": [ -73.932633, 40.756549 ] } },
{ "type": "Feature", "properties": { "resource_id": "facdb:d3aecb7516265efad3ac57487452d8f3", "name": "Citiview Connection", "category": "mental-health-and-recovery", "source": "facdb", "is_coad_member": false }, "geometry": { "type": "Point", "coordinates": [ -73.930227, 40.751742 ] } },
{ "type": "Feature", "properties": { "resource_id": "facdb:d410b55b19979aebab9b3dda647d3cb4", "name": "Ollantay Center for the Arts", "category": "libraries-and-community", "source": "facdb", "is_coad_member": false }, "geometry": { "type": "Point", "coordinates": [ -73.907891, 40.757333 ] } },
{ "type": "Feature", "properties": { "resource_id": "facdb:d4683e15920427912b21e5f8f65ef9d0", "name": "YMCA of Greater New York", "category": "children-and-youth", "source": "facdb", "is_coad_member": false }, "geometry": { "type": "Point", "coordinates": [ -73.930101, 40.766091 ] } },
{ "type": "Feature", "properties": { "resource_id": "facdb:d4913409f348311de648e1925c0d6ec6", "name": "Hanac Inc", "category": "children-and-youth", "source": "facdb", "is_coad_member": false }, "geometry": { "type": "Point", "coordinates": [ -73.910794, 40.774914 ] } },
{ "type": "Feature", "properties": { "resource_id": "facdb:d56bd1789b50bb086f4d2061277a2367", "name": "Thingny, Inc.", "category": "libraries-and-community", "source": "facdb", "is_coad_member": false }, "geometry": { "type": "Point", "coordinates": [ -73.913417, 40.779918 ] } },
{ "type": "Feature", "properties": { "resource_id": "facdb:d5bec3d96f7ab99506a9cbcd1b32f502", "name": "Mobile Truck Brigade Scratch Cook 3", "category": "children-and-youth", "source": "facdb", "is_coad_member": false }, "geometry": { "type": "Point", "coordinates": [ -73.944383, 40.754097 ] } },
{ "type": "Feature", "properties": { "resource_id": "facdb:d72c8ec449f46736c2be1ba6e346c4ac", "name": "Hanac", "category": "children-and-youth", "source": "facdb", "is_coad_member": false }, "geometry": { "type": "Point", "coordinates": [ -73.926042, 40.768826 ] } },
{ "type": "Feature", "properties": { "resource_id": "facdb:d7e5afc659a913fe4075b762e4b234cc", "name": "Astoria Dialysis Center", "category": "health-care", "source": "facdb", "is_coad_member": false }, "geometry": { "type": "Point", "coordinates": [ -73.925728, 40.757157 ] } },
{ "type": "Feature", "properties": { "resource_id": "facdb:d84ef42058960271c99a5f9f06f4bfc0", "name": "Catholic Charities Neighborhood Services Inc", "category": "older-adults", "source": "facdb", "is_coad_member": false }, "geometry": { "type": "Point", "coordinates": [ -73.928808, 40.76336 ] } },
{ "type": "Feature", "properties": { "resource_id": "facdb:d8d076b8a2b6eef0f513b0b9d2d81bba", "name": "Queensbridge North", "category": "older-adults", "source": "facdb", "is_coad_member": false }, "geometry": { "type": "Point", "coordinates": [ -73.944955, 40.755678 ] } },
{ "type": "Feature", "properties": { "resource_id": "facdb:d9f7071b8ef75c650c11bc69f1c79af6", "name": "Academy of the City Charter School", "category": "children-and-youth", "source": "facdb", "is_coad_member": false }, "geometry": { "type": "Point", "coordinates": [ -73.902291, 40.756967 ] } },
{ "type": "Feature", "properties": { "resource_id": "facdb:daec4e289f4b0255654a68c4bcf72dd0", "name": "Art House Astoria Conservatory for Music and Art", "category": "libraries-and-community", "source": "facdb", "is_coad_member": false }, "geometry": { "type": "Point", "coordinates": [ -73.928901, 40.764113 ] } },
{ "type": "Feature", "properties": { "resource_id": "facdb:daf2b8d5e7d37190f82d20df905ca5cb", "name": "NYC Business Solutions Industrial and Transportation - Queens", "category": "education-and-jobs", "source": "facdb", "is_coad_member": false }, "geometry": { "type": "Point", "coordinates": [ -73.938609, 40.750823 ] } },
{ "type": "Feature", "properties": { "resource_id": "facdb:db9cbb554ffab3948cd6a7b61fb7aa0e", "name": "Hanac Inc", "category": "children-and-youth", "source": "facdb", "is_coad_member": false }, "geometry": { "type": "Point", "coordinates": [ -73.929072, 40.770973 ] } },
{ "type": "Feature", "properties": { "resource_id": "facdb:dc68cb80b592c3daca5e1403ac34ca45", "name": "Jacob a Riis Neighborhood Settlement", "category": "children-and-youth", "source": "facdb", "is_coad_member": false }, "geometry": { "type": "Point", "coordinates": [ -73.944521, 40.755594 ] } },
{ "type": "Feature", "properties": { "resource_id": "facdb:dcc6154187f99c3842c27c56ad371570", "name": "Queensbridge North Community Center", "category": "children-and-youth", "source": "facdb", "is_coad_member": false }, "geometry": { "type": "Point", "coordinates": [ -73.944521, 40.755594 ] } },
{ "type": "Feature", "properties": { "resource_id": "facdb:dd2dab5f6e22d0c3e2f72c68c17e0c5c", "name": "The Ansob Center for Refugees, Inc.", "category": "children-and-youth", "source": "facdb", "is_coad_member": false }, "geometry": { "type": "Point", "coordinates": [ -73.91393, 40.764851 ] } },
{ "type": "Feature", "properties": { "resource_id": "facdb:de5805f421697f4aac430c7d816656a8", "name": "Queens Library-Steinway", "category": "children-and-youth", "source": "facdb", "is_coad_member": false }, "geometry": { "type": "Point", "coordinates": [ -73.909421, 40.776822 ] } },
{ "type": "Feature", "properties": { "resource_id": "facdb:dff165ba9a92b676fd7d24b3e937d673", "name": "Jackson Heights Art Club, Inc.", "category": "libraries-and-community", "source": "facdb", "is_coad_member": false }, "geometry": { "type": "Point", "coordinates": [ -73.907891, 40.757333 ] } },
{ "type": "Feature", "properties": { "resource_id": "facdb:e077694e6a501e68ee31bd231575ec9c", "name": "Woodside on the Move, Inc.", "category": "children-and-youth", "source": "facdb", "is_coad_member": false }, "geometry": { "type": "Point", "coordinates": [ -73.908333, 40.757673 ] } },
{ "type": "Feature", "properties": { "resource_id": "facdb:e16616cc9fbff72b83ceb9b7bfd61799", "name": "New York Center for Rehabilitation & Nursing", "category": "health-care", "source": "facdb", "is_coad_member": false }, "geometry": { "type": "Point", "coordinates": [ -73.925115, 40.772666 ] } },
{ "type": "Feature", "properties": { "resource_id": "facdb:e177e8d6be91f10ab36feaa079b34523", "name": "Qbi, the Training Institute, Inc.", "category": "education-and-jobs", "source": "facdb", "is_coad_member": false }, "geometry": { "type": "Point", "coordinates": [ -73.93105, 40.751639 ] } },
{ "type": "Feature", "properties": { "resource_id": "facdb:e1c77c08f0b0fd8c82230b62bd1cf219", "name": "Wet Ink Music Productions, Inc.", "category": "libraries-and-community", "source": "facdb", "is_coad_member": false }, "geometry": { "type": "Point", "coordinates": [ -73.911174, 40.771103 ] } },
{ "type": "Feature", "properties": { "resource_id": "facdb:e1fae8721ff568a07708b84150a29919", "name": "Albert Shanker School for Visual and Performing Arts (30Q126)", "category": "children-and-youth", "source": "facdb", "is_coad_member": false }, "geometry": { "type": "Point", "coordinates": [ -73.930101, 40.766091 ] } },
{ "type": "Feature", "properties": { "resource_id": "facdb:e3104182dfb7b25785752499785c838c", "name": "Assoc of Community Employment Pgrms for the Homeless Inc", "category": "children-and-youth", "source": "facdb", "is_coad_member": false }, "geometry": { "type": "Point", "coordinates": [ -73.933444, 40.75103 ] } },
{ "type": "Feature", "properties": { "resource_id": "facdb:e353864b1df593d65b373c6a622a4300", "name": "Long Island City Dialysis", "category": "health-care", "source": "facdb", "is_coad_member": false }, "geometry": { "type": "Point", "coordinates": [ -73.93323, 40.751454 ] } },
{ "type": "Feature", "properties": { "resource_id": "facdb:e4cfec9032ba6fc62bac9a72c395e6ff", "name": "Jacob a Riis Neighborhood Settlement", "category": "older-adults", "source": "facdb", "is_coad_member": false }, "geometry": { "type": "Point", "coordinates": [ -73.944521, 40.755594 ] } },
{ "type": "Feature", "properties": { "resource_id": "facdb:e50f282c12ccab7991f6ea7fc8ee01a3", "name": "Sean's Place", "category": "parks-and-environment", "source": "facdb", "is_coad_member": false }, "geometry": { "type": "Point", "coordinates": [ -73.918327, 40.760772 ] } },
{ "type": "Feature", "properties": { "resource_id": "facdb:e6da9db836ec87a8c4b3ba8957f0d8eb", "name": "IS 141 the Steinway", "category": "children-and-youth", "source": "facdb", "is_coad_member": false }, "geometry": { "type": "Point", "coordinates": [ -73.904561, 40.775766 ] } },
{ "type": "Feature", "properties": { "resource_id": "facdb:e70a228ec895e29a26aa205041f23441", "name": "Dutch Kills Playground", "category": "parks-and-environment", "source": "facdb", "is_coad_member": false }, "geometry": { "type": "Point", "coordinates": [ -73.933249, 40.757245 ] } },
{ "type": "Feature", "properties": { "resource_id": "facdb:e759914c4b31d7daee031e88ba50f04a", "name": "Salvation Army : the Salvation Army Astoria Corps", "category": "food-assistance", "source": "facdb", "is_coad_member": false }, "geometry": { "type": "Point", "coordinates": [ -73.91456, 40.756633 ] } },
{ "type": "Feature", "properties": { "resource_id": "facdb:e781af535b4791d5a54f8499be249020", "name": "Jacob a Riis Neighborhood Settlement", "category": "education-and-jobs", "source": "facdb", "is_coad_member": false }, "geometry": { "type": "Point", "coordinates": [ -73.930101, 40.766091 ] } },
{ "type": "Feature", "properties": { "resource_id": "facdb:e7b536f1ef4273c73263ac17c56e5f45", "name": "Ravenswood", "category": "libraries-and-community", "source": "facdb", "is_coad_member": false }, "geometry": { "type": "Point", "coordinates": [ -73.936661, 40.760513 ] } },
{ "type": "Feature", "properties": { "resource_id": "facdb:e7cca25235e9c0e8e4dac00145856097", "name": "Bright Beginnings Day Camp", "category": "children-and-youth", "source": "facdb", "is_coad_member": false }, "geometry": { "type": "Point", "coordinates": [ -73.907385, 40.760086 ] } },
{ "type": "Feature", "properties": { "resource_id": "facdb:e7d24b68708bb3ad9af5d4f21b5cc73b", "name": "Abingdon Theatre Company", "category": "libraries-and-community", "source": "facdb", "is_coad_member": false }, "geometry": { "type": "Point", "coordinates": [ -73.92444, 40.76268 ] } },
{ "type": "Feature", "properties": { "resource_id": "facdb:e81d5a5c0b5eb900a1e97e852544b45f", "name": "Center for the Integration and Advancement of New Americans", "category": "children-and-youth", "source": "facdb", "is_coad_member": false }, "geometry": { "type": "Point", "coordinates": [ -73.920372, 40.767486 ] } },
{ "type": "Feature", "properties": { "resource_id": "facdb:e829e29c0eab8f3cdebc849968f6ca26", "name": "Queensboro Bridge", "category": "parks-and-environment", "source": "facdb", "is_coad_member": false }, "geometry": { "type": "Point", "coordinates": [ -73.950721, 40.755199 ] } },
{ "type": "Feature", "properties": { "resource_id": "facdb:e881710c633de4f891591fd806b0b1a9", "name": "Ravenswood", "category": "libraries-and-community", "source": "facdb", "is_coad_member": false }, "geometry": { "type": "Point", "coordinates": [ -73.936661, 40.760513 ] } },
{ "type": "Feature", "properties": { "resource_id": "facdb:e89c72c12aba2a28a54bae0c829c92c4", "name": "Variety Boys and Girls Club of Queens Inc", "category": "children-and-youth", "source": "facdb", "is_coad_member": false }, "geometry": { "type": "Point", "coordinates": [ -73.928133, 40.768535 ] } },
{ "type": "Feature", "properties": { "resource_id": "facdb:e9df2f496b6f39f5389563c7362f3955", "name": "Long Island City High School (30Q450)", "category": "benefits-and-legal", "source": "facdb", "is_coad_member": false }, "geometry": { "type": "Point", "coordinates": [ -73.933107, 40.765531 ] } },
{ "type": "Feature", "properties": { "resource_id": "facdb:ea5a121e07db03aa203e5cc1e5b8850a", "name": "Vets Inc", "category": "children-and-youth", "source": "facdb", "is_coad_member": false }, "geometry": { "type": "Point", "coordinates": [ -73.94214, 40.755997 ] } },
{ "type": "Feature", "properties": { "resource_id": "facdb:eb60390bf9e3ac0e288472720d921311", "name": "Queensbridge", "category": "libraries-and-community", "source": "facdb", "is_coad_member": false }, "geometry": { "type": "Point", "coordinates": [ -73.944305, 40.75518 ] } },
{ "type": "Feature", "properties": { "resource_id": "facdb:ebc6d61f98b1019031c74506d226a3aa", "name": "City Growers Inc", "category": "children-and-youth", "source": "facdb", "is_coad_member": false }, "geometry": { "type": "Point", "coordinates": [ -73.925413, 40.751931 ] } },
{ "type": "Feature", "properties": { "resource_id": "facdb:ebeb1619bda86c2b1846072fb60ac834", "name": "Refugee and Immigrant Service Center", "category": "education-and-jobs", "source": "facdb", "is_coad_member": false }, "geometry": { "type": "Point", "coordinates": [ -73.931042, 40.751635 ] } },
{ "type": "Feature", "properties": { "resource_id": "facdb:ec075121d9fb2ef83f7d487f48ab4fe4", "name": "Queensbridges South", "category": "children-and-youth", "source": "facdb", "is_coad_member": false }, "geometry": { "type": "Point", "coordinates": [ -73.943313, 40.753512 ] } },
{ "type": "Feature", "properties": { "resource_id": "facdb:ecf446ea1676da79add3d3cc060661d2", "name": "Woodside Community Center", "category": "children-and-youth", "source": "facdb", "is_coad_member": false }, "geometry": { "type": "Point", "coordinates": [ -73.910418, 40.75533 ] } },
{ "type": "Feature", "properties": { "resource_id": "facdb:ed67c427e5d2c0fe73dae692e3fcc40f", "name": "Wide Eyed Productions", "category": "libraries-and-community", "source": "facdb", "is_coad_member": false }, "geometry": { "type": "Point", "coordinates": [ -73.917894, 40.772081 ] } },
{ "type": "Feature", "properties": { "resource_id": "facdb:edc77c0daff0a0329c685deb5f8e96c7", "name": "Jacob a Riis Neighborhood Settlement", "category": "children-and-youth", "source": "facdb", "is_coad_member": false }, "geometry": { "type": "Point", "coordinates": [ -73.944521, 40.755594 ] } },
{ "type": "Feature", "properties": { "resource_id": "facdb:edf005951fc37e1c4566ffb079afeb77", "name": "Astoria (1)", "category": "children-and-youth", "source": "facdb", "is_coad_member": false }, "geometry": { "type": "Point", "coordinates": [ -73.936874, 40.772748 ] } },
{ "type": "Feature", "properties": { "resource_id": "facdb:ee6db3ec574fc1927121a0981f6aea0b", "name": "Long Island Gay and Lesbian Youth, Inc.", "category": "children-and-youth", "source": "facdb", "is_coad_member": false }, "geometry": { "type": "Point", "coordinates": [ -73.925413, 40.751931 ] } },
{ "type": "Feature", "properties": { "resource_id": "facdb:eed469748210a86ea06932ae56ec6f79", "name": "Sitting Area", "category": "parks-and-environment", "source": "facdb", "is_coad_member": false }, "geometry": { "type": "Point", "coordinates": [ -73.923038, 40.776029 ] } },
{ "type": "Feature", "properties": { "resource_id": "facdb:eee7fc6401c2a3b1e788043dd0c32aa5", "name": "Astoria Park Playground", "category": "children-and-youth", "source": "facdb", "is_coad_member": false }, "geometry": { "type": "Point", "coordinates": [ -73.92946, 40.772435 ] } },
{ "type": "Feature", "properties": { "resource_id": "facdb:f079a026f8eceeeabdbd1b27e34a786c", "name": "Riis Academy-Queensbridge", "category": "children-and-youth", "source": "facdb", "is_coad_member": false }, "geometry": { "type": "Point", "coordinates": [ -73.944521, 40.755594 ] } },
{ "type": "Feature", "properties": { "resource_id": "facdb:f16b9c3d0377dbf5c740504c8c99f99f", "name": "Miami Ad School New York", "category": "education-and-jobs", "source": "facdb", "is_coad_member": false }, "geometry": { "type": "Point", "coordinates": [ -73.925377, 40.754994 ] } },
{ "type": "Feature", "properties": { "resource_id": "facdb:f2340989abe91bfdf15d184ec357dd95", "name": "Ravenswood Community Center", "category": "children-and-youth", "source": "facdb", "is_coad_member": false }, "geometry": { "type": "Point", "coordinates": [ -73.936661, 40.760513 ] } },
{ "type": "Feature", "properties": { "resource_id": "facdb:f346d2b98f088a894fa66b9939de51fc", "name": "Queens Library-Broadway", "category": "children-and-youth", "source": "facdb", "is_coad_member": false }, "geometry": { "type": "Point", "coordinates": [ -73.918625, 40.758534 ] } },
{ "type": "Feature", "properties": { "resource_id": "facdb:f392247e052c982009d7c8bd5243310d", "name": "Salvation Army : the Salvation Army Astoria Corps", "category": "food-assistance", "source": "facdb", "is_coad_member": false }, "geometry": { "type": "Point", "coordinates": [ -73.91456, 40.756633 ] } },
{ "type": "Feature", "properties": { "resource_id": "facdb:f41aac431096e3112bad8c4dfd676558", "name": "Two Coves Community Garden", "category": "parks-and-environment", "source": "facdb", "is_coad_member": false }, "geometry": { "type": "Point", "coordinates": [ -73.932353, 40.772375 ] } },
{ "type": "Feature", "properties": { "resource_id": "facdb:f4473e66b0b267df310f51933d533ef5", "name": "PS 85Q", "category": "children-and-youth", "source": "facdb", "is_coad_member": false }, "geometry": { "type": "Point", "coordinates": [ -73.914978, 40.77308 ] } },
{ "type": "Feature", "properties": { "resource_id": "facdb:f4bfb591f2bccba183723efbd0601440", "name": "Lit Fund Incorporated", "category": "libraries-and-community", "source": "facdb", "is_coad_member": false }, "geometry": { "type": "Point", "coordinates": [ -73.918059, 40.776096 ] } },
{ "type": "Feature", "properties": { "resource_id": "facdb:f4e3e6225a7035511cfcae9a7f43e87c", "name": "Drama Club Inc", "category": "children-and-youth", "source": "facdb", "is_coad_member": false }, "geometry": { "type": "Point", "coordinates": [ -73.929183, 40.751763 ] } },
{ "type": "Feature", "properties": { "resource_id": "facdb:f5564bbdded26894331fb4e7b80697b3", "name": "Community Mediation Services, Inc.", "category": "benefits-and-legal", "source": "facdb", "is_coad_member": false }, "geometry": { "type": "Point", "coordinates": [ -73.944575, 40.75488 ] } },
{ "type": "Feature", "properties": { "resource_id": "facdb:f58c846ffa073c563540bdd7d026db75", "name": "Steinway House", "category": "parks-and-environment", "source": "facdb", "is_coad_member": false }, "geometry": { "type": "Point", "coordinates": [ -73.897079, 40.778771 ] } },
{ "type": "Feature", "properties": { "resource_id": "facdb:f5edc818e4e72f3ca84f8f7c381b3132", "name": "The Floating Hospital", "category": "health-care", "source": "facdb", "is_coad_member": false }, "geometry": { "type": "Point", "coordinates": [ -73.944305, 40.75518 ] } },
{ "type": "Feature", "properties": { "resource_id": "facdb:f6f1a7188576b69798e98a0107afb5e1", "name": "Theatron, Inc.", "category": "libraries-and-community", "source": "facdb", "is_coad_member": false }, "geometry": { "type": "Point", "coordinates": [ -73.919963, 40.758785 ] } },
{ "type": "Feature", "properties": { "resource_id": "facdb:f76d6bce37c8db8548769a04a9e82fc7", "name": "Triborough Bridge Playground C", "category": "parks-and-environment", "source": "facdb", "is_coad_member": false }, "geometry": { "type": "Point", "coordinates": [ -73.922239, 40.773978 ] } },
{ "type": "Feature", "properties": { "resource_id": "facdb:f7c68db47ac8c39055d2a148f4153599", "name": "Hallets Cove Playground", "category": "parks-and-environment", "source": "facdb", "is_coad_member": false }, "geometry": { "type": "Point", "coordinates": [ -73.935988, 40.772833 ] } },
{ "type": "Feature", "properties": { "resource_id": "facdb:f8098018d7ab83af7c8dcc39589891cf", "name": "Community Mediation Services, Inc.", "category": "benefits-and-legal", "source": "facdb", "is_coad_member": false }, "geometry": { "type": "Point", "coordinates": [ -73.944575, 40.75488 ] } },
{ "type": "Feature", "properties": { "resource_id": "facdb:f9a4210430a2a3978cd2b9fff506c479", "name": "Queensbridge North Community Center", "category": "children-and-youth", "source": "facdb", "is_coad_member": false }, "geometry": { "type": "Point", "coordinates": [ -73.944521, 40.755594 ] } },
{ "type": "Feature", "properties": { "resource_id": "facdb:f9aa18c41d1fc6047120ba8c9d340556", "name": "Isamu Noguchi Foundation and Garden Museum", "category": "libraries-and-community", "source": "facdb", "is_coad_member": false }, "geometry": { "type": "Point", "coordinates": [ -73.937653, 40.766963 ] } },
{ "type": "Feature", "properties": { "resource_id": "facdb:faee5f88f9da0c9dcc116babc80d0b86", "name": "Serious Fun After School Inc", "category": "children-and-youth", "source": "facdb", "is_coad_member": false }, "geometry": { "type": "Point", "coordinates": [ -73.922665, 40.768163 ] } },
{ "type": "Feature", "properties": { "resource_id": "facdb:fc08e956d59d7027ec982934ac1b9e1c", "name": "Astoria", "category": "libraries-and-community", "source": "facdb", "is_coad_member": false }, "geometry": { "type": "Point", "coordinates": [ -73.936258, 40.772503 ] } },
{ "type": "Feature", "properties": { "resource_id": "facdb:fcc4da2e3a19c3603385ebee093fffc8", "name": "The Greater Ridgewood Youth Council Inc", "category": "children-and-youth", "source": "facdb", "is_coad_member": false }, "geometry": { "type": "Point", "coordinates": [ -73.932633, 40.756549 ] } },
{ "type": "Feature", "properties": { "resource_id": "facdb:fceeb46f6aa6355140f54627b40cb650", "name": "Queens Library-Astoria", "category": "children-and-youth", "source": "facdb", "is_coad_member": false }, "geometry": { "type": "Point", "coordinates": [ -73.928724, 40.772389 ] } },
{ "type": "Feature", "properties": { "resource_id": "facdb:fdc6a81a5e3e69c1a937c84689b7d7c8", "name": "Hanac Inc", "category": "children-and-youth", "source": "facdb", "is_coad_member": false }, "geometry": { "type": "Point", "coordinates": [ -73.933724, 40.773357 ] } },
{ "type": "Feature", "properties": { "resource_id": "facdb:fe3368776b8bd026fc4452b281078e8c", "name": "Personal-Touch Home Care of N.Y. Inc.", "category": "older-adults", "source": "facdb", "is_coad_member": false }, "geometry": { "type": "Point", "coordinates": [ -73.929255, 40.75487 ] } },
{ "type": "Feature", "properties": { "resource_id": "facdb:fee18a3477f5ed690cbb507e5f6c4b0d", "name": "Grace Fellowship Chapel", "category": "children-and-youth", "source": "facdb", "is_coad_member": false }, "geometry": { "type": "Point", "coordinates": [ -73.919682, 40.750568 ] } },
{ "type": "Feature", "properties": { "resource_id": "facdb:ffc30e6895695e86720479be4bf9c484", "name": "Hanac Inc", "category": "children-and-youth", "source": "facdb", "is_coad_member": false }, "geometry": { "type": "Point", "coordinates": [ -73.933724, 40.773357 ] } },
{ "type": "Feature", "properties": { "resource_id": "qnpd:ansob-center-for-refugees--1", "name": "Ansob Center for Refugees", "category": "benefits-and-legal", "source": "qnpd", "is_coad_member": false }, "geometry": { "type": "Point", "coordinates": [ -73.91393, 40.764851 ] } },
{ "type": "Feature", "properties": { "resource_id": "qnpd:ansob-center-for-refugees--2", "name": "Ansob Center for Refugees", "category": "education-and-jobs", "source": "qnpd", "is_coad_member": false }, "geometry": { "type": "Point", "coordinates": [ -73.91393, 40.764851 ] } },
{ "type": "Feature", "properties": { "resource_id": "qnpd:ansob-center-for-refugees--3", "name": "Ansob Center for Refugees", "category": "immigration-and-language", "source": "qnpd", "is_coad_member": false }, "geometry": { "type": "Point", "coordinates": [ -73.899727, 40.777209 ] } },
{ "type": "Feature", "properties": { "resource_id": "qnpd:astoria-film-festival-inc", "name": "Astoria Film Festival Inc", "category": "children-and-youth", "source": "qnpd", "is_coad_member": false }, "geometry": { "type": "Point", "coordinates": [ -73.934789, 40.764054 ] } },
{ "type": "Feature", "properties": { "resource_id": "qnpd:astoria-woodworkers-collective-inc", "name": "Astoria Woodworkers Collective, Inc.", "category": "libraries-and-community", "source": "qnpd", "is_coad_member": false }, "geometry": { "type": "Point", "coordinates": [ -73.929793, 40.771868 ] } },
{ "type": "Feature", "properties": { "resource_id": "qnpd:dance-entropy-inc", "name": "Dance Entropy Inc.", "category": "libraries-and-community", "source": "qnpd", "is_coad_member": false }, "geometry": { "type": "Point", "coordinates": [ -73.936426, 40.756722 ] } },
{ "type": "Feature", "properties": { "resource_id": "qnpd:green-space-dance-entropy-inc", "name": "Green Space (Dance Entropy Inc.)", "category": "libraries-and-community", "source": "qnpd", "is_coad_member": false }, "geometry": { "type": "Point", "coordinates": [ -73.936426, 40.756722 ] } },
{ "type": "Feature", "properties": { "resource_id": "qnpd:groove-nyc-org", "name": "GROOVE NYC Org", "category": "education-and-jobs", "source": "qnpd", "is_coad_member": false }, "geometry": { "type": "Point", "coordinates": [ -73.917237, 40.760177 ] } },
{ "type": "Feature", "properties": { "resource_id": "qnpd:hellenic-film-society", "name": "Hellenic Film Society", "category": "libraries-and-community", "source": "qnpd", "is_coad_member": false }, "geometry": { "type": "Point", "coordinates": [ -73.921724, 40.760547 ] } },
{ "type": "Feature", "properties": { "resource_id": "qnpd:hour-children-inc", "name": "Hour Children, Inc.", "category": "benefits-and-legal", "source": "qnpd", "is_coad_member": false }, "geometry": { "type": "Point", "coordinates": [ -73.93915, 40.76034 ] } },
{ "type": "Feature", "properties": { "resource_id": "qnpd:indiespace", "name": "IndieSpace", "category": "libraries-and-community", "source": "qnpd", "is_coad_member": false }, "geometry": { "type": "Point", "coordinates": [ -73.906672, 40.762422 ] } },
{ "type": "Feature", "properties": { "resource_id": "qnpd:ionian-cultural-federation-of-america", "name": "Ionian Cultural Federation of America", "category": "libraries-and-community", "source": "qnpd", "is_coad_member": false }, "geometry": { "type": "Point", "coordinates": [ -73.908966, 40.77017 ] } },
{ "type": "Feature", "properties": { "resource_id": "qnpd:jacob-a-riis-neighborhood-settlement--1", "name": "Jacob A. Riis Neighborhood Settlement", "category": "government-offices", "source": "qnpd", "is_coad_member": false }, "geometry": { "type": "Point", "coordinates": [ -73.944516, 40.755612 ] } },
{ "type": "Feature", "properties": { "resource_id": "qnpd:jacob-a-riis-neighborhood-settlement--2", "name": "Jacob A. Riis Neighborhood Settlement", "category": "benefits-and-legal", "source": "qnpd", "is_coad_member": false }, "geometry": { "type": "Point", "coordinates": [ -73.944516, 40.755612 ] } },
{ "type": "Feature", "properties": { "resource_id": "qnpd:long-island-city-partnership", "name": "Long Island City Partnership", "category": "government-offices", "source": "qnpd", "is_coad_member": false }, "geometry": { "type": "Point", "coordinates": [ -73.938658, 40.75085 ] } },
{ "type": "Feature", "properties": { "resource_id": "qnpd:mission-to-end-modern-slavery-mems", "name": "Mission to End Modern Slavery (MEMS)", "category": "benefits-and-legal", "source": "qnpd", "is_coad_member": false }, "geometry": { "type": "Point", "coordinates": [ -73.929178, 40.75176 ] } },
{ "type": "Feature", "properties": { "resource_id": "qnpd:projekt-nyc", "name": "Projekt NYC", "category": "education-and-jobs", "source": "qnpd", "is_coad_member": false }, "geometry": { "type": "Point", "coordinates": [ -73.906402, 40.7605 ] } },
{ "type": "Feature", "properties": { "resource_id": "qnpd:rgi-alakdan-new-york-inc", "name": "RGI Alakdan New York, Inc.", "category": "benefits-and-legal", "source": "qnpd", "is_coad_member": false }, "geometry": { "type": "Point", "coordinates": [ -73.901544, 40.775242 ] } },
{ "type": "Feature", "properties": { "resource_id": "qnpd:rock-rising-inc", "name": "Rock Rising, Inc.", "category": "libraries-and-community", "source": "qnpd", "is_coad_member": false }, "geometry": { "type": "Point", "coordinates": [ -73.924925, 40.760771 ] } },
{ "type": "Feature", "properties": { "resource_id": "qnpd:the-chocolate-factory-theater", "name": "The Chocolate Factory Theater", "category": "libraries-and-community", "source": "qnpd", "is_coad_member": false }, "geometry": { "type": "Point", "coordinates": [ -73.937189, 40.755239 ] } },
{ "type": "Feature", "properties": { "resource_id": "qnpd:the-steven-spectrum-career-project", "name": "The Steven Spectrum Career Project", "category": "education-and-jobs", "source": "qnpd", "is_coad_member": false }, "geometry": { "type": "Point", "coordinates": [ -73.939556, 40.752764 ] } },
{ "type": "Feature", "properties": { "resource_id": "qnpd:urban-upbound--1", "name": "Urban Upbound", "category": "benefits-and-legal", "source": "qnpd", "is_coad_member": false }, "geometry": { "type": "Point", "coordinates": [ -73.94214, 40.755997 ] } },
{ "type": "Feature", "properties": { "resource_id": "qnpd:urban-upbound--2", "name": "Urban Upbound", "category": "education-and-jobs", "source": "qnpd", "is_coad_member": false }, "geometry": { "type": "Point", "coordinates": [ -73.94214, 40.755997 ] } },
{ "type": "Feature", "properties": { "resource_id": "qnpd:urban-upbound--3", "name": "Urban Upbound", "category": "children-and-youth", "source": "qnpd", "is_coad_member": false }, "geometry": { "type": "Point", "coordinates": [ -73.94214, 40.755997 ] } },
{ "type": "Feature", "properties": { "resource_id": "qnpd:witness-to-mass-incarceration", "name": "Witness to Mass Incarceration", "category": "children-and-youth", "source": "qnpd", "is_coad_member": false }, "geometry": { "type": "Point", "coordinates": [ -73.926241, 40.753308 ] } },
{ "type": "Feature", "properties": { "resource_id": "qnpd:young-invincibles", "name": "Young Invincibles", "category": "children-and-youth", "source": "qnpd", "is_coad_member": false }, "geometry": { "type": "Point", "coordinates": [ -73.9121, 40.779497 ] } }
]
}
