{
"type": "FeatureCollection",
"name": "q07",
"features": [
{ "type": "Feature", "properties": { "resource_id": "facdb:0249b89f6eecd87dc4d84a94d94f2410", "name": "Chinese American Planning Council Inc", "category": "older-adults", "source": "facdb", "is_coad_member": false }, "geometry": { "type": "Point", "coordinates": [ -73.831267, 40.757179 ] } },
{ "type": "Feature", "properties": { "resource_id": "facdb:0267ac6cc470f289bed223ed540e0580", "name": "St. George's Church", "category": "parks-and-environment", "source": "facdb", "is_coad_member": false }, "geometry": { "type": "Point", "coordinates": [ -73.831199, 40.760356 ] } },
{ "type": "Feature", "properties": { "resource_id": "facdb:02691cb957458bb9a52a798a2ea7bee7", "name": "The Young Womens Christian Association of Queens", "category": "children-and-youth", "source": "facdb", "is_coad_member": false }, "geometry": { "type": "Point", "coordinates": [ -73.818795, 40.758053 ] } },
{ "type": "Feature", "properties": { "resource_id": "facdb:02efc06e45ac01056678a69138ffa79c", "name": "P.S. 22 Thomas Jefferson", "category": "children-and-youth", "source": "facdb", "is_coad_member": false }, "geometry": { "type": "Point", "coordinates": [ -73.810934, 40.761792 ] } },
{ "type": "Feature", "properties": { "resource_id": "facdb:03f561ef1340f3d4820c69a34c9df260", "name": "The Child Center of NY Inc", "category": "children-and-youth", "source": "facdb", "is_coad_member": false }, "geometry": { "type": "Point", "coordinates": [ -73.821447, 40.749536 ] } },
{ "type": "Feature", "properties": { "resource_id": "facdb:04cb9d4e0f73c4a27f227058144fdda3", "name": "James A. Bland Playground", "category": "parks-and-environment", "source": "facdb", "is_coad_member": false }, "geometry": { "type": "Point", "coordinates": [ -73.831132, 40.758271 ] } },
{ "type": "Feature", "properties": { "resource_id": "facdb:057866c313a9d5c980c21d6f6fb47577", "name": "Living Faith Com Church Vbs", "category": "children-and-youth", "source": "facdb", "is_coad_member": false }, "geometry": { "type": "Point", "coordinates": [ -73.794436, 40.758092 ] } },
{ "type": "Feature", "properties": { "resource_id": "facdb:057e4cdc9704dd86391e23539e471711", "name": "Shield of David Inc", "category": "health-care", "source": "facdb", "is_coad_member": false }, "geometry": { "type": "Point", "coordinates": [ -73.82005, 40.762666 ] } },
{ "type": "Feature", "properties": { "resource_id": "facdb:06371e639161cba4a4e10679d1be8c7e", "name": "Dancing Dreams", "category": "children-and-youth", "source": "facdb", "is_coad_member": false }, "geometry": { "type": "Point", "coordinates": [ -73.783596, 40.776967 ] } },
{ "type": "Feature", "properties": { "resource_id": "facdb:068afdc547ab78ddb41b66dad7a27a4d", "name": "Queens Historical Society", "category": "libraries-and-community", "source": "facdb", "is_coad_member": false }, "geometry": { "type": "Point", "coordinates": [ -73.824153, 40.763615 ] } },
{ "type": "Feature", "properties": { "resource_id": "facdb:093b1b0c4a0ac49fae3c843a18549b38", "name": "Simple Joy Summer Camp", "category": "children-and-youth", "source": "facdb", "is_coad_member": false }, "geometry": { "type": "Point", "coordinates": [ -73.801059, 40.759321 ] } },
{ "type": "Feature", "properties": { "resource_id": "facdb:096339484eb08e2448ec2dd96652d96d", "name": "East-West School of International Studies", "category": "children-and-youth", "source": "facdb", "is_coad_member": false }, "geometry": { "type": "Point", "coordinates": [ -73.821447, 40.749536 ] } },
{ "type": "Feature", "properties": { "resource_id": "facdb:0ac0207ebc25927a5e16996888f169e3", "name": "Show Woodhull Mobile Van Extension Clinic", "category": "health-care", "source": "facdb", "is_coad_member": false }, "geometry": { "type": "Point", "coordinates": [ -73.83443, 40.78741 ] } },
{ "type": "Feature", "properties": { "resource_id": "facdb:0ad41b54a2388ffe04ef3e325e9d9cce", "name": "Intercultural Alliance of Artists & Scholars, Inc.", "category": "libraries-and-community", "source": "facdb", "is_coad_member": false }, "geometry": { "type": "Point", "coordinates": [ -73.827874, 40.771167 ] } },
{ "type": "Feature", "properties": { "resource_id": "facdb:0c235c1a0cfaeeab68e5f60886a36a82", "name": "NYC Parks-Kissena Park", "category": "children-and-youth", "source": "facdb", "is_coad_member": false }, "geometry": { "type": "Point", "coordinates": [ -73.802955, 40.749771 ] } },
{ "type": "Feature", "properties": { "resource_id": "facdb:0c51ef4edfaabdf46fbae5654456e8d3", "name": "Zoni Language Centers - Flushing, Ll", "category": "education-and-jobs", "source": "facdb", "is_coad_member": false }, "geometry": { "type": "Point", "coordinates": [ -73.831349, 40.760877 ] } },
{ "type": "Feature", "properties": { "resource_id": "facdb:0cfbbebf0f41f0fe440bc102594a2c0e", "name": "The Boys Club of New York Inc", "category": "children-and-youth", "source": "facdb", "is_coad_member": false }, "geometry": { "type": "Point", "coordinates": [ -73.831358, 40.756768 ] } },
{ "type": "Feature", "properties": { "resource_id": "facdb:0d6d36a026a3785786deb557d38e14a2", "name": "Greater Flushing Community Council Inc", "category": "children-and-youth", "source": "facdb", "is_coad_member": false }, "geometry": { "type": "Point", "coordinates": [ -73.805169, 40.750146 ] } },
{ "type": "Feature", "properties": { "resource_id": "facdb:0e18d5f24d7aada30769753cf69849c8", "name": "Bay Terrace", "category": "libraries-and-community", "source": "facdb", "is_coad_member": false }, "geometry": { "type": "Point", "coordinates": [ -73.777015, 40.782536 ] } },
{ "type": "Feature", "properties": { "resource_id": "facdb:0eb0a13d3378a4e2e4ae5bc84341b666", "name": "Chinese American Planning Council Inc", "category": "children-and-youth", "source": "facdb", "is_coad_member": false }, "geometry": { "type": "Point", "coordinates": [ -73.826737, 40.764994 ] } },
{ "type": "Feature", "properties": { "resource_id": "facdb:0ecaefa4f5ab76a2765b4d127662cfa2", "name": "Alexander Grey Triangle", "category": "parks-and-environment", "source": "facdb", "is_coad_member": false }, "geometry": { "type": "Point", "coordinates": [ -73.813751, 40.79518 ] } },
{ "type": "Feature", "properties": { "resource_id": "facdb:115d00dcae87e8a54ccf0f1a8f5517ab", "name": "Korean Traditional Marching Band, Inc.", "category": "libraries-and-community", "source": "facdb", "is_coad_member": false }, "geometry": { "type": "Point", "coordinates": [ -73.804332, 40.755729 ] } },
{ "type": "Feature", "properties": { "resource_id": "facdb:11d3248b40bdedb521bcc86b5e3c0a7a", "name": "South Asian Council for Social Services", "category": "children-and-youth", "source": "facdb", "is_coad_member": false }, "geometry": { "type": "Point", "coordinates": [ -73.818022, 40.753855 ] } },
{ "type": "Feature", "properties": { "resource_id": "facdb:11e94a117d7ff837835bb2f16f1a68b2", "name": "P.S. 24 Andrew Jackson", "category": "children-and-youth", "source": "facdb", "is_coad_member": false }, "geometry": { "type": "Point", "coordinates": [ -73.817883, 40.751876 ] } },
{ "type": "Feature", "properties": { "resource_id": "facdb:123e9a9be6549022200ef49c5ad5456a", "name": "Lewis H Latimer House", "category": "parks-and-environment", "source": "facdb", "is_coad_member": false }, "geometry": { "type": "Point", "coordinates": [ -73.82952, 40.766072 ] } },
{ "type": "Feature", "properties": { "resource_id": "facdb:12a26cc68ff7a9d352be46800ce26e3a", "name": "Chinese American Planning Council Inc", "category": "children-and-youth", "source": "facdb", "is_coad_member": false }, "geometry": { "type": "Point", "coordinates": [ -73.818278, 40.760086 ] } },
{ "type": "Feature", "properties": { "resource_id": "facdb:12f9ad95f1a7100bbe3ae67f2da79089", "name": "Auburndale", "category": "libraries-and-community", "source": "facdb", "is_coad_member": false }, "geometry": { "type": "Point", "coordinates": [ -73.79635, 40.773759 ] } },
{ "type": "Feature", "properties": { "resource_id": "facdb:135fcae8c58f6658d678a75eabeb238d", "name": "Murray Hill Playground", "category": "parks-and-environment", "source": "facdb", "is_coad_member": false }, "geometry": { "type": "Point", "coordinates": [ -73.810934, 40.761792 ] } },
{ "type": "Feature", "properties": { "resource_id": "facdb:14a0a05fcb5e1354be00d97b9bdf112e", "name": "Whitestone", "category": "libraries-and-community", "source": "facdb", "is_coad_member": false }, "geometry": { "type": "Point", "coordinates": [ -73.810719, 40.788538 ] } },
{ "type": "Feature", "properties": { "resource_id": "facdb:15528f105baf41d4c6816f4148ae7cf7", "name": "NY Nail School", "category": "education-and-jobs", "source": "facdb", "is_coad_member": false }, "geometry": { "type": "Point", "coordinates": [ -73.827612, 40.760704 ] } },
{ "type": "Feature", "properties": { "resource_id": "facdb:15d38e73b73eb17ec9fec37e171266f2", "name": "Flushing High School", "category": "children-and-youth", "source": "facdb", "is_coad_member": false }, "geometry": { "type": "Point", "coordinates": [ -73.826737, 40.764994 ] } },
{ "type": "Feature", "properties": { "resource_id": "facdb:1772d06a7feeeccdd6059ad5564ef5e7", "name": "Latimer Gardens Community Center", "category": "children-and-youth", "source": "facdb", "is_coad_member": false }, "geometry": { "type": "Point", "coordinates": [ -73.830386, 40.765953 ] } },
{ "type": "Feature", "properties": { "resource_id": "facdb:1799c3ce94d20b887d1939680e75bef5", "name": "Kcs Mental Health Clinic", "category": "mental-health-and-recovery", "source": "facdb", "is_coad_member": false }, "geometry": { "type": "Point", "coordinates": [ -73.804371, 40.75978 ] } },
{ "type": "Feature", "properties": { "resource_id": "facdb:17b665db4aec53adfa20fde55347cc71", "name": "YMCA of Greater New York", "category": "children-and-youth", "source": "facdb", "is_coad_member": false }, "geometry": { "type": "Point", "coordinates": [ -73.826393, 40.763913 ] } },
{ "type": "Feature", "properties": { "resource_id": "facdb:18c0224ea0560ff03c1c393f526bd2ba", "name": "Samuel Field YM & YWHA Inc", "category": "children-and-youth", "source": "facdb", "is_coad_member": false }, "geometry": { "type": "Point", "coordinates": [ -73.778474, 40.782477 ] } },
{ "type": "Feature", "properties": { "resource_id": "facdb:1948ba31c21bacc79ecc2578210bfeb2", "name": "McGoldrick", "category": "libraries-and-community", "source": "facdb", "is_coad_member": false }, "geometry": { "type": "Point", "coordinates": [ -73.809835, 40.763755 ] } },
{ "type": "Feature", "properties": { "resource_id": "facdb:19cce12d798484bf808e5e996f59a4dc", "name": "Faith Summer Day Camp", "category": "children-and-youth", "source": "facdb", "is_coad_member": false }, "geometry": { "type": "Point", "coordinates": [ -73.810848, 40.76277 ] } },
{ "type": "Feature", "properties": { "resource_id": "facdb:19ed95af6128f0773851ba9977c1353f", "name": "Oriental American Education 2", "category": "children-and-youth", "source": "facdb", "is_coad_member": false }, "geometry": { "type": "Point", "coordinates": [ -73.795825, 40.758034 ] } },
{ "type": "Feature", "properties": { "resource_id": "facdb:1aca1e03aaa388f26cda9b6e91bc916b", "name": "Antioch Summer Program", "category": "children-and-youth", "source": "facdb", "is_coad_member": false }, "geometry": { "type": "Point", "coordinates": [ -73.804496, 40.754515 ] } },
{ "type": "Feature", "properties": { "resource_id": "facdb:1afb1000b213e844f46c47e38ba776e2", "name": "Selfhelp Community Services Inc", "category": "older-adults", "source": "facdb", "is_coad_member": false }, "geometry": { "type": "Point", "coordinates": [ -73.830386, 40.765953 ] } },
{ "type": "Feature", "properties": { "resource_id": "facdb:1b95289d822cdac3aaeadbcbea0296e0", "name": "The Pavilion at Queens for Rehabilitation & Nursing", "category": "health-care", "source": "facdb", "is_coad_member": false }, "geometry": { "type": "Point", "coordinates": [ -73.822792, 40.764145 ] } },
{ "type": "Feature", "properties": { "resource_id": "facdb:1c68510ef904bf39c98dc95f80a9925f", "name": "Selfhelp Community Services, Inc.", "category": "older-adults", "source": "facdb", "is_coad_member": false }, "geometry": { "type": "Point", "coordinates": [ -73.820068, 40.751938 ] } },
{ "type": "Feature", "properties": { "resource_id": "facdb:1ce55a581906e53ce7ee37a492a22788", "name": "Muslim Center of NY", "category": "children-and-youth", "source": "facdb", "is_coad_member": false }, "geometry": { "type": "Point", "coordinates": [ -73.820448, 40.750816 ] } },
{ "type": "Feature", "properties": { "resource_id": "facdb:1e607f48d9d35d2fd78279bc38a78fa9", "name": "Grace Christian Alliance Church", "category": "children-and-youth", "source": "facdb", "is_coad_member": false }, "geometry": { "type": "Point", "coordinates": [ -73.831437, 40.768452 ] } },
{ "type": "Feature", "properties": { "resource_id": "facdb:1ec89dc656c9e927e3971c4e7c048d2c", "name": "Turtle Playground", "category": "parks-and-environment", "source": "facdb", "is_coad_member": false }, "geometry": { "type": "Point", "coordinates": [ -73.827432, 40.742139 ] } },
{ "type": "Feature", "properties": { "resource_id": "facdb:1f0b3ce48d0d12e8695504b921b37067", "name": "The Child Center of NY Inc", "category": "children-and-youth", "source": "facdb", "is_coad_member": false }, "geometry": { "type": "Point", "coordinates": [ -73.817883, 40.751876 ] } },
{ "type": "Feature", "properties": { "resource_id": "facdb:1f1ceba7bf04482e9a2121315028e9ce", "name": "Show Lincoln Mobile Van Extension Clinic 2", "category": "health-care", "source": "facdb", "is_coad_member": false }, "geometry": { "type": "Point", "coordinates": [ -73.834577, 40.787079 ] } },
{ "type": "Feature", "properties": { "resource_id": "facdb:1f418f60a2f143da48f9312d51278c82", "name": "Qsac Inc", "category": "disability-and-access", "source": "facdb", "is_coad_member": false }, "geometry": { "type": "Point", "coordinates": [ -73.81473, 40.790301 ] } },
{ "type": "Feature", "properties": { "resource_id": "facdb:203cdafbad6a3297fc740ccc4071ecca", "name": "The Bowne House Historical Society Inc", "category": "children-and-youth", "source": "facdb", "is_coad_member": false }, "geometry": { "type": "Point", "coordinates": [ -73.824892, 40.762892 ] } },
{ "type": "Feature", "properties": { "resource_id": "facdb:206842c9c524357691adaa825d2c3ac1", "name": "Francis Lewis Park", "category": "parks-and-environment", "source": "facdb", "is_coad_member": false }, "geometry": { "type": "Point", "coordinates": [ -73.825251, 40.79712 ] } },
{ "type": "Feature", "properties": { "resource_id": "facdb:209420eb60f706b2506e3a8c59c6cab8", "name": "Hindu Community Outreach, Inc.", "category": "children-and-youth", "source": "facdb", "is_coad_member": false }, "geometry": { "type": "Point", "coordinates": [ -73.816921, 40.752833 ] } },
{ "type": "Feature", "properties": { "resource_id": "facdb:223dc717315ffe0f7e800d7e27993293", "name": "P.S. 20 John Bowne", "category": "children-and-youth", "source": "facdb", "is_coad_member": false }, "geometry": { "type": "Point", "coordinates": [ -73.824031, 40.758462 ] } },
{ "type": "Feature", "properties": { "resource_id": "facdb:226fb0f5f651d8d394abfe5b24085f29", "name": "Selfhelp Community Services Inc", "category": "older-adults", "source": "facdb", "is_coad_member": false }, "geometry": { "type": "Point", "coordinates": [ -73.820068, 40.751938 ] } },
{ "type": "Feature", "properties": { "resource_id": "facdb:234c2e67b4c18a866b26e2b01ce6254c", "name": "Bay Terrace Playground", "category": "parks-and-environment", "source": "facdb", "is_coad_member": false }, "geometry": { "type": "Point", "coordinates": [ -73.777581, 40.782365 ] } },
{ "type": "Feature", "properties": { "resource_id": "facdb:24466dd6b23e2c324328d7cac964f241", "name": "Mall Eighteen", "category": "parks-and-environment", "source": "facdb", "is_coad_member": false }, "geometry": { "type": "Point", "coordinates": [ -73.84177, 40.783227 ] } },
{ "type": "Feature", "properties": { "resource_id": "facdb:2672aea8c9f74514c948c2c23626a350", "name": "The YWCA of Queens - Pantry", "category": "children-and-youth", "source": "facdb", "is_coad_member": false }, "geometry": { "type": "Point", "coordinates": [ -73.826914, 40.771506 ] } },
{ "type": "Feature", "properties": { "resource_id": "facdb:26d37666272a53f883a5ba2277659c8c", "name": "Asian Americans for Equality Inc", "category": "children-and-youth", "source": "facdb", "is_coad_member": false }, "geometry": { "type": "Point", "coordinates": [ -73.826737, 40.764994 ] } },
{ "type": "Feature", "properties": { "resource_id": "facdb:27c802cf8f109763f6de19bf8c4715db", "name": "The Child Center of NY Inc", "category": "children-and-youth", "source": "facdb", "is_coad_member": false }, "geometry": { "type": "Point", "coordinates": [ -73.818422, 40.774927 ] } },
{ "type": "Feature", "properties": { "resource_id": "facdb:27d6e47414c5dcd132d4c664806041c7", "name": "Bowne House Historical Society, Inc.", "category": "libraries-and-community", "source": "facdb", "is_coad_member": false }, "geometry": { "type": "Point", "coordinates": [ -73.824892, 40.762892 ] } },
{ "type": "Feature", "properties": { "resource_id": "facdb:299a3d20d065ec74a1a9721855c871d0", "name": "Council for Urban Employment", "category": "education-and-jobs", "source": "facdb", "is_coad_member": false }, "geometry": { "type": "Point", "coordinates": [ -73.829995, 40.760119 ] } },
{ "type": "Feature", "properties": { "resource_id": "facdb:299ef9c5024c9d9e9ce814acd03c24a5", "name": "Playground 115", "category": "parks-and-environment", "source": "facdb", "is_coad_member": false }, "geometry": { "type": "Point", "coordinates": [ -73.852611, 40.785226 ] } },
{ "type": "Feature", "properties": { "resource_id": "facdb:2a858efaecd5bc8db049f0ef89b8ba8e", "name": "P.S. 21 Edward Hart", "category": "children-and-youth", "source": "facdb", "is_coad_member": false }, "geometry": { "type": "Point", "coordinates": [ -73.818395, 40.774187 ] } },
{ "type": "Feature", "properties": { "resource_id": "facdb:2b26d6e36217b93c972039d3479b3454", "name": "The Child Center of NY Inc", "category": "children-and-youth", "source": "facdb", "is_coad_member": false }, "geometry": { "type": "Point", "coordinates": [ -73.826737, 40.764994 ] } },
{ "type": "Feature", "properties": { "resource_id": "facdb:2c2b8c4367a3883cb6a1d3bb729cf193", "name": "Charles B Wang Community Health Center Inc", "category": "health-care", "source": "facdb", "is_coad_member": false }, "geometry": { "type": "Point", "coordinates": [ -73.822223, 40.751652 ] } },
{ "type": "Feature", "properties": { "resource_id": "facdb:2d6dc3d979f5d035df4cd49ec257d072", "name": "Cliffside Renal Dialysis", "category": "health-care", "source": "facdb", "is_coad_member": false }, "geometry": { "type": "Point", "coordinates": [ -73.84833, 40.775446 ] } },
{ "type": "Feature", "properties": { "resource_id": "facdb:301a8ebc278c91e464b9b804c42cafca", "name": "Old Town of Flushing Burial Ground", "category": "parks-and-environment", "source": "facdb", "is_coad_member": false }, "geometry": { "type": "Point", "coordinates": [ -73.802306, 40.754625 ] } },
{ "type": "Feature", "properties": { "resource_id": "facdb:302da5ba623e94c052acf04c1ba08678", "name": "Show Belleuve Mobile Van Extension Clinic 1", "category": "health-care", "source": "facdb", "is_coad_member": false }, "geometry": { "type": "Point", "coordinates": [ -73.834577, 40.787079 ] } },
{ "type": "Feature", "properties": { "resource_id": "facdb:306bee8ce64a6c7a148fd5ba6463a2da", "name": "Bland", "category": "libraries-and-community", "source": "facdb", "is_coad_member": false }, "geometry": { "type": "Point", "coordinates": [ -73.832645, 40.758334 ] } },
{ "type": "Feature", "properties": { "resource_id": "facdb:319e8531f4cc5115063ce2c25f5fb563", "name": "Rogosin Kidney Center - Auburndale", "category": "health-care", "source": "facdb", "is_coad_member": false }, "geometry": { "type": "Point", "coordinates": [ -73.793956, 40.760908 ] } },
{ "type": "Feature", "properties": { "resource_id": "facdb:335d6064c6ff912f12454abfd232b069", "name": "Flushing Fields", "category": "parks-and-environment", "source": "facdb", "is_coad_member": false }, "geometry": { "type": "Point", "coordinates": [ -73.817167, 40.775968 ] } },
{ "type": "Feature", "properties": { "resource_id": "facdb:3371c0cb540fe1e0d13e4e7ea8536227", "name": "Waterview Nursing Care Center", "category": "health-care", "source": "facdb", "is_coad_member": false }, "geometry": { "type": "Point", "coordinates": [ -73.848275, 40.774176 ] } },
{ "type": "Feature", "properties": { "resource_id": "facdb:343f3a6c372ebb080a2784f50485c400", "name": "Woodcrest Rehabilitation & Residential Health Care Center., LLC", "category": "health-care", "source": "facdb", "is_coad_member": false }, "geometry": { "type": "Point", "coordinates": [ -73.848516, 40.774917 ] } },
{ "type": "Feature", "properties": { "resource_id": "facdb:34e4fc0819da276e6e87be99b36e0c82", "name": "Broadway-Flushing Historic District", "category": "parks-and-environment", "source": "facdb", "is_coad_member": false }, "geometry": { "type": "Point", "coordinates": [ -73.801594, 40.766609 ] } },
{ "type": "Feature", "properties": { "resource_id": "facdb:37e47a6feac468c57bfe5f0269e29c20", "name": "Poppenhusen Park", "category": "parks-and-environment", "source": "facdb", "is_coad_member": false }, "geometry": { "type": "Point", "coordinates": [ -73.845821, 40.787861 ] } },
{ "type": "Feature", "properties": { "resource_id": "facdb:37f28666bc6e2f5a78a7c38167947a89", "name": "Campus Education", "category": "education-and-jobs", "source": "facdb", "is_coad_member": false }, "geometry": { "type": "Point", "coordinates": [ -73.830607, 40.75483 ] } },
{ "type": "Feature", "properties": { "resource_id": "facdb:384ca08612a47fd522c4d6f8a633c748", "name": "Bayside Historical Society", "category": "libraries-and-community", "source": "facdb", "is_coad_member": false }, "geometry": { "type": "Point", "coordinates": [ -73.777772, 40.792163 ] } },
{ "type": "Feature", "properties": { "resource_id": "facdb:38602d20e3a476378fe781a6a005a517", "name": "Hart Playground", "category": "parks-and-environment", "source": "facdb", "is_coad_member": false }, "geometry": { "type": "Point", "coordinates": [ -73.818395, 40.774187 ] } },
{ "type": "Feature", "properties": { "resource_id": "facdb:38620f231a25ee185155e57643119c28", "name": "Fort Totten (US Army)", "category": "government-offices", "source": "facdb", "is_coad_member": false }, "geometry": { "type": "Point", "coordinates": [ -73.775082, 40.791397 ] } },
{ "type": "Feature", "properties": { "resource_id": "facdb:386aa7c63474210b03dc7c24006e691c", "name": "Queens Surgical Center", "category": "health-care", "source": "facdb", "is_coad_member": false }, "geometry": { "type": "Point", "coordinates": [ -73.832026, 40.762046 ] } },
{ "type": "Feature", "properties": { "resource_id": "facdb:38e629afdec273811dc38d68687b42f8", "name": "Korean Family Counseling and Research Center Inc", "category": "children-and-youth", "source": "facdb", "is_coad_member": false }, "geometry": { "type": "Point", "coordinates": [ -73.802715, 40.760806 ] } },
{ "type": "Feature", "properties": { "resource_id": "facdb:399c7ccefa6c806b4ada4bcfd6900363", "name": "South Asian Council for Social Services", "category": "children-and-youth", "source": "facdb", "is_coad_member": false }, "geometry": { "type": "Point", "coordinates": [ -73.818022, 40.753855 ] } },
{ "type": "Feature", "properties": { "resource_id": "facdb:3afbdf1a462f87a3c6e5789eaf0cee6c", "name": "Oriental American Educ. Foundation", "category": "children-and-youth", "source": "facdb", "is_coad_member": false }, "geometry": { "type": "Point", "coordinates": [ -73.813585, 40.752946 ] } },
{ "type": "Feature", "properties": { "resource_id": "facdb:3baebb92252b27d2a6abf277680bc203", "name": "Vietnam Veterans of America Chapter 32 Queens New York Inc", "category": "children-and-youth", "source": "facdb", "is_coad_member": false }, "geometry": { "type": "Point", "coordinates": [ -73.817252, 40.781898 ] } },
{ "type": "Feature", "properties": { "resource_id": "facdb:3bdd48bb2e014c521dfe401bf32c3c4c", "name": "MacAri Family Wellness Center", "category": "mental-health-and-recovery", "source": "facdb", "is_coad_member": false }, "geometry": { "type": "Point", "coordinates": [ -73.826828, 40.7578 ] } },
{ "type": "Feature", "properties": { "resource_id": "facdb:3bf306aeb6c2da9f0ce1a9f59b09d302", "name": "Berlitz on Campus/Life (Flushing)", "category": "education-and-jobs", "source": "facdb", "is_coad_member": false }, "geometry": { "type": "Point", "coordinates": [ -73.826828, 40.7578 ] } },
{ "type": "Feature", "properties": { "resource_id": "facdb:3d9a9532492e10cc3247c01946853a28", "name": "Accelerated Career Advancement Train", "category": "education-and-jobs", "source": "facdb", "is_coad_member": false }, "geometry": { "type": "Point", "coordinates": [ -73.831946, 40.75948 ] } },
{ "type": "Feature", "properties": { "resource_id": "facdb:3e227a8fcdd32bb15044ba0696698239", "name": "109th Precinct Community Council", "category": "children-and-youth", "source": "facdb", "is_coad_member": false }, "geometry": { "type": "Point", "coordinates": [ -73.82702, 40.762352 ] } },
{ "type": "Feature", "properties": { "resource_id": "facdb:3e281d99c2b853c5eb41f07af810441d", "name": "Clearview Park", "category": "parks-and-environment", "source": "facdb", "is_coad_member": false }, "geometry": { "type": "Point", "coordinates": [ -73.793061, 40.777221 ] } },
{ "type": "Feature", "properties": { "resource_id": "facdb:3e5584a95897da42d22f80d5bbdcec9b", "name": "Rko Keith's Theater", "category": "parks-and-environment", "source": "facdb", "is_coad_member": false }, "geometry": { "type": "Point", "coordinates": [ -73.832036, 40.763674 ] } },
{ "type": "Feature", "properties": { "resource_id": "facdb:3ff3520f308a571a40d6fd2ca90c2ed7", "name": "Oikos Community Corporation", "category": "children-and-youth", "source": "facdb", "is_coad_member": false }, "geometry": { "type": "Point", "coordinates": [ -73.796158, 40.757691 ] } },
{ "type": "Feature", "properties": { "resource_id": "facdb:407b81e8ce4160f95ebd158e5b9e24bf", "name": "New York Medical Career Training Cen", "category": "education-and-jobs", "source": "facdb", "is_coad_member": false }, "geometry": { "type": "Point", "coordinates": [ -73.829821, 40.76069 ] } },
{ "type": "Feature", "properties": { "resource_id": "facdb:444bb6a158c7a7cd99d60045ea62376f", "name": "Samuel Field YM & YWHA Inc", "category": "disability-and-access", "source": "facdb", "is_coad_member": false }, "geometry": { "type": "Point", "coordinates": [ -73.777937, 40.780842 ] } },
{ "type": "Feature", "properties": { "resource_id": "facdb:44ed1b5e545f417856a2afa3b3d22543", "name": "Alliance Christian Summer Camp", "category": "children-and-youth", "source": "facdb", "is_coad_member": false }, "geometry": { "type": "Point", "coordinates": [ -73.830779, 40.764368 ] } },
{ "type": "Feature", "properties": { "resource_id": "facdb:45b7e0c205623b7fd271e5adbe15b338", "name": "Chinese American Planning Council Inc", "category": "children-and-youth", "source": "facdb", "is_coad_member": false }, "geometry": { "type": "Point", "coordinates": [ -73.831267, 40.757179 ] } },
{ "type": "Feature", "properties": { "resource_id": "facdb:45b7f54b4283e727fbfd4759fc51b4aa", "name": "Center for Urban Community Services Inc", "category": "housing-and-shelter", "source": "facdb", "is_coad_member": false }, "geometry": { "type": "Point", "coordinates": [ -73.838468, 40.772305 ] } },
{ "type": "Feature", "properties": { "resource_id": "facdb:45eeb6d8a4fa1bad3833e6a8aa45058e", "name": "Peruvian Civic Center of NY : Peruvian Civic Center of NY", "category": "food-assistance", "source": "facdb", "is_coad_member": false }, "geometry": { "type": "Point", "coordinates": [ -73.824892, 40.762892 ] } },
{ "type": "Feature", "properties": { "resource_id": "facdb:4742aba0ccab7dec2d8ac2e1d1d0eeb5", "name": "Dancing Dreams", "category": "libraries-and-community", "source": "facdb", "is_coad_member": false }, "geometry": { "type": "Point", "coordinates": [ -73.775122, 40.779808 ] } },
{ "type": "Feature", "properties": { "resource_id": "facdb:4752bceadc7765ef6d8779e85577de05", "name": "Colden Playground", "category": "parks-and-environment", "source": "facdb", "is_coad_member": false }, "geometry": { "type": "Point", "coordinates": [ -73.828142, 40.770155 ] } },
{ "type": "Feature", "properties": { "resource_id": "facdb:476dde5aef84e8e3f4dee218f641359c", "name": "New York Edge Inc", "category": "children-and-youth", "source": "facdb", "is_coad_member": false }, "geometry": { "type": "Point", "coordinates": [ -73.809497, 40.792126 ] } },
{ "type": "Feature", "properties": { "resource_id": "facdb:4777419b15953385b2848c7af86f73a1", "name": "The Child Center of NY Inc", "category": "mental-health-and-recovery", "source": "facdb", "is_coad_member": false }, "geometry": { "type": "Point", "coordinates": [ -73.826828, 40.7578 ] } },
{ "type": "Feature", "properties": { "resource_id": "facdb:4782a8e6c04e372fe0e79b837ff14498", "name": "Amlotus, LLC", "category": "education-and-jobs", "source": "facdb", "is_coad_member": false }, "geometry": { "type": "Point", "coordinates": [ -73.833024, 40.760179 ] } },
{ "type": "Feature", "properties": { "resource_id": "facdb:48961812efbc14f8c67ec0388e9a6cb1", "name": "Latimer Gardens", "category": "libraries-and-community", "source": "facdb", "is_coad_member": false }, "geometry": { "type": "Point", "coordinates": [ -73.830386, 40.765953 ] } },
{ "type": "Feature", "properties": { "resource_id": "facdb:49eb5a2ccde282ebb055f8fa6d25abe3", "name": "Kcs Educational Development Inst", "category": "children-and-youth", "source": "facdb", "is_coad_member": false }, "geometry": { "type": "Point", "coordinates": [ -73.806566, 40.764078 ] } },
{ "type": "Feature", "properties": { "resource_id": "facdb:4a9f26a926070f63a7ec6f7a5995d39c", "name": "Queens Library - Whitestone", "category": "children-and-youth", "source": "facdb", "is_coad_member": false }, "geometry": { "type": "Point", "coordinates": [ -73.810719, 40.788538 ] } },
{ "type": "Feature", "properties": { "resource_id": "facdb:4cbbbb701d89d85b15f1a5a072650485", "name": "Queens Historical Society", "category": "libraries-and-community", "source": "facdb", "is_coad_member": false }, "geometry": { "type": "Point", "coordinates": [ -73.824153, 40.763615 ] } },
{ "type": "Feature", "properties": { "resource_id": "facdb:4d3b8ae16909a87e9f26a7bb2a74a586", "name": "Conrad Poppenhusen Association", "category": "libraries-and-community", "source": "facdb", "is_coad_member": false }, "geometry": { "type": "Point", "coordinates": [ -73.84629, 40.78563 ] } },
{ "type": "Feature", "properties": { "resource_id": "facdb:4dc399419bff9a8f1882b64c2aa9beb6", "name": "The Olde Towne of Flushing Burial Ground", "category": "parks-and-environment", "source": "facdb", "is_coad_member": false }, "geometry": { "type": "Point", "coordinates": [ -73.802353, 40.75464 ] } },
{ "type": "Feature", "properties": { "resource_id": "facdb:4e126a89d839b1060695528288b032c7", "name": "YMCA of Greater New York", "category": "children-and-youth", "source": "facdb", "is_coad_member": false }, "geometry": { "type": "Point", "coordinates": [ -73.810934, 40.761792 ] } },
{ "type": "Feature", "properties": { "resource_id": "facdb:4ee2bd4a9d916ed71cdf0074a2016f70", "name": "Sky Language", "category": "education-and-jobs", "source": "facdb", "is_coad_member": false }, "geometry": { "type": "Point", "coordinates": [ -73.828297, 40.760533 ] } },
{ "type": "Feature", "properties": { "resource_id": "facdb:4ef7549ea636d64430a7590f4de5f1f9", "name": "Mitchell-Linden", "category": "libraries-and-community", "source": "facdb", "is_coad_member": false }, "geometry": { "type": "Point", "coordinates": [ -73.826975, 40.769144 ] } },
{ "type": "Feature", "properties": { "resource_id": "facdb:4fb4e0a164f8af26effe1f9d08c7baf5", "name": "JHS 194 William Carr (25Q194)", "category": "children-and-youth", "source": "facdb", "is_coad_member": false }, "geometry": { "type": "Point", "coordinates": [ -73.806505, 40.783256 ] } },
{ "type": "Feature", "properties": { "resource_id": "facdb:51debb11fc9ce488637c5a2010dbcd05", "name": "Murray Hill Neigh Assoc. Summer", "category": "children-and-youth", "source": "facdb", "is_coad_member": false }, "geometry": { "type": "Point", "coordinates": [ -73.808849, 40.761452 ] } },
{ "type": "Feature", "properties": { "resource_id": "facdb:5272375131c5e73b33d8cec642f7e951", "name": "JHS 189 Daniel Carter Beard", "category": "children-and-youth", "source": "facdb", "is_coad_member": false }, "geometry": { "type": "Point", "coordinates": [ -73.818278, 40.760086 ] } },
{ "type": "Feature", "properties": { "resource_id": "facdb:537e7e3bd9aedac748c0c4526c3d6d8c", "name": "College Point Collaborative", "category": "children-and-youth", "source": "facdb", "is_coad_member": false }, "geometry": { "type": "Point", "coordinates": [ -73.843522, 40.785123 ] } },
{ "type": "Feature", "properties": { "resource_id": "facdb:54234216a2ed7bae35adc1522af4d56a", "name": "College Point Park", "category": "parks-and-environment", "source": "facdb", "is_coad_member": false }, "geometry": { "type": "Point", "coordinates": [ -73.846485, 40.785624 ] } },
{ "type": "Feature", "properties": { "resource_id": "facdb:54259ef9ebf4fc42e14a06f1325bf9e1", "name": "Lewis Howard Latimer Fund, Inc.", "category": "libraries-and-community", "source": "facdb", "is_coad_member": false }, "geometry": { "type": "Point", "coordinates": [ -73.829329, 40.766766 ] } },
{ "type": "Feature", "properties": { "resource_id": "facdb:546a1fa653c0f7944ea5d98be6070d7e", "name": "Flushing, Willets-Point - Nta QN0707", "category": "children-and-youth", "source": "facdb", "is_coad_member": false }, "geometry": { "type": "Point", "coordinates": [ -73.831267, 40.757179 ] } },
{ "type": "Feature", "properties": { "resource_id": "facdb:553d86555572c3717776f289ddbeefec", "name": "Centerstage: the Queens Center for the Performing Arts, Inc.", "category": "libraries-and-community", "source": "facdb", "is_coad_member": false }, "geometry": { "type": "Point", "coordinates": [ -73.831216, 40.760358 ] } },
{ "type": "Feature", "properties": { "resource_id": "facdb:569136e03d4103bd3e5099d7d36a1fcc", "name": "Tzu-Chi Foundation Food Pantry : Tzu-Chi Foundation Food Pantry", "category": "food-assistance", "source": "facdb", "is_coad_member": false }, "geometry": { "type": "Point", "coordinates": [ -73.828613, 40.764168 ] } },
{ "type": "Feature", "properties": { "resource_id": "facdb:56a9e39639b0b06cd82ef268e235340e", "name": "Chinese American Planning Council Inc", "category": "education-and-jobs", "source": "facdb", "is_coad_member": false }, "geometry": { "type": "Point", "coordinates": [ -73.831267, 40.757179 ] } },
{ "type": "Feature", "properties": { "resource_id": "facdb:56d57401b8cb78b56eb2c50b31fb2508", "name": "Shield of David Inc", "category": "disability-and-access", "source": "facdb", "is_coad_member": false }, "geometry": { "type": "Point", "coordinates": [ -73.82005, 40.762666 ] } },
{ "type": "Feature", "properties": { "resource_id": "facdb:579f3afef51d3c41299748c64af42d81", "name": "YWCA of Queens", "category": "children-and-youth", "source": "facdb", "is_coad_member": false }, "geometry": { "type": "Point", "coordinates": [ -73.818795, 40.758053 ] } },
{ "type": "Feature", "properties": { "resource_id": "facdb:57d459ab9c3b6dd39f5b312ac4800df7", "name": "Korean Community Services of Metropolitan New York Inc", "category": "older-adults", "source": "facdb", "is_coad_member": false }, "geometry": { "type": "Point", "coordinates": [ -73.800138, 40.759 ] } },
{ "type": "Feature", "properties": { "resource_id": "facdb:57f43d8b817d3210a92a7d6b60e76aaa", "name": "Centerlight Healthcare D&Tc", "category": "health-care", "source": "facdb", "is_coad_member": false }, "geometry": { "type": "Point", "coordinates": [ -73.828841, 40.762483 ] } },
{ "type": "Feature", "properties": { "resource_id": "facdb:58c4116ce8da6c5f37d2058be54d9827", "name": "Little Friends House (3)", "category": "children-and-youth", "source": "facdb", "is_coad_member": false }, "geometry": { "type": "Point", "coordinates": [ -73.813715, 40.78952 ] } },
{ "type": "Feature", "properties": { "resource_id": "facdb:592a0199f525f515fdae9a12b04ee734", "name": "Selfhelp Community Services Inc", "category": "older-adults", "source": "facdb", "is_coad_member": false }, "geometry": { "type": "Point", "coordinates": [ -73.783596, 40.776967 ] } },
{ "type": "Feature", "properties": { "resource_id": "facdb:5967f3cbe71f8202be436ddd54a2e008", "name": "Poppenhusen Institute", "category": "parks-and-environment", "source": "facdb", "is_coad_member": false }, "geometry": { "type": "Point", "coordinates": [ -73.852817, 40.7843 ] } },
{ "type": "Feature", "properties": { "resource_id": "facdb:59bd29ab280c86e08cd6c9e8c4c1826a", "name": "Colden Playground", "category": "children-and-youth", "source": "facdb", "is_coad_member": false }, "geometry": { "type": "Point", "coordinates": [ -73.827266, 40.770318 ] } },
{ "type": "Feature", "properties": { "resource_id": "facdb:5a40b8cd3de7feae6d3e8b8f22c973a9", "name": "Flushing International High School (25Q263)", "category": "children-and-youth", "source": "facdb", "is_coad_member": false }, "geometry": { "type": "Point", "coordinates": [ -73.818278, 40.760086 ] } },
{ "type": "Feature", "properties": { "resource_id": "facdb:5a4c2aa0d0a1042e4786fe9894203539", "name": "Flushing Hospital Psychiatric Inpatient Unit", "category": "mental-health-and-recovery", "source": "facdb", "is_coad_member": false }, "geometry": { "type": "Point", "coordinates": [ -73.8251, 40.79313 ] } },
{ "type": "Feature", "properties": { "resource_id": "facdb:5d561f84e301fabba39f8ddf1068c1b1", "name": "Fort Totten Officers' Club", "category": "parks-and-environment", "source": "facdb", "is_coad_member": false }, "geometry": { "type": "Point", "coordinates": [ -73.777692, 40.792175 ] } },
{ "type": "Feature", "properties": { "resource_id": "facdb:5e4c53c4e3cb7efe6a8b1ac225467c77", "name": "Hanac Inc.", "category": "older-adults", "source": "facdb", "is_coad_member": false }, "geometry": { "type": "Point", "coordinates": [ -73.845026, 40.785798 ] } },
{ "type": "Feature", "properties": { "resource_id": "facdb:5e950c32de70ce824e42a6e2e81af669", "name": "Little Bay Park", "category": "parks-and-environment", "source": "facdb", "is_coad_member": false }, "geometry": { "type": "Point", "coordinates": [ -73.787922, 40.79009 ] } },
{ "type": "Feature", "properties": { "resource_id": "facdb:5e9fc8cf126527c96e18d8c6ebe73509", "name": "The Young Womens Christian Association of Queens", "category": "immigration-and-language", "source": "facdb", "is_coad_member": false }, "geometry": { "type": "Point", "coordinates": [ -73.818795, 40.758053 ] } },
{ "type": "Feature", "properties": { "resource_id": "facdb:5eeab399d77d0a0bbb4c1fbaaac060d9", "name": "Asian Americans for Equality Inc", "category": "children-and-youth", "source": "facdb", "is_coad_member": false }, "geometry": { "type": "Point", "coordinates": [ -73.830714, 40.757905 ] } },
{ "type": "Feature", "properties": { "resource_id": "facdb:6025a68c6b6bdf522234a7fd32a8836b", "name": "Health Force Solutions, L.L.C.", "category": "education-and-jobs", "source": "facdb", "is_coad_member": false }, "geometry": { "type": "Point", "coordinates": [ -73.826264, 40.769934 ] } },
{ "type": "Feature", "properties": { "resource_id": "facdb:60873341686e1a887c33778bd5d76e66", "name": "Nyp/Queens Obstetrics Center", "category": "health-care", "source": "facdb", "is_coad_member": false }, "geometry": { "type": "Point", "coordinates": [ -73.805344, 40.739002 ] } },
{ "type": "Feature", "properties": { "resource_id": "facdb:60951d026e2330a15ab8d741fdf8ab8a", "name": "Chinese American Planning Council Inc", "category": "children-and-youth", "source": "facdb", "is_coad_member": false }, "geometry": { "type": "Point", "coordinates": [ -73.824031, 40.758462 ] } },
{ "type": "Feature", "properties": { "resource_id": "facdb:60a31194a2badc57b7a2c801059727ce", "name": "Long Island String Quartet", "category": "libraries-and-community", "source": "facdb", "is_coad_member": false }, "geometry": { "type": "Point", "coordinates": [ -73.807044, 40.788365 ] } },
{ "type": "Feature", "properties": { "resource_id": "facdb:60c39423f74d326af8a00be0842388d6", "name": "Flushing Armory", "category": "government-offices", "source": "facdb", "is_coad_member": false }, "geometry": { "type": "Point", "coordinates": [ -73.828935, 40.763139 ] } },
{ "type": "Feature", "properties": { "resource_id": "facdb:60e107ebfd19500339a62aa3717162c5", "name": "Main Street Subway Station (Dual System Irt)", "category": "parks-and-environment", "source": "facdb", "is_coad_member": false }, "geometry": { "type": "Point", "coordinates": [ -73.830067, 40.759574 ] } },
{ "type": "Feature", "properties": { "resource_id": "facdb:624814b04f8364ef52a68fa333b5b2d4", "name": "Welllife Network Inc.", "category": "housing-and-shelter", "source": "facdb", "is_coad_member": false }, "geometry": { "type": "Point", "coordinates": [ -73.82746, 40.780539 ] } },
{ "type": "Feature", "properties": { "resource_id": "facdb:6252a1f749323a2ce0182197473510e2", "name": "Flushing WORKFORCE1 Career Center", "category": "education-and-jobs", "source": "facdb", "is_coad_member": false }, "geometry": { "type": "Point", "coordinates": [ -73.828878, 40.757791 ] } },
{ "type": "Feature", "properties": { "resource_id": "facdb:631ef78b6b59cfee586f76e8b6d060b9", "name": "The Korean American Family Service Center Inc", "category": "children-and-youth", "source": "facdb", "is_coad_member": false }, "geometry": { "type": "Point", "coordinates": [ -73.821447, 40.749536 ] } },
{ "type": "Feature", "properties": { "resource_id": "facdb:660ec8e0184bcf0d7645067dc5364ed9", "name": "Kissena Park", "category": "parks-and-environment", "source": "facdb", "is_coad_member": false }, "geometry": { "type": "Point", "coordinates": [ -73.804829, 40.745346 ] } },
{ "type": "Feature", "properties": { "resource_id": "facdb:6680d9bcb36d4a1c7da8b10c01dad786", "name": "New York Edge Inc", "category": "children-and-youth", "source": "facdb", "is_coad_member": false }, "geometry": { "type": "Point", "coordinates": [ -73.843522, 40.785123 ] } },
{ "type": "Feature", "properties": { "resource_id": "facdb:68fe6f083a0d92daa6fffbb1791ec97d", "name": "YMCA of Greater New York", "category": "children-and-youth", "source": "facdb", "is_coad_member": false }, "geometry": { "type": "Point", "coordinates": [ -73.806505, 40.783256 ] } },
{ "type": "Feature", "properties": { "resource_id": "facdb:6a91b79ee5cdf2df3409f0253b614b04", "name": "Taiwanese American Association of New York", "category": "libraries-and-community", "source": "facdb", "is_coad_member": false }, "geometry": { "type": "Point", "coordinates": [ -73.829469, 40.763165 ] } },
{ "type": "Feature", "properties": { "resource_id": "facdb:6b0e9c16bb4abf6bbe983af92e643b55", "name": "Selfhelp Community Services Inc", "category": "older-adults", "source": "facdb", "is_coad_member": false }, "geometry": { "type": "Point", "coordinates": [ -73.819465, 40.751623 ] } },
{ "type": "Feature", "properties": { "resource_id": "facdb:6b34770bc8e3fb6e111dc06a40085207", "name": "Queens Dialysis at the Pavilion, LLC", "category": "health-care", "source": "facdb", "is_coad_member": false }, "geometry": { "type": "Point", "coordinates": [ -73.822792, 40.764145 ] } },
{ "type": "Feature", "properties": { "resource_id": "facdb:6b77a982e852e37fba4ac697860d933c", "name": "Korean Community Service of Metropolitan New York", "category": "libraries-and-community", "source": "facdb", "is_coad_member": false }, "geometry": { "type": "Point", "coordinates": [ -73.806566, 40.764078 ] } },
{ "type": "Feature", "properties": { "resource_id": "facdb:6bfbf7c4a29046444e5647c2810f726d", "name": "International Beauty Institute,Inc", "category": "education-and-jobs", "source": "facdb", "is_coad_member": false }, "geometry": { "type": "Point", "coordinates": [ -73.802542, 40.762044 ] } },
{ "type": "Feature", "properties": { "resource_id": "facdb:6cc5eff8e070dd38c4dbd1b776d640b0", "name": "Samuel Field YM & YWHA Inc", "category": "children-and-youth", "source": "facdb", "is_coad_member": false }, "geometry": { "type": "Point", "coordinates": [ -73.818395, 40.774187 ] } },
{ "type": "Feature", "properties": { "resource_id": "facdb:6cefe760b1eed27c464efc106bfd42ea", "name": "Queens Public Library-Bay Terrace", "category": "children-and-youth", "source": "facdb", "is_coad_member": false }, "geometry": { "type": "Point", "coordinates": [ -73.777015, 40.782536 ] } },
{ "type": "Feature", "properties": { "resource_id": "facdb:6d183dc258ed615e1d205ac2d8e2b1e0", "name": "Clearview Park Golf Course", "category": "parks-and-environment", "source": "facdb", "is_coad_member": false }, "geometry": { "type": "Point", "coordinates": [ -73.789458, 40.78658 ] } },
{ "type": "Feature", "properties": { "resource_id": "facdb:6dbf1aad970f32b32e2fbda34eb4c3e3", "name": "Police Academy", "category": "government-offices", "source": "facdb", "is_coad_member": false }, "geometry": { "type": "Point", "coordinates": [ -73.838582, 40.771689 ] } },
{ "type": "Feature", "properties": { "resource_id": "facdb:6e209dd72bf081a2e2ec3156a58716e3", "name": "The Young Womens Christian Association of Queens", "category": "education-and-jobs", "source": "facdb", "is_coad_member": false }, "geometry": { "type": "Point", "coordinates": [ -73.818795, 40.758053 ] } },
{ "type": "Feature", "properties": { "resource_id": "facdb:6eecf53ff6d68b5ca89c85ada892208f", "name": "Plaut Triangle", "category": "parks-and-environment", "source": "facdb", "is_coad_member": false }, "geometry": { "type": "Point", "coordinates": [ -73.797255, 40.758374 ] } },
{ "type": "Feature", "properties": { "resource_id": "facdb:70abb3819a710a46d1538bfb93f72e5f", "name": "Flushing YMCA", "category": "children-and-youth", "source": "facdb", "is_coad_member": false }, "geometry": { "type": "Point", "coordinates": [ -73.826393, 40.763913 ] } },
{ "type": "Feature", "properties": { "resource_id": "facdb:71c1d112130c7ac549adaafb8718cc21", "name": "Gramercy Surgery Center, Inc. - Queens", "category": "health-care", "source": "facdb", "is_coad_member": false }, "geometry": { "type": "Point", "coordinates": [ -73.814699, 40.739955 ] } },
{ "type": "Feature", "properties": { "resource_id": "facdb:71dae6487a9df55c4e5b178c54f1c07b", "name": "Uncle Yao's Chorus, Inc.", "category": "libraries-and-community", "source": "facdb", "is_coad_member": false }, "geometry": { "type": "Point", "coordinates": [ -73.82621, 40.766987 ] } },
{ "type": "Feature", "properties": { "resource_id": "facdb:720dc09627fb9826c272b44c230e474d", "name": "Ace Beauty Academy Inc", "category": "education-and-jobs", "source": "facdb", "is_coad_member": false }, "geometry": { "type": "Point", "coordinates": [ -73.828298, 40.764592 ] } },
{ "type": "Feature", "properties": { "resource_id": "facdb:723bee2e77b5b14111b506deb24f08d8", "name": "Alliance Computing Solutions, Inc.", "category": "education-and-jobs", "source": "facdb", "is_coad_member": false }, "geometry": { "type": "Point", "coordinates": [ -73.831461, 40.761561 ] } },
{ "type": "Feature", "properties": { "resource_id": "facdb:731ced8b35667ce2fde8966bfcdfa3cd", "name": "Dwarf Giraffe Athletic League", "category": "children-and-youth", "source": "facdb", "is_coad_member": false }, "geometry": { "type": "Point", "coordinates": [ -73.814473, 40.786091 ] } },
{ "type": "Feature", "properties": { "resource_id": "facdb:7383311816ce43e08353b76ab42fea6e", "name": "The Young Womens Christian Association of Queens", "category": "children-and-youth", "source": "facdb", "is_coad_member": false }, "geometry": { "type": "Point", "coordinates": [ -73.818795, 40.758053 ] } },
{ "type": "Feature", "properties": { "resource_id": "facdb:74061f01c5be1f1916775baceca014b2", "name": "Royal Care Certified Home Health Care, LLC", "category": "health-care", "source": "facdb", "is_coad_member": false }, "geometry": { "type": "Point", "coordinates": [ -73.836412, 40.770545 ] } },
{ "type": "Feature", "properties": { "resource_id": "facdb:746245ffd559f31c7af9032f86d2bcec", "name": "Lippman Plaza", "category": "parks-and-environment", "source": "facdb", "is_coad_member": false }, "geometry": { "type": "Point", "coordinates": [ -73.827934, 40.76047 ] } },
{ "type": "Feature", "properties": { "resource_id": "facdb:75c22fbb17c3acff0ba4da3f7e271f77", "name": "South Asian Council for Social Services", "category": "health-care", "source": "facdb", "is_coad_member": false }, "geometry": { "type": "Point", "coordinates": [ -73.818022, 40.753855 ] } },
{ "type": "Feature", "properties": { "resource_id": "facdb:75c5d5a65a99c89dfad287c9ddb454b6", "name": "Sharon Nursery Summer Camp", "category": "children-and-youth", "source": "facdb", "is_coad_member": false }, "geometry": { "type": "Point", "coordinates": [ -73.821282, 40.766168 ] } },
{ "type": "Feature", "properties": { "resource_id": "facdb:76518616f64edd38e4520c45b5214807", "name": "NYC Parks-Ft. Totten Pool", "category": "children-and-youth", "source": "facdb", "is_coad_member": false }, "geometry": { "type": "Point", "coordinates": [ -73.774544, 40.792194 ] } },
{ "type": "Feature", "properties": { "resource_id": "facdb:77e390d0ee4193a599be901f79c4c10c", "name": "Kissena Corridor Park", "category": "parks-and-environment", "source": "facdb", "is_coad_member": false }, "geometry": { "type": "Point", "coordinates": [ -73.82346, 40.748251 ] } },
{ "type": "Feature", "properties": { "resource_id": "facdb:78d1a07fa84761c32648f7f866838444", "name": "Flushing High School", "category": "parks-and-environment", "source": "facdb", "is_coad_member": false }, "geometry": { "type": "Point", "coordinates": [ -73.826828, 40.764881 ] } },
{ "type": "Feature", "properties": { "resource_id": "facdb:792631fe9d216906b4d06349d1208288", "name": "Flushing Council on Culture and the Arts", "category": "libraries-and-community", "source": "facdb", "is_coad_member": false }, "geometry": { "type": "Point", "coordinates": [ -73.830071, 40.763908 ] } },
{ "type": "Feature", "properties": { "resource_id": "facdb:7939afdf2f7d2d8148cff72bc9a17fd5", "name": "Auburndale Playground", "category": "parks-and-environment", "source": "facdb", "is_coad_member": false }, "geometry": { "type": "Point", "coordinates": [ -73.794326, 40.765224 ] } },
{ "type": "Feature", "properties": { "resource_id": "facdb:798bc517dd2bbce2bdfc3098973a53cd", "name": "Us-China Arts Exchange Center, Inc.", "category": "libraries-and-community", "source": "facdb", "is_coad_member": false }, "geometry": { "type": "Point", "coordinates": [ -73.828463, 40.759031 ] } },
{ "type": "Feature", "properties": { "resource_id": "facdb:79c707a38696badafd27a40728d12c2c", "name": "Aafe One Flushing Community Office", "category": "children-and-youth", "source": "facdb", "is_coad_member": false }, "geometry": { "type": "Point", "coordinates": [ -73.830714, 40.757905 ] } },
{ "type": "Feature", "properties": { "resource_id": "facdb:79d9f16f67a7e978fd609d123e2a8a46", "name": "Queens Library-Poppenhusen", "category": "children-and-youth", "source": "facdb", "is_coad_member": false }, "geometry": { "type": "Point", "coordinates": [ -73.84601, 40.786256 ] } },
{ "type": "Feature", "properties": { "resource_id": "facdb:79f9a38db7a260e14357dd7cfef1e30b", "name": "Traffic Division Enforcement", "category": "government-offices", "source": "facdb", "is_coad_member": false }, "geometry": { "type": "Point", "coordinates": [ -73.83221, 40.767277 ] } },
{ "type": "Feature", "properties": { "resource_id": "facdb:7b6d004ed2746f3929a75655c4ab17cb", "name": "Chinese-American Planning Council Inc", "category": "children-and-youth", "source": "facdb", "is_coad_member": false }, "geometry": { "type": "Point", "coordinates": [ -73.831267, 40.757179 ] } },
{ "type": "Feature", "properties": { "resource_id": "facdb:7cc5bf878b74b1672d34eb012607c806", "name": "Green Earth Urban Gardens, Inc.", "category": "libraries-and-community", "source": "facdb", "is_coad_member": false }, "geometry": { "type": "Point", "coordinates": [ -73.81871, 40.779028 ] } },
{ "type": "Feature", "properties": { "resource_id": "facdb:7d2f2a9c6d7490b9f0219f2061ec525d", "name": "Chinese-American Planning Council Inc", "category": "children-and-youth", "source": "facdb", "is_coad_member": false }, "geometry": { "type": "Point", "coordinates": [ -73.824031, 40.758462 ] } },
{ "type": "Feature", "properties": { "resource_id": "facdb:7d5046ad1808fe34887e19763b18c7e1", "name": "Charles B Wang Community Health Center Inc", "category": "health-care", "source": "facdb", "is_coad_member": false }, "geometry": { "type": "Point", "coordinates": [ -73.83442, 40.756698 ] } },
{ "type": "Feature", "properties": { "resource_id": "facdb:7d8ae2f54007bc0d0c12ad15cc002a26", "name": "Chinese American Planning Council", "category": "children-and-youth", "source": "facdb", "is_coad_member": false }, "geometry": { "type": "Point", "coordinates": [ -73.831267, 40.757179 ] } },
{ "type": "Feature", "properties": { "resource_id": "facdb:7fe50319ddf7521473728935a4ebd031", "name": "The Bowne House Historical Society Inc", "category": "children-and-youth", "source": "facdb", "is_coad_member": false }, "geometry": { "type": "Point", "coordinates": [ -73.828878, 40.757791 ] } },
{ "type": "Feature", "properties": { "resource_id": "facdb:802003572c6551df1951afb4f1b9f929", "name": "McKee Triangle", "category": "parks-and-environment", "source": "facdb", "is_coad_member": false }, "geometry": { "type": "Point", "coordinates": [ -73.81592, 40.787256 ] } },
{ "type": "Feature", "properties": { "resource_id": "facdb:8105f94bdb11da27b78668cf560479d5", "name": "Queens Borough Command", "category": "emergency-services", "source": "facdb", "is_coad_member": false }, "geometry": { "type": "Point", "coordinates": [ -73.776312, 40.793281 ] } },
{ "type": "Feature", "properties": { "resource_id": "facdb:81b3c0ee57e7a77d045977e218ec0234", "name": "Harvey Park", "category": "parks-and-environment", "source": "facdb", "is_coad_member": false }, "geometry": { "type": "Point", "coordinates": [ -73.823434, 40.783456 ] } },
{ "type": "Feature", "properties": { "resource_id": "facdb:82a97ebdeb05f376bc08e8ca4dfd0c95", "name": "Sutton Gardens, LLC", "category": "health-care", "source": "facdb", "is_coad_member": false }, "geometry": { "type": "Point", "coordinates": [ -73.819663, 40.766972 ] } },
{ "type": "Feature", "properties": { "resource_id": "facdb:834153e89d1abbb4cd7a8a26d12c89eb", "name": "Manhattan Language Center", "category": "education-and-jobs", "source": "facdb", "is_coad_member": false }, "geometry": { "type": "Point", "coordinates": [ -73.829995, 40.760119 ] } },
{ "type": "Feature", "properties": { "resource_id": "facdb:836d3e9b54fbff9e8207a5f6b5066a95", "name": "Chinese American Planning Council Inc", "category": "immigration-and-language", "source": "facdb", "is_coad_member": false }, "geometry": { "type": "Point", "coordinates": [ -73.829398, 40.760119 ] } },
{ "type": "Feature", "properties": { "resource_id": "facdb:83abcb52e93eee05c222a2be7c64e71a", "name": "Acadia Beauty School", "category": "education-and-jobs", "source": "facdb", "is_coad_member": false }, "geometry": { "type": "Point", "coordinates": [ -73.82794, 40.762928 ] } },
{ "type": "Feature", "properties": { "resource_id": "facdb:83ac2aad4f929f1c72fa82c3bf825be4", "name": "Voelker Orth Museum", "category": "libraries-and-community", "source": "facdb", "is_coad_member": false }, "geometry": { "type": "Point", "coordinates": [ -73.816116, 40.764691 ] } },
{ "type": "Feature", "properties": { "resource_id": "facdb:83c71def6f79a7591fe70b5829a92939", "name": "Lord's Servant Summer Study", "category": "children-and-youth", "source": "facdb", "is_coad_member": false }, "geometry": { "type": "Point", "coordinates": [ -73.831594, 40.763442 ] } },
{ "type": "Feature", "properties": { "resource_id": "facdb:83d5ce8681eb85af4f8b953918efa918", "name": "Cliffside Rehabilitation & Residential Health Care Center", "category": "health-care", "source": "facdb", "is_coad_member": false }, "geometry": { "type": "Point", "coordinates": [ -73.84833, 40.775446 ] } },
{ "type": "Feature", "properties": { "resource_id": "facdb:83f2648e3b4e6ecae84f637afcd44edc", "name": "Aafe One Flushing Community Office", "category": "children-and-youth", "source": "facdb", "is_coad_member": false }, "geometry": { "type": "Point", "coordinates": [ -73.830714, 40.757905 ] } },
{ "type": "Feature", "properties": { "resource_id": "facdb:85020b9124f8e460d609b45affe0e716", "name": "Selfhelp Community Services, Inc.", "category": "children-and-youth", "source": "facdb", "is_coad_member": false }, "geometry": { "type": "Point", "coordinates": [ -73.822516, 40.752551 ] } },
{ "type": "Feature", "properties": { "resource_id": "facdb:8598f8674cc349ef78c84fd93259146b", "name": "Asian Health Center of Flushing", "category": "health-care", "source": "facdb", "is_coad_member": false }, "geometry": { "type": "Point", "coordinates": [ -73.830046, 40.761544 ] } },
{ "type": "Feature", "properties": { "resource_id": "facdb:8634242f67acfce871f81119546e72f3", "name": "Bowne House Historical Society", "category": "libraries-and-community", "source": "facdb", "is_coad_member": false }, "geometry": { "type": "Point", "coordinates": [ -73.824892, 40.762892 ] } },
{ "type": "Feature", "properties": { "resource_id": "facdb:8678cfcc8bd48bfc74120b46ac8a1ba3", "name": "PS 024 Andrew Jackson Annex", "category": "children-and-youth", "source": "facdb", "is_coad_member": false }, "geometry": { "type": "Point", "coordinates": [ -73.799401, 40.75552 ] } },
{ "type": "Feature", "properties": { "resource_id": "facdb:879eb4e5bb6a453e28c7c7627f8d1984", "name": "Spanish Speaking Elderly Council Raices Inc.", "category": "older-adults", "source": "facdb", "is_coad_member": false }, "geometry": { "type": "Point", "coordinates": [ -73.833762, 40.757977 ] } },
{ "type": "Feature", "properties": { "resource_id": "facdb:88b7d7820b73094c6ede4ed923cec87a", "name": "First Reformed Church of College Point", "category": "parks-and-environment", "source": "facdb", "is_coad_member": false }, "geometry": { "type": "Point", "coordinates": [ -73.849002, 40.786231 ] } },
{ "type": "Feature", "properties": { "resource_id": "facdb:8947bcd8c3388bf3d69412335787ab27", "name": "Baybridge Green", "category": "parks-and-environment", "source": "facdb", "is_coad_member": false }, "geometry": { "type": "Point", "coordinates": [ -73.786205, 40.785051 ] } },
{ "type": "Feature", "properties": { "resource_id": "facdb:894b8a46673e9eaba9fbfaa3b316a05c", "name": "Bowne Park", "category": "parks-and-environment", "source": "facdb", "is_coad_member": false }, "geometry": { "type": "Point", "coordinates": [ -73.807363, 40.77052 ] } },
{ "type": "Feature", "properties": { "resource_id": "facdb:8a51a85a56fc775fe776fa6d3dc520e0", "name": "Sapphire Center for Rehabilitation and Nursing of Central Queens, LLC", "category": "health-care", "source": "facdb", "is_coad_member": false }, "geometry": { "type": "Point", "coordinates": [ -73.823102, 40.765371 ] } },
{ "type": "Feature", "properties": { "resource_id": "facdb:8ab81c652cb7018c185ce521a83aed81", "name": "Lincoln Technical Institute", "category": "education-and-jobs", "source": "facdb", "is_coad_member": false }, "geometry": { "type": "Point", "coordinates": [ -73.828859, 40.78412 ] } },
{ "type": "Feature", "properties": { "resource_id": "facdb:8ac75a25946b793d6fc914449bdc3207", "name": "Offices", "category": "government-offices", "source": "facdb", "is_coad_member": false }, "geometry": { "type": "Point", "coordinates": [ -73.836775, 40.770841 ] } },
{ "type": "Feature", "properties": { "resource_id": "facdb:8c1e6d9da7a000b0af07c2c845c0c602", "name": "Flushing Greens", "category": "parks-and-environment", "source": "facdb", "is_coad_member": false }, "geometry": { "type": "Point", "coordinates": [ -73.829309, 40.76363 ] } },
{ "type": "Feature", "properties": { "resource_id": "facdb:8cac4045f1a03a5b2c12768170d08944", "name": "Grace Episcopal Church", "category": "children-and-youth", "source": "facdb", "is_coad_member": false }, "geometry": { "type": "Point", "coordinates": [ -73.810992, 40.789072 ] } },
{ "type": "Feature", "properties": { "resource_id": "facdb:8d20826f69240d89dbe638c2a7a9a980", "name": "Willets Point Playground", "category": "parks-and-environment", "source": "facdb", "is_coad_member": false }, "geometry": { "type": "Point", "coordinates": [ -73.795413, 40.783802 ] } },
{ "type": "Feature", "properties": { "resource_id": "facdb:8d705a123de2dbfdc3e9caca74f799d2", "name": "United States Post Office-Flushing Main", "category": "parks-and-environment", "source": "facdb", "is_coad_member": false }, "geometry": { "type": "Point", "coordinates": [ -73.828105, 40.756456 ] } },
{ "type": "Feature", "properties": { "resource_id": "facdb:8da95873e2891bd98ac27309f90c97a3", "name": "Clintonville Playground", "category": "parks-and-environment", "source": "facdb", "is_coad_member": false }, "geometry": { "type": "Point", "coordinates": [ -73.806505, 40.783256 ] } },
{ "type": "Feature", "properties": { "resource_id": "facdb:8e06d1df276870722d6568b4c7ba3d4e", "name": "EMS Station 52", "category": "emergency-services", "source": "facdb", "is_coad_member": false }, "geometry": { "type": "Point", "coordinates": [ -73.831968, 40.760204 ] } },
{ "type": "Feature", "properties": { "resource_id": "facdb:8e136daad715941af77a599cc1acd480", "name": "Poppenhusen", "category": "libraries-and-community", "source": "facdb", "is_coad_member": false }, "geometry": { "type": "Point", "coordinates": [ -73.84601, 40.786256 ] } },
{ "type": "Feature", "properties": { "resource_id": "facdb:8f01a6c42fe701b8205a8af5432b8bc6", "name": "Franklin Center for Rehabilitation and Nursing", "category": "health-care", "source": "facdb", "is_coad_member": false }, "geometry": { "type": "Point", "coordinates": [ -73.822922, 40.757111 ] } },
{ "type": "Feature", "properties": { "resource_id": "facdb:90978d28b034ecac9d344f0b777b42c9", "name": "Samuel Field YM & YWHA Inc", "category": "children-and-youth", "source": "facdb", "is_coad_member": false }, "geometry": { "type": "Point", "coordinates": [ -73.777937, 40.780842 ] } },
{ "type": "Feature", "properties": { "resource_id": "facdb:922a004447034a5bcf6d6874a1eb8e76", "name": "The Young Womens Christian Association of Queens", "category": "benefits-and-legal", "source": "facdb", "is_coad_member": false }, "geometry": { "type": "Point", "coordinates": [ -73.818795, 40.758053 ] } },
{ "type": "Feature", "properties": { "resource_id": "facdb:92d3926e051387cbe282099f4ee6eff6", "name": "Queens Library-Flushing", "category": "children-and-youth", "source": "facdb", "is_coad_member": false }, "geometry": { "type": "Point", "coordinates": [ -73.828878, 40.757791 ] } },
{ "type": "Feature", "properties": { "resource_id": "facdb:9353627b594fd2f307bff3dd9f34221b", "name": "Forest Hills Symphony Orchestra", "category": "libraries-and-community", "source": "facdb", "is_coad_member": false }, "geometry": { "type": "Point", "coordinates": [ -73.80366, 40.77396 ] } },
{ "type": "Feature", "properties": { "resource_id": "facdb:94a37769b45558c1eafccb2ade0ca6b3", "name": "The Young Womens Christian Association of Queens", "category": "children-and-youth", "source": "facdb", "is_coad_member": false }, "geometry": { "type": "Point", "coordinates": [ -73.818795, 40.758053 ] } },
{ "type": "Feature", "properties": { "resource_id": "facdb:95ac1d48bf8f275352d1f86a8bb5958d", "name": "Qpl Mitchell Linden Library", "category": "children-and-youth", "source": "facdb", "is_coad_member": false }, "geometry": { "type": "Point", "coordinates": [ -73.826975, 40.769144 ] } },
{ "type": "Feature", "properties": { "resource_id": "facdb:95f22ecd5b230f17abecc44523292b6f", "name": "Asian Outreach Program", "category": "mental-health-and-recovery", "source": "facdb", "is_coad_member": false }, "geometry": { "type": "Point", "coordinates": [ -73.826828, 40.7578 ] } },
{ "type": "Feature", "properties": { "resource_id": "facdb:97f39e7ebe4cc09568965a9b5cfb0dee", "name": "New York Beauty School, Inc.", "category": "education-and-jobs", "source": "facdb", "is_coad_member": false }, "geometry": { "type": "Point", "coordinates": [ -73.829596, 40.758552 ] } },
{ "type": "Feature", "properties": { "resource_id": "facdb:988158644aee4a252054064ca3a552bd", "name": "Studley Triangle", "category": "parks-and-environment", "source": "facdb", "is_coad_member": false }, "geometry": { "type": "Point", "coordinates": [ -73.803856, 40.762384 ] } },
{ "type": "Feature", "properties": { "resource_id": "facdb:98a2d92a9d010b3ebc493069e4cad029", "name": "Engine 297/LADDER 130", "category": "emergency-services", "source": "facdb", "is_coad_member": false }, "geometry": { "type": "Point", "coordinates": [ -73.848079, 40.785004 ] } },
{ "type": "Feature", "properties": { "resource_id": "facdb:98f6db6087c702406c8b136fb092f29a", "name": "The Child Center of NY Ccbhc", "category": "mental-health-and-recovery", "source": "facdb", "is_coad_member": false }, "geometry": { "type": "Point", "coordinates": [ -73.826828, 40.7578 ] } },
{ "type": "Feature", "properties": { "resource_id": "facdb:9a1fe712491331bdaae6929681668fdb", "name": "Newyork-Presbyterian/Queens", "category": "health-care", "source": "facdb", "is_coad_member": false }, "geometry": { "type": "Point", "coordinates": [ -73.82515, 40.747176 ] } },
{ "type": "Feature", "properties": { "resource_id": "facdb:9a937b7ccd435ff6cd4a896da1a86ee9", "name": "Poppenhusen Playground", "category": "parks-and-environment", "source": "facdb", "is_coad_member": false }, "geometry": { "type": "Point", "coordinates": [ -73.844577, 40.781259 ] } },
{ "type": "Feature", "properties": { "resource_id": "facdb:9e5248e35f562441ed3ce3bfdb147e4e", "name": "P.S. 193 Alfred J. Kennedy", "category": "children-and-youth", "source": "facdb", "is_coad_member": false }, "geometry": { "type": "Point", "coordinates": [ -73.809497, 40.792126 ] } },
{ "type": "Feature", "properties": { "resource_id": "facdb:9f7ef8ae83c7ad191c76e97470b0e859", "name": "Surpass Prep Center", "category": "children-and-youth", "source": "facdb", "is_coad_member": false }, "geometry": { "type": "Point", "coordinates": [ -73.833421, 40.756588 ] } },
{ "type": "Feature", "properties": { "resource_id": "facdb:Q070001", "name": "Flushing Commons", "category": "parks-and-environment", "source": "facdb", "is_coad_member": false }, "geometry": { "type": "Point", "coordinates": [ -73.827653, 40.761199 ] } },
{ "type": "Feature", "properties": { "resource_id": "facdb:a05f1518d9ddeb11ea1b6c31db76a468", "name": "Battalion 52/ENGINE 274", "category": "emergency-services", "source": "facdb", "is_coad_member": false }, "geometry": { "type": "Point", "coordinates": [ -73.812783, 40.762504 ] } },
{ "type": "Feature", "properties": { "resource_id": "facdb:a487ce12340f67f009b5f7ef4a5ed073", "name": "Samuel Field YM & YWHA Inc", "category": "children-and-youth", "source": "facdb", "is_coad_member": false }, "geometry": { "type": "Point", "coordinates": [ -73.778474, 40.782477 ] } },
{ "type": "Feature", "properties": { "resource_id": "facdb:a4907d9bb9006e6631c09f94c10a6e2c", "name": "Mouse Inc", "category": "children-and-youth", "source": "facdb", "is_coad_member": false }, "geometry": { "type": "Point", "coordinates": [ -73.818278, 40.760086 ] } },
{ "type": "Feature", "properties": { "resource_id": "facdb:a496139b772f759776cb24a3ace6785f", "name": "Flushing Endoscopy Center, LLC", "category": "health-care", "source": "facdb", "is_coad_member": false }, "geometry": { "type": "Point", "coordinates": [ -73.829678, 40.759407 ] } },
{ "type": "Feature", "properties": { "resource_id": "facdb:a5289484bbe4ff7c54d664f2621ffab3", "name": "Nys Department of Labor Flushing WORKFORCE1 Career Center", "category": "education-and-jobs", "source": "facdb", "is_coad_member": false }, "geometry": { "type": "Point", "coordinates": [ -73.825904, 40.757998 ] } },
{ "type": "Feature", "properties": { "resource_id": "facdb:a597ef46ffb198d03cf0d28c8e28055f", "name": "Fort Totten Park", "category": "parks-and-environment", "source": "facdb", "is_coad_member": false }, "geometry": { "type": "Point", "coordinates": [ -73.777892, 40.793107 ] } },
{ "type": "Feature", "properties": { "resource_id": "facdb:a660ce79784a1df1a0675a89473f43f8", "name": "Selfhelp Community Services Inc", "category": "older-adults", "source": "facdb", "is_coad_member": false }, "geometry": { "type": "Point", "coordinates": [ -73.820068, 40.751938 ] } },
{ "type": "Feature", "properties": { "resource_id": "facdb:a69990f6cbd221761d3be07a570bccfa", "name": "Kcs Education and Development Instit", "category": "education-and-jobs", "source": "facdb", "is_coad_member": false }, "geometry": { "type": "Point", "coordinates": [ -73.806566, 40.764078 ] } },
{ "type": "Feature", "properties": { "resource_id": "facdb:a6e99b552c6876061e0bd95e994483fe", "name": "Free Synagogue of Flushing", "category": "parks-and-environment", "source": "facdb", "is_coad_member": false }, "geometry": { "type": "Point", "coordinates": [ -73.828095, 40.757315 ] } },
{ "type": "Feature", "properties": { "resource_id": "facdb:a89a64d78b2ab41acfa906598213a6c8", "name": "Show Lincoln Mobile Van Extension Clinic 1", "category": "health-care", "source": "facdb", "is_coad_member": false }, "geometry": { "type": "Point", "coordinates": [ -73.83443, 40.78741 ] } },
{ "type": "Feature", "properties": { "resource_id": "facdb:a8cc7447d3f0d2dc4d97b7afa582bbd0", "name": "The Roman Catholic Church of St. Mel", "category": "children-and-youth", "source": "facdb", "is_coad_member": false }, "geometry": { "type": "Point", "coordinates": [ -73.80908, 40.773502 ] } },
{ "type": "Feature", "properties": { "resource_id": "facdb:aaf53a91de4cb293b76e0bdd56b95e90", "name": "South Asian Council for Social Services : South Asian Council for Social Services", "category": "food-assistance", "source": "facdb", "is_coad_member": false }, "geometry": { "type": "Point", "coordinates": [ -73.818022, 40.753855 ] } },
{ "type": "Feature", "properties": { "resource_id": "facdb:ab2df058d84781418f7419d28e98fbc5", "name": "Cba Cultural & Arts Center", "category": "libraries-and-community", "source": "facdb", "is_coad_member": false }, "geometry": { "type": "Point", "coordinates": [ -73.81968, 40.748653 ] } },
{ "type": "Feature", "properties": { "resource_id": "facdb:ab4ca78c3bbc22fda6ca8dcf782853f8", "name": "Queens Botanical Garden Society, Inc.", "category": "libraries-and-community", "source": "facdb", "is_coad_member": false }, "geometry": { "type": "Point", "coordinates": [ -73.827731, 40.751085 ] } },
{ "type": "Feature", "properties": { "resource_id": "facdb:ab728a881f4bf8f3ecb1234dede04750", "name": "Flushing Library", "category": "children-and-youth", "source": "facdb", "is_coad_member": false }, "geometry": { "type": "Point", "coordinates": [ -73.828878, 40.757791 ] } },
{ "type": "Feature", "properties": { "resource_id": "facdb:abeba79382dd51675c524bd6845ab8fd", "name": "PAL at Clintonville Park", "category": "children-and-youth", "source": "facdb", "is_coad_member": false }, "geometry": { "type": "Point", "coordinates": [ -73.808165, 40.782906 ] } },
{ "type": "Feature", "properties": { "resource_id": "facdb:abfdec3aa4180f131986c194644d07a1", "name": "Flushing Armory", "category": "parks-and-environment", "source": "facdb", "is_coad_member": false }, "geometry": { "type": "Point", "coordinates": [ -73.828935, 40.763149 ] } },
{ "type": "Feature", "properties": { "resource_id": "facdb:acbe16eabe79e92d40d3a62eb946bf19", "name": "NYPD Harbor Patrol", "category": "emergency-services", "source": "facdb", "is_coad_member": false }, "geometry": { "type": "Point", "coordinates": [ -73.858962, 40.785264 ] } },
{ "type": "Feature", "properties": { "resource_id": "facdb:acc113bda9733c2b6fe39fde31d25163", "name": "Long Island Care Center Inc", "category": "health-care", "source": "facdb", "is_coad_member": false }, "geometry": { "type": "Point", "coordinates": [ -73.820319, 40.763607 ] } },
{ "type": "Feature", "properties": { "resource_id": "facdb:af23645e312803526d2e6fe3b1f9f044", "name": "Kunqu Society, Inc.", "category": "libraries-and-community", "source": "facdb", "is_coad_member": false }, "geometry": { "type": "Point", "coordinates": [ -73.846042, 40.78464 ] } },
{ "type": "Feature", "properties": { "resource_id": "facdb:af2ac14ec2677c6723953fb6d81194a3", "name": "CSD25-Q Offices/Queens HS Supt", "category": "government-offices", "source": "facdb", "is_coad_member": false }, "geometry": { "type": "Point", "coordinates": [ -73.833168, 40.769648 ] } },
{ "type": "Feature", "properties": { "resource_id": "facdb:afcb39815fb2ee91fa03a2ea0fa4673c", "name": "Flushing Jewish Community Council Inc", "category": "children-and-youth", "source": "facdb", "is_coad_member": false }, "geometry": { "type": "Point", "coordinates": [ -73.809835, 40.763755 ] } },
{ "type": "Feature", "properties": { "resource_id": "facdb:b07a9d286f7e108e326d8230b1868fb9", "name": "Travis Triangle", "category": "parks-and-environment", "source": "facdb", "is_coad_member": false }, "geometry": { "type": "Point", "coordinates": [ -73.813099, 40.766835 ] } },
{ "type": "Feature", "properties": { "resource_id": "facdb:b07deed5efe1aef2a9f38bc4892cd72a", "name": "Offices", "category": "government-offices", "source": "facdb", "is_coad_member": false }, "geometry": { "type": "Point", "coordinates": [ -73.856409, 40.78534 ] } },
{ "type": "Feature", "properties": { "resource_id": "facdb:b22a1e87d6a5ac82789da142097bd9b6", "name": "Hindu Community Outreach", "category": "libraries-and-community", "source": "facdb", "is_coad_member": false }, "geometry": { "type": "Point", "coordinates": [ -73.816921, 40.752833 ] } },
{ "type": "Feature", "properties": { "resource_id": "facdb:b37764514c0acdc65dbb44e3f5791dab", "name": "Flushing Town Hall", "category": "parks-and-environment", "source": "facdb", "is_coad_member": false }, "geometry": { "type": "Point", "coordinates": [ -73.830014, 40.763908 ] } },
{ "type": "Feature", "properties": { "resource_id": "facdb:b3939c6f4a4940039117bc7c49e997a9", "name": "Flushing Hospital Medical Center", "category": "health-care", "source": "facdb", "is_coad_member": false }, "geometry": { "type": "Point", "coordinates": [ -73.815475, 40.755531 ] } },
{ "type": "Feature", "properties": { "resource_id": "facdb:b3bee1797faa803218cd8590ba2db2d2", "name": "Hindu Temple Society of North America", "category": "libraries-and-community", "source": "facdb", "is_coad_member": false }, "geometry": { "type": "Point", "coordinates": [ -73.816921, 40.752833 ] } },
{ "type": "Feature", "properties": { "resource_id": "facdb:b4f672a24deb7ed29ffc7ffcf4739473", "name": "Whitestone Playground", "category": "parks-and-environment", "source": "facdb", "is_coad_member": false }, "geometry": { "type": "Point", "coordinates": [ -73.80847, 40.791996 ] } },
{ "type": "Feature", "properties": { "resource_id": "facdb:b5cda6125c1b692975f18556608b4a08", "name": "The Young Womens Christian Association of Queens", "category": "education-and-jobs", "source": "facdb", "is_coad_member": false }, "geometry": { "type": "Point", "coordinates": [ -73.818795, 40.758053 ] } },
{ "type": "Feature", "properties": { "resource_id": "facdb:b5ffefa5dd6e18b8c9d6641beea2c6c5", "name": "Temple Beth Sholom", "category": "children-and-youth", "source": "facdb", "is_coad_member": false }, "geometry": { "type": "Point", "coordinates": [ -73.794436, 40.758092 ] } },
{ "type": "Feature", "properties": { "resource_id": "facdb:b638c1e019ae6660f7b9264c70f7b74e", "name": "Lawrence Triangle", "category": "parks-and-environment", "source": "facdb", "is_coad_member": false }, "geometry": { "type": "Point", "coordinates": [ -73.815729, 40.755914 ] } },
{ "type": "Feature", "properties": { "resource_id": "facdb:b655fb4d56129573c658bd81e2ee9978", "name": "Bell Academy", "category": "children-and-youth", "source": "facdb", "is_coad_member": false }, "geometry": { "type": "Point", "coordinates": [ -73.778474, 40.782477 ] } },
{ "type": "Feature", "properties": { "resource_id": "facdb:b7d2d500161c749bcb934fcf9254a618", "name": "NYPD 109th Precinct Station House", "category": "emergency-services", "source": "facdb", "is_coad_member": false }, "geometry": { "type": "Point", "coordinates": [ -73.826912, 40.762326 ] } },
{ "type": "Feature", "properties": { "resource_id": "facdb:b80bea7c4b20e7ee3333c419fddeb454", "name": "Engine 273/LADDER 129", "category": "emergency-services", "source": "facdb", "is_coad_member": false }, "geometry": { "type": "Point", "coordinates": [ -73.826534, 40.759875 ] } },
{ "type": "Feature", "properties": { "resource_id": "facdb:ba0f0fae005776f60b43dad477324480", "name": "The Child Center of NY Inc", "category": "children-and-youth", "source": "facdb", "is_coad_member": false }, "geometry": { "type": "Point", "coordinates": [ -73.830386, 40.765953 ] } },
{ "type": "Feature", "properties": { "resource_id": "facdb:ba621129162eca1d913d8a9513025ec2", "name": "Catholic Charities Community Services Archdiocese of NY", "category": "children-and-youth", "source": "facdb", "is_coad_member": false }, "geometry": { "type": "Point", "coordinates": [ -73.818422, 40.774927 ] } },
{ "type": "Feature", "properties": { "resource_id": "facdb:ba8a9e254841ffd386669abe99c9e550", "name": "Summer Program Surpass Prep Center", "category": "children-and-youth", "source": "facdb", "is_coad_member": false }, "geometry": { "type": "Point", "coordinates": [ -73.833632, 40.758992 ] } },
{ "type": "Feature", "properties": { "resource_id": "facdb:bac70e34e621027c5637e4609d515159", "name": "Margaret I. Carman Green - Weeping Beech", "category": "parks-and-environment", "source": "facdb", "is_coad_member": false }, "geometry": { "type": "Point", "coordinates": [ -73.826113, 40.763532 ] } },
{ "type": "Feature", "properties": { "resource_id": "facdb:bbe3f15de03a55bc229adc17593f3f42", "name": "The Sanford", "category": "children-and-youth", "source": "facdb", "is_coad_member": false }, "geometry": { "type": "Point", "coordinates": [ -73.825531, 40.757261 ] } },
{ "type": "Feature", "properties": { "resource_id": "facdb:bc35a215a48547b91349206bb2fbcdb0", "name": "COMPU21 Institute Corp", "category": "education-and-jobs", "source": "facdb", "is_coad_member": false }, "geometry": { "type": "Point", "coordinates": [ -73.831946, 40.75948 ] } },
{ "type": "Feature", "properties": { "resource_id": "facdb:bc48e16ea6fd518534a07614625f7a26", "name": "Lewis H. Latimer Gardens", "category": "children-and-youth", "source": "facdb", "is_coad_member": false }, "geometry": { "type": "Point", "coordinates": [ -73.830386, 40.765953 ] } },
{ "type": "Feature", "properties": { "resource_id": "facdb:bceff0fe371dd9f0d37e988add36a5e8", "name": "Db Grant Associates Inc", "category": "education-and-jobs", "source": "facdb", "is_coad_member": false }, "geometry": { "type": "Point", "coordinates": [ -73.828878, 40.757791 ] } },
{ "type": "Feature", "properties": { "resource_id": "facdb:bd72517bd4116fd452c1a41e9aff2714", "name": "College Point Fields", "category": "parks-and-environment", "source": "facdb", "is_coad_member": false }, "geometry": { "type": "Point", "coordinates": [ -73.837124, 40.776527 ] } },
{ "type": "Feature", "properties": { "resource_id": "facdb:bd96a2334a5aa10eabe9539f8045c017", "name": "Dunlevy Milbank Family Services", "category": "mental-health-and-recovery", "source": "facdb", "is_coad_member": false }, "geometry": { "type": "Point", "coordinates": [ -73.84946, 40.78463 ] } },
{ "type": "Feature", "properties": { "resource_id": "facdb:bdb1c5a92c9d5fdac70d25bc0d5bfb60", "name": "Commonpoint Queens", "category": "older-adults", "source": "facdb", "is_coad_member": false }, "geometry": { "type": "Point", "coordinates": [ -73.777937, 40.780842 ] } },
{ "type": "Feature", "properties": { "resource_id": "facdb:bdea50ce74f4db46b4d6dbebb4094d1e", "name": "Kingsland Homestead", "category": "parks-and-environment", "source": "facdb", "is_coad_member": false }, "geometry": { "type": "Point", "coordinates": [ -73.824021, 40.763731 ] } },
{ "type": "Feature", "properties": { "resource_id": "facdb:bfff7ceaac3df6ad30f1f5e266993fb3", "name": "YWCA of Queens", "category": "children-and-youth", "source": "facdb", "is_coad_member": false }, "geometry": { "type": "Point", "coordinates": [ -73.826914, 40.771506 ] } },
{ "type": "Feature", "properties": { "resource_id": "facdb:c099b65ac9e385cc05866e2f230f5f66", "name": "Bowne Playground", "category": "parks-and-environment", "source": "facdb", "is_coad_member": false }, "geometry": { "type": "Point", "coordinates": [ -73.824031, 40.758462 ] } },
{ "type": "Feature", "properties": { "resource_id": "facdb:c09f520c6606657a1c34466bd0a23982", "name": "Transitional Services for New York, Inc", "category": "housing-and-shelter", "source": "facdb", "is_coad_member": false }, "geometry": { "type": "Point", "coordinates": [ -73.800178, 40.791978 ] } },
{ "type": "Feature", "properties": { "resource_id": "facdb:c0af6dda55d1115d941b102dfe0e188e", "name": "New York Harbor Foundation Inc", "category": "children-and-youth", "source": "facdb", "is_coad_member": false }, "geometry": { "type": "Point", "coordinates": [ -73.806505, 40.783256 ] } },
{ "type": "Feature", "properties": { "resource_id": "facdb:c110232c6ac7f81e80ea81a95d97f92b", "name": "Weeping Beech Tree", "category": "parks-and-environment", "source": "facdb", "is_coad_member": false }, "geometry": { "type": "Point", "coordinates": [ -73.824843, 40.763474 ] } },
{ "type": "Feature", "properties": { "resource_id": "facdb:c319d56a5b91ceac1734a9245062f805", "name": "Asian Americans for Equality Inc", "category": "housing-and-shelter", "source": "facdb", "is_coad_member": false }, "geometry": { "type": "Point", "coordinates": [ -73.834118, 40.758835 ] } },
{ "type": "Feature", "properties": { "resource_id": "facdb:c34a0b4392b90966e40fd753a49e3864", "name": "The Korean American Family Service Center Inc", "category": "children-and-youth", "source": "facdb", "is_coad_member": false }, "geometry": { "type": "Point", "coordinates": [ -73.818278, 40.760086 ] } },
{ "type": "Feature", "properties": { "resource_id": "facdb:c3cf7c588b9bd0305e75c9ef9cf15a73", "name": "Ontrackny Coordinated Specialty Care First Ep Psychosis Pgm", "category": "mental-health-and-recovery", "source": "facdb", "is_coad_member": false }, "geometry": { "type": "Point", "coordinates": [ -73.826828, 40.7578 ] } },
{ "type": "Feature", "properties": { "resource_id": "facdb:c4e370f728659407b30d99a653ace59d", "name": "Standby Program, Inc.", "category": "libraries-and-community", "source": "facdb", "is_coad_member": false }, "geometry": { "type": "Point", "coordinates": [ -73.820899, 40.75856 ] } },
{ "type": "Feature", "properties": { "resource_id": "facdb:c590b0efe25b8fc55abc373862e3bf97", "name": "Veritas Academy", "category": "children-and-youth", "source": "facdb", "is_coad_member": false }, "geometry": { "type": "Point", "coordinates": [ -73.826737, 40.764994 ] } },
{ "type": "Feature", "properties": { "resource_id": "facdb:c8ff0dd3eb4e1e576e533352dad446ed", "name": "The Grand Rehabilitation and Nursing at Queens", "category": "health-care", "source": "facdb", "is_coad_member": false }, "geometry": { "type": "Point", "coordinates": [ -73.805318, 40.781609 ] } },
{ "type": "Feature", "properties": { "resource_id": "facdb:cbfc82811081c55c6d858a521662ac22", "name": "Queens Library-Mcgoldrick", "category": "children-and-youth", "source": "facdb", "is_coad_member": false }, "geometry": { "type": "Point", "coordinates": [ -73.809871, 40.763866 ] } },
{ "type": "Feature", "properties": { "resource_id": "facdb:cc48db62a1f4a946227fb23664fd757c", "name": "Latimer Gardens Community Center", "category": "children-and-youth", "source": "facdb", "is_coad_member": false }, "geometry": { "type": "Point", "coordinates": [ -73.830386, 40.765953 ] } },
{ "type": "Feature", "properties": { "resource_id": "facdb:cc6696ce95abe8bfddfc15cced862201", "name": "Aabr  Inc.", "category": "disability-and-access", "source": "facdb", "is_coad_member": false }, "geometry": { "type": "Point", "coordinates": [ -73.8461, 40.783969 ] } },
{ "type": "Feature", "properties": { "resource_id": "facdb:cdc978939ac8e1eb058e3cf8e782a7a6", "name": "P.S. 169 Bay Terrace", "category": "children-and-youth", "source": "facdb", "is_coad_member": false }, "geometry": { "type": "Point", "coordinates": [ -73.778474, 40.782477 ] } },
{ "type": "Feature", "properties": { "resource_id": "facdb:cde3a0babc3d556ed805c844c70b8529", "name": "YMCA of Greater New York", "category": "children-and-youth", "source": "facdb", "is_coad_member": false }, "geometry": { "type": "Point", "coordinates": [ -73.818278, 40.760086 ] } },
{ "type": "Feature", "properties": { "resource_id": "facdb:ce7b4ae341f0af3abb1cbd6471b5ce77", "name": "J.H.S. 185 Edward Bleeker", "category": "children-and-youth", "source": "facdb", "is_coad_member": false }, "geometry": { "type": "Point", "coordinates": [ -73.818422, 40.774927 ] } },
{ "type": "Feature", "properties": { "resource_id": "facdb:cec7355f31d090e83d7a1f7ce167b276", "name": "Offices", "category": "government-offices", "source": "facdb", "is_coad_member": false }, "geometry": { "type": "Point", "coordinates": [ -73.845409, 40.767085 ] } },
{ "type": "Feature", "properties": { "resource_id": "facdb:cfd3d1de44f62832e1ea4e9db421b176", "name": "Aa Plus Beauty School", "category": "education-and-jobs", "source": "facdb", "is_coad_member": false }, "geometry": { "type": "Point", "coordinates": [ -73.810551, 40.764881 ] } },
{ "type": "Feature", "properties": { "resource_id": "facdb:d06937d6dd495e373c90feb86b7fe147", "name": "Cypress Garden Center for Nursing and Rehabilitation", "category": "health-care", "source": "facdb", "is_coad_member": false }, "geometry": { "type": "Point", "coordinates": [ -73.825295, 40.765371 ] } },
{ "type": "Feature", "properties": { "resource_id": "facdb:d0ea5546931cee596f1f5d26418c5878", "name": "Conrad Voelcker House", "category": "parks-and-environment", "source": "facdb", "is_coad_member": false }, "geometry": { "type": "Point", "coordinates": [ -73.816192, 40.764721 ] } },
{ "type": "Feature", "properties": { "resource_id": "facdb:d124db16442c2892fdf3fd13cc8ad05c", "name": "Flushing High School (25Q460)", "category": "children-and-youth", "source": "facdb", "is_coad_member": false }, "geometry": { "type": "Point", "coordinates": [ -73.826737, 40.764994 ] } },
{ "type": "Feature", "properties": { "resource_id": "facdb:d1dfa48acf7cb144f445a58bb1d449fd", "name": "Shield Institute (The)", "category": "disability-and-access", "source": "facdb", "is_coad_member": false }, "geometry": { "type": "Point", "coordinates": [ -73.82005, 40.762666 ] } },
{ "type": "Feature", "properties": { "resource_id": "facdb:d43a18e107abff5a6164579a5381cf64", "name": "Flushing", "category": "libraries-and-community", "source": "facdb", "is_coad_member": false }, "geometry": { "type": "Point", "coordinates": [ -73.828878, 40.757791 ] } },
{ "type": "Feature", "properties": { "resource_id": "facdb:d440b198669337543851a6f255d03cc1", "name": "Firemen's Hall", "category": "parks-and-environment", "source": "facdb", "is_coad_member": false }, "geometry": { "type": "Point", "coordinates": [ -73.84506, 40.785799 ] } },
{ "type": "Feature", "properties": { "resource_id": "facdb:d57f07553ba46c477a5d244e13e4c260", "name": "Cathay Express Transportation", "category": "older-adults", "source": "facdb", "is_coad_member": false }, "geometry": { "type": "Point", "coordinates": [ -73.836412, 40.770545 ] } },
{ "type": "Feature", "properties": { "resource_id": "facdb:d5a475e1662b1fbd6c3cdd1d279b4ecf", "name": "Union Plaza Care Center", "category": "health-care", "source": "facdb", "is_coad_member": false }, "geometry": { "type": "Point", "coordinates": [ -73.826768, 40.767275 ] } },
{ "type": "Feature", "properties": { "resource_id": "facdb:d62acf14b6535014bc9cee4b8b712c35", "name": "Harper Street Yard", "category": "government-offices", "source": "facdb", "is_coad_member": false }, "geometry": { "type": "Point", "coordinates": [ -73.841271, 40.764532 ] } },
{ "type": "Feature", "properties": { "resource_id": "facdb:d65af2bc2cc229136603cc2fc896af26", "name": "Flushing Day Care", "category": "children-and-youth", "source": "facdb", "is_coad_member": false }, "geometry": { "type": "Point", "coordinates": [ -73.814828, 40.765721 ] } },
{ "type": "Feature", "properties": { "resource_id": "facdb:d75550c6a7a45292c4ad49ab55a8b145", "name": "Playground Twenty One", "category": "parks-and-environment", "source": "facdb", "is_coad_member": false }, "geometry": { "type": "Point", "coordinates": [ -73.799775, 40.778358 ] } },
{ "type": "Feature", "properties": { "resource_id": "facdb:d9314c3d6108c5d2c71d11ba5e6cd227", "name": "Anthony Jerone's School of Dog Train", "category": "education-and-jobs", "source": "facdb", "is_coad_member": false }, "geometry": { "type": "Point", "coordinates": [ -73.81193, 40.789814 ] } },
{ "type": "Feature", "properties": { "resource_id": "facdb:d93ea794a8363df3a899ecc8b700c7bd", "name": "American Institute of Science and", "category": "education-and-jobs", "source": "facdb", "is_coad_member": false }, "geometry": { "type": "Point", "coordinates": [ -73.827653, 40.761199 ] } },
{ "type": "Feature", "properties": { "resource_id": "facdb:d96d17ce239fd93bad7e4f1790e88ebd", "name": "Ultissima Beauty Inst at Flush", "category": "education-and-jobs", "source": "facdb", "is_coad_member": false }, "geometry": { "type": "Point", "coordinates": [ -73.829678, 40.759407 ] } },
{ "type": "Feature", "properties": { "resource_id": "facdb:d9a0227e059250e9011f839516586c4d", "name": "Franklin Center for Rehabilitation and Nursing", "category": "health-care", "source": "facdb", "is_coad_member": false }, "geometry": { "type": "Point", "coordinates": [ -73.822922, 40.757111 ] } },
{ "type": "Feature", "properties": { "resource_id": "facdb:dc368b02addfaed9dcf3678cc0a14773", "name": "Bayside Historical Society", "category": "libraries-and-community", "source": "facdb", "is_coad_member": false }, "geometry": { "type": "Point", "coordinates": [ -73.777772, 40.792163 ] } },
{ "type": "Feature", "properties": { "resource_id": "facdb:dc7890abfdc463afaf4c1ed39498cb07", "name": "Dc for the Bright and Gifted", "category": "children-and-youth", "source": "facdb", "is_coad_member": false }, "geometry": { "type": "Point", "coordinates": [ -73.810246, 40.768066 ] } },
{ "type": "Feature", "properties": { "resource_id": "facdb:dc93c84a9f0c56b60649f85d7f4b4be7", "name": "Flushing Hospital Outpatient Behavioral Health", "category": "mental-health-and-recovery", "source": "facdb", "is_coad_member": false }, "geometry": { "type": "Point", "coordinates": [ -73.817181, 40.755097 ] } },
{ "type": "Feature", "properties": { "resource_id": "facdb:dce36bd57e1b4983bdcb203bf6794d00", "name": "Old Quaker Meetinghouse", "category": "parks-and-environment", "source": "facdb", "is_coad_member": false }, "geometry": { "type": "Point", "coordinates": [ -73.830161, 40.762812 ] } },
{ "type": "Feature", "properties": { "resource_id": "facdb:dd7814743e26bdf96c5dde3ca7c5238a", "name": "Bridge View Nursing Home", "category": "health-care", "source": "facdb", "is_coad_member": false }, "geometry": { "type": "Point", "coordinates": [ -73.824002, 40.781361 ] } },
{ "type": "Feature", "properties": { "resource_id": "facdb:df4c87b021c461c5ff1d6d8f7b9eb67b", "name": "Police Academy Site+Auto Pound", "category": "government-offices", "source": "facdb", "is_coad_member": false }, "geometry": { "type": "Point", "coordinates": [ -73.841975, 40.771806 ] } },
{ "type": "Feature", "properties": { "resource_id": "facdb:e09b6125c0ae2060ab42500e0cefef36", "name": "Maple Playground", "category": "parks-and-environment", "source": "facdb", "is_coad_member": false }, "geometry": { "type": "Point", "coordinates": [ -73.826086, 40.755964 ] } },
{ "type": "Feature", "properties": { "resource_id": "facdb:e24939ad068537fea97d4050b2c680f1", "name": "Daniel Carter Beard Mall", "category": "parks-and-environment", "source": "facdb", "is_coad_member": false }, "geometry": { "type": "Point", "coordinates": [ -73.831058, 40.763174 ] } },
{ "type": "Feature", "properties": { "resource_id": "facdb:e3319194d591c4aa10efb0084dee6b28", "name": "Queens Library - Queensboro Hill", "category": "children-and-youth", "source": "facdb", "is_coad_member": false }, "geometry": { "type": "Point", "coordinates": [ -73.825174, 40.742939 ] } },
{ "type": "Feature", "properties": { "resource_id": "facdb:e3d598368e6ebfdb9f8bf45e13ce3760", "name": "Main Street Radiology at Bayside", "category": "health-care", "source": "facdb", "is_coad_member": false }, "geometry": { "type": "Point", "coordinates": [ -73.830247, 40.762042 ] } },
{ "type": "Feature", "properties": { "resource_id": "facdb:e4139913406b8bdf4626a7d12bce79a4", "name": "Queensboro Hill", "category": "libraries-and-community", "source": "facdb", "is_coad_member": false }, "geometry": { "type": "Point", "coordinates": [ -73.825174, 40.742939 ] } },
{ "type": "Feature", "properties": { "resource_id": "facdb:e5e860b82605fc05efe2982c6cda8ac8", "name": "Oriental American Education", "category": "children-and-youth", "source": "facdb", "is_coad_member": false }, "geometry": { "type": "Point", "coordinates": [ -73.8299, 40.754546 ] } },
{ "type": "Feature", "properties": { "resource_id": "facdb:e5f7b5f501a62eebac525b727d1eebbd", "name": "I.S. 237 Rachel Carson", "category": "children-and-youth", "source": "facdb", "is_coad_member": false }, "geometry": { "type": "Point", "coordinates": [ -73.821447, 40.749536 ] } },
{ "type": "Feature", "properties": { "resource_id": "facdb:e734e9811f7c784ff900498bda6adbcf", "name": "Sanford Home", "category": "health-care", "source": "facdb", "is_coad_member": false }, "geometry": { "type": "Point", "coordinates": [ -73.825531, 40.757261 ] } },
{ "type": "Feature", "properties": { "resource_id": "facdb:e86dabb7530faa7d46c868e8565bf5ec", "name": "Engine 295/LADDER 144", "category": "emergency-services", "source": "facdb", "is_coad_member": false }, "geometry": { "type": "Point", "coordinates": [ -73.816023, 40.788947 ] } },
{ "type": "Feature", "properties": { "resource_id": "facdb:e9484e6877810d74b339404322fc310f", "name": "Minkwon Center for Community Action, Inc", "category": "children-and-youth", "source": "facdb", "is_coad_member": false }, "geometry": { "type": "Point", "coordinates": [ -73.828854, 40.7589 ] } },
{ "type": "Feature", "properties": { "resource_id": "facdb:e99f3e732090fc0144f8fe7454070513", "name": "Alliance Computing Solutions Inc.", "category": "education-and-jobs", "source": "facdb", "is_coad_member": false }, "geometry": { "type": "Point", "coordinates": [ -73.831384, 40.761582 ] } },
{ "type": "Feature", "properties": { "resource_id": "facdb:e9f320554c27e52b0a593320f5177d29", "name": "Chinese-American Planning Council  Inc.", "category": "disability-and-access", "source": "facdb", "is_coad_member": false }, "geometry": { "type": "Point", "coordinates": [ -73.831267, 40.757179 ] } },
{ "type": "Feature", "properties": { "resource_id": "facdb:eb2d2147949c07fce49dc29e84d20822", "name": "Dwarf-Giraffe Athletic League of Whitestone Inc", "category": "children-and-youth", "source": "facdb", "is_coad_member": false }, "geometry": { "type": "Point", "coordinates": [ -73.814473, 40.786091 ] } },
{ "type": "Feature", "properties": { "resource_id": "facdb:ee78e9a3b30b0307111a1ff0e1d3447b", "name": "Show Bellevue Mobile Van Extension Clinic 2", "category": "health-care", "source": "facdb", "is_coad_member": false }, "geometry": { "type": "Point", "coordinates": [ -73.834577, 40.787079 ] } },
{ "type": "Feature", "properties": { "resource_id": "facdb:eeb3d90a3df9825a81a8cb1673a15cd6", "name": "International Beauty School, Inc.", "category": "education-and-jobs", "source": "facdb", "is_coad_member": false }, "geometry": { "type": "Point", "coordinates": [ -73.831411, 40.762703 ] } },
{ "type": "Feature", "properties": { "resource_id": "facdb:f058dfb585dc865ca063b005f40fb6bd", "name": "Leonard Square", "category": "parks-and-environment", "source": "facdb", "is_coad_member": false }, "geometry": { "type": "Point", "coordinates": [ -73.809842, 40.764116 ] } },
{ "type": "Feature", "properties": { "resource_id": "facdb:f0a1043bb5eb274c9302d39ee4ebad0f", "name": "Flushing Jewish Community Council : Flushing Jewish Community Council", "category": "food-assistance", "source": "facdb", "is_coad_member": false }, "geometry": { "type": "Point", "coordinates": [ -73.794436, 40.758092 ] } },
{ "type": "Feature", "properties": { "resource_id": "facdb:f1311de9455a5544b24cec2b543dcf72", "name": "Bland", "category": "children-and-youth", "source": "facdb", "is_coad_member": false }, "geometry": { "type": "Point", "coordinates": [ -73.833186, 40.758134 ] } },
{ "type": "Feature", "properties": { "resource_id": "facdb:f18df5f997f485ad22f1debdacbecd47", "name": "YWCA Summer Camp", "category": "children-and-youth", "source": "facdb", "is_coad_member": false }, "geometry": { "type": "Point", "coordinates": [ -73.818795, 40.758053 ] } },
{ "type": "Feature", "properties": { "resource_id": "facdb:f357264770560316474a6839867c65b5", "name": "Commonpoint Queens", "category": "older-adults", "source": "facdb", "is_coad_member": false }, "geometry": { "type": "Point", "coordinates": [ -73.797601, 40.783019 ] } },
{ "type": "Feature", "properties": { "resource_id": "facdb:f4447fbfa1077ff4923cccd77f8b409a", "name": "Mobile Unit- Main Street Library", "category": "children-and-youth", "source": "facdb", "is_coad_member": false }, "geometry": { "type": "Point", "coordinates": [ -73.828878, 40.757791 ] } },
{ "type": "Feature", "properties": { "resource_id": "facdb:f4c2f71472c00f11576c33d7649a1239", "name": "Catholic Charities, Neighborhood Services Inc. : Ccns-St. Michael's Church", "category": "food-assistance", "source": "facdb", "is_coad_member": false }, "geometry": { "type": "Point", "coordinates": [ -73.826194, 40.758898 ] } },
{ "type": "Feature", "properties": { "resource_id": "facdb:f64ad9eff9e1edd08aaab0c777ceb42e", "name": "Welllife Network Inc.", "category": "mental-health-and-recovery", "source": "facdb", "is_coad_member": false }, "geometry": { "type": "Point", "coordinates": [ -73.82746, 40.780539 ] } },
{ "type": "Feature", "properties": { "resource_id": "facdb:f6757baaf4ed58c151835e0cfe948740", "name": "Welllife Network Inc.", "category": "housing-and-shelter", "source": "facdb", "is_coad_member": false }, "geometry": { "type": "Point", "coordinates": [ -73.82746, 40.780539 ] } },
{ "type": "Feature", "properties": { "resource_id": "facdb:f73823c1a10b32db540b2b3ece036f95", "name": "Franklin Center for Rehab&Nursg Adhcp", "category": "health-care", "source": "facdb", "is_coad_member": false }, "geometry": { "type": "Point", "coordinates": [ -73.804313, 40.755894 ] } },
{ "type": "Feature", "properties": { "resource_id": "facdb:f73a9cb3585fe3dfb14e127ff90cfc3d", "name": "Frank Golden Park", "category": "parks-and-environment", "source": "facdb", "is_coad_member": false }, "geometry": { "type": "Point", "coordinates": [ -73.832844, 40.78496 ] } },
{ "type": "Feature", "properties": { "resource_id": "facdb:f75840a53d04126b2aea97c9c44e24f6", "name": "Korean American Heritage Foundation, Inc.", "category": "libraries-and-community", "source": "facdb", "is_coad_member": false }, "geometry": { "type": "Point", "coordinates": [ -73.802531, 40.762149 ] } },
{ "type": "Feature", "properties": { "resource_id": "facdb:f76206c894b536033b0c6b93376ab237", "name": "Offices", "category": "government-offices", "source": "facdb", "is_coad_member": false }, "geometry": { "type": "Point", "coordinates": [ -73.857494, 40.786385 ] } },
{ "type": "Feature", "properties": { "resource_id": "facdb:f799ed09c0180a3c1095561a0b3685a3", "name": "Chinese-American Planning Council", "category": "children-and-youth", "source": "facdb", "is_coad_member": false }, "geometry": { "type": "Point", "coordinates": [ -73.831267, 40.757179 ] } },
{ "type": "Feature", "properties": { "resource_id": "facdb:f7a127e8b58b8e1b80badbbbc051d9ab", "name": "Flushing High School (25Q460)", "category": "children-and-youth", "source": "facdb", "is_coad_member": false }, "geometry": { "type": "Point", "coordinates": [ -73.826737, 40.764994 ] } },
{ "type": "Feature", "properties": { "resource_id": "facdb:fac1ee96620286da56edbf52b2668504", "name": "Bowne, John, House", "category": "parks-and-environment", "source": "facdb", "is_coad_member": false }, "geometry": { "type": "Point", "coordinates": [ -73.824811, 40.762857 ] } },
{ "type": "Feature", "properties": { "resource_id": "facdb:fb75702d270fade3b769c00fdefc3509", "name": "English Language Learning Ctr", "category": "education-and-jobs", "source": "facdb", "is_coad_member": false }, "geometry": { "type": "Point", "coordinates": [ -73.829995, 40.760119 ] } },
{ "type": "Feature", "properties": { "resource_id": "facdb:fc0232749030ddef86ae90b83b03f1aa", "name": "Chinese Community Center of Flushing, Inc.", "category": "libraries-and-community", "source": "facdb", "is_coad_member": false }, "geometry": { "type": "Point", "coordinates": [ -73.821039, 40.754383 ] } },
{ "type": "Feature", "properties": { "resource_id": "facdb:fc4f0eaebb3e7abd1cd1f2b6022f18d2", "name": "Flushing Jewish Community Council Inc", "category": "children-and-youth", "source": "facdb", "is_coad_member": false }, "geometry": { "type": "Point", "coordinates": [ -73.794436, 40.758092 ] } },
{ "type": "Feature", "properties": { "resource_id": "facdb:fc5d1d23f2dad2dfa9ada6b5cf59c86a", "name": "All County LLC", "category": "health-care", "source": "facdb", "is_coad_member": false }, "geometry": { "type": "Point", "coordinates": [ -73.80728, 40.739065 ] } },
{ "type": "Feature", "properties": { "resource_id": "facdb:fe7162da431b4feb888403be671bf526", "name": "Hermon A. MacNeil Park", "category": "parks-and-environment", "source": "facdb", "is_coad_member": false }, "geometry": { "type": "Point", "coordinates": [ -73.851707, 40.79306 ] } },
{ "type": "Feature", "properties": { "resource_id": "facdb:ffac8783ced1ac1d7b4dc011512777d5", "name": "Samuel Field YM & YWHA Inc", "category": "older-adults", "source": "facdb", "is_coad_member": false }, "geometry": { "type": "Point", "coordinates": [ -73.797601, 40.783019 ] } },
{ "type": "Feature", "properties": { "resource_id": "facdb:ffee4f5ef393513d8b7f602c67c658cf", "name": "Herald Mission Center", "category": "children-and-youth", "source": "facdb", "is_coad_member": false }, "geometry": { "type": "Point", "coordinates": [ -73.812215, 40.738996 ] } },
{ "type": "Feature", "properties": { "resource_id": "qnpd:asian-americans-for-equality", "name": "Asian Americans For Equality", "category": "housing-and-shelter", "source": "qnpd", "is_coad_member": false }, "geometry": { "type": "Point", "coordinates": [ -73.830698, 40.75791 ] } },
{ "type": "Feature", "properties": { "resource_id": "qnpd:caipa-foundation-inc--1", "name": "CAIPA Foundation, Inc.", "category": "health-care", "source": "qnpd", "is_coad_member": false }, "geometry": { "type": "Point", "coordinates": [ -73.828247, 40.744312 ] } },
{ "type": "Feature", "properties": { "resource_id": "qnpd:caipa-foundation-inc--2", "name": "CAIPA Foundation, Inc.", "category": "benefits-and-legal", "source": "qnpd", "is_coad_member": false }, "geometry": { "type": "Point", "coordinates": [ -73.828247, 40.744312 ] } },
{ "type": "Feature", "properties": { "resource_id": "qnpd:caipa-foundation-inc--3", "name": "CAIPA Foundation, Inc.", "category": "mental-health-and-recovery", "source": "qnpd", "is_coad_member": false }, "geometry": { "type": "Point", "coordinates": [ -73.828247, 40.744312 ] } },
{ "type": "Feature", "properties": { "resource_id": "qnpd:flushing-council-on-culture-and-the-arts-dba-flushing-town-h", "name": "Flushing Council on Culture and the Arts DBA Flushing Town Hall", "category": "libraries-and-community", "source": "qnpd", "is_coad_member": false }, "geometry": { "type": "Point", "coordinates": [ -73.830072, 40.763883 ] } },
{ "type": "Feature", "properties": { "resource_id": "qnpd:green-earth-urban-gardens-inc", "name": "Green Earth Urban Gardens Inc", "category": "children-and-youth", "source": "qnpd", "is_coad_member": false }, "geometry": { "type": "Point", "coordinates": [ -73.818711, 40.779023 ] } },
{ "type": "Feature", "properties": { "resource_id": "qnpd:joanna-sophia-foundation", "name": "Joanna Sophia Foundation", "category": "health-care", "source": "qnpd", "is_coad_member": false }, "geometry": { "type": "Point", "coordinates": [ -73.806998, 40.792176 ] } },
{ "type": "Feature", "properties": { "resource_id": "qnpd:queens-botanical-garden", "name": "Queens Botanical Garden", "category": "libraries-and-community", "source": "qnpd", "is_coad_member": false }, "geometry": { "type": "Point", "coordinates": [ -73.827732, 40.751085 ] } },
{ "type": "Feature", "properties": { "resource_id": "qnpd:queens-historical-society", "name": "Queens Historical Society", "category": "education-and-jobs", "source": "qnpd", "is_coad_member": false }, "geometry": { "type": "Point", "coordinates": [ -73.824159, 40.763622 ] } },
{ "type": "Feature", "properties": { "resource_id": "qnpd:queens-school-of-jazz-contemporary-music", "name": "Queens School of Jazz & Contemporary Music", "category": "libraries-and-community", "source": "qnpd", "is_coad_member": false }, "geometry": { "type": "Point", "coordinates": [ -73.780088, 40.780682 ] } },
{ "type": "Feature", "properties": { "resource_id": "qnpd:south-asian-council-for-social-services-sacss", "name": "South Asian Council for Social Services (SACSS)", "category": "benefits-and-legal", "source": "qnpd", "is_coad_member": false }, "geometry": { "type": "Point", "coordinates": [ -73.818146, 40.753772 ] } },
{ "type": "Feature", "properties": { "resource_id": "qnpd:st-fidelis-rc-church-street-outreach", "name": "St. Fidelis RC Church Street Outreach", "category": "benefits-and-legal", "source": "qnpd", "is_coad_member": false }, "geometry": { "type": "Point", "coordinates": [ -73.844562, 40.785153 ] } },
{ "type": "Feature", "properties": { "resource_id": "qnpd:the-rick-miller-foundation--1", "name": "The Rick Miller Foundation", "category": "food-assistance", "source": "qnpd", "is_coad_member": false }, "geometry": { "type": "Point", "coordinates": [ -73.781589, 40.788671 ] } },
{ "type": "Feature", "properties": { "resource_id": "qnpd:the-rick-miller-foundation--2", "name": "The Rick Miller Foundation", "category": "children-and-youth", "source": "qnpd", "is_coad_member": false }, "geometry": { "type": "Point", "coordinates": [ -73.781589, 40.788671 ] } }
]
}
