{
"type": "FeatureCollection",
"name": "q12",
"features": [
{ "type": "Feature", "properties": { "resource_id": "facdb:00acfcd3a83d7aa4884e2595972c04fc", "name": "Chn Mobile Van V", "category": "health-care", "source": "facdb", "is_coad_member": false }, "geometry": { "type": "Point", "coordinates": [ -73.805968, 40.696917 ] } },
{ "type": "Feature", "properties": { "resource_id": "facdb:00b02f764c86f7cbe2233463faee109f", "name": "P.S. 134 Hollis", "category": "children-and-youth", "source": "facdb", "is_coad_member": false }, "geometry": { "type": "Point", "coordinates": [ -73.754813, 40.707688 ] } },
{ "type": "Feature", "properties": { "resource_id": "facdb:01271282d6bc6af32b966b1debe077e0", "name": "YMCA of Greater New York", "category": "children-and-youth", "source": "facdb", "is_coad_member": false }, "geometry": { "type": "Point", "coordinates": [ -73.753028, 40.681805 ] } },
{ "type": "Feature", "properties": { "resource_id": "facdb:01beed8c13af460d3caae7a7e180558a", "name": "Winner's Chapel Inc. : More Than Conquerors Global Ministries Inc.", "category": "food-assistance", "source": "facdb", "is_coad_member": false }, "geometry": { "type": "Point", "coordinates": [ -73.782554, 40.669149 ] } },
{ "type": "Feature", "properties": { "resource_id": "facdb:02a7dcacfa6ceeb7e8b2c23bde3fdf93", "name": "August Martin High School", "category": "health-care", "source": "facdb", "is_coad_member": false }, "geometry": { "type": "Point", "coordinates": [ -73.783244, 40.674754 ] } },
{ "type": "Feature", "properties": { "resource_id": "facdb:02aac6d4b3ce2af21e4a7af2bd2b6129", "name": "Medisys Family Care - Hollis Tudors", "category": "health-care", "source": "facdb", "is_coad_member": false }, "geometry": { "type": "Point", "coordinates": [ -73.756907, 40.706013 ] } },
{ "type": "Feature", "properties": { "resource_id": "facdb:02cb185806699f1df7d63db3358331e2", "name": "Citimed Surgery Center", "category": "health-care", "source": "facdb", "is_coad_member": false }, "geometry": { "type": "Point", "coordinates": [ -73.794884, 40.70498 ] } },
{ "type": "Feature", "properties": { "resource_id": "facdb:02fc930bf8292070e59b53d26145f243", "name": "Family Court", "category": "government-offices", "source": "facdb", "is_coad_member": false }, "geometry": { "type": "Point", "coordinates": [ -73.802782, 40.702185 ] } },
{ "type": "Feature", "properties": { "resource_id": "facdb:030436cbf0fdcfb0934bfcb8ea4268fb", "name": "Catholic Charities Neighborhood Services - Hh Cm", "category": "mental-health-and-recovery", "source": "facdb", "is_coad_member": false }, "geometry": { "type": "Point", "coordinates": [ -73.794386, 40.705956 ] } },
{ "type": "Feature", "properties": { "resource_id": "facdb:034b25e04a4e226a0633e7d128f1dc09", "name": "I.S. 192 the Linden", "category": "children-and-youth", "source": "facdb", "is_coad_member": false }, "geometry": { "type": "Point", "coordinates": [ -73.752765, 40.705722 ] } },
{ "type": "Feature", "properties": { "resource_id": "facdb:04cbfd01f597446f35fca1f8de7409b8", "name": "Tsiny Pros", "category": "mental-health-and-recovery", "source": "facdb", "is_coad_member": false }, "geometry": { "type": "Point", "coordinates": [ -73.807827, 40.702445 ] } },
{ "type": "Feature", "properties": { "resource_id": "facdb:0544725b7fc841fded0606efa219503e", "name": "Brooks Day Camp", "category": "children-and-youth", "source": "facdb", "is_coad_member": false }, "geometry": { "type": "Point", "coordinates": [ -73.799854, 40.688182 ] } },
{ "type": "Feature", "properties": { "resource_id": "facdb:055c833446fd0eefb879abf931238c40", "name": "Pvb/Traffic Enforcement Office", "category": "government-offices", "source": "facdb", "is_coad_member": false }, "geometry": { "type": "Point", "coordinates": [ -73.797907, 40.705273 ] } },
{ "type": "Feature", "properties": { "resource_id": "facdb:05756116066e3b991698176ff2ff7eef", "name": "South Jamaica", "category": "children-and-youth", "source": "facdb", "is_coad_member": false }, "geometry": { "type": "Point", "coordinates": [ -73.792961, 40.694198 ] } },
{ "type": "Feature", "properties": { "resource_id": "facdb:0579524cbabc91778db19d615b25016f", "name": "C. Drew Elc 3 and T. Jackson Senior Center", "category": "government-offices", "source": "facdb", "is_coad_member": false }, "geometry": { "type": "Point", "coordinates": [ -73.793491, 40.704458 ] } },
{ "type": "Feature", "properties": { "resource_id": "facdb:058faff0383205dc2f534e93c152685c", "name": "Celeste Training Center, LLC", "category": "education-and-jobs", "source": "facdb", "is_coad_member": false }, "geometry": { "type": "Point", "coordinates": [ -73.755071, 40.713878 ] } },
{ "type": "Feature", "properties": { "resource_id": "facdb:0591d28624689dce2bbc399bfa4c3a8e", "name": "Queens Computer Ctr Inc", "category": "education-and-jobs", "source": "facdb", "is_coad_member": false }, "geometry": { "type": "Point", "coordinates": [ -73.799047, 40.704444 ] } },
{ "type": "Feature", "properties": { "resource_id": "facdb:059345cae538e5bcf45fd1240a611709", "name": "In the Beginning Outreach, Inc. : in the Beginning Outreach, Inc.", "category": "food-assistance", "source": "facdb", "is_coad_member": false }, "geometry": { "type": "Point", "coordinates": [ -73.767192, 40.703559 ] } },
{ "type": "Feature", "properties": { "resource_id": "facdb:05c02f3896174297ecfa5e811de2f710", "name": "Clubhouse", "category": "mental-health-and-recovery", "source": "facdb", "is_coad_member": false }, "geometry": { "type": "Point", "coordinates": [ -73.806026, 40.706544 ] } },
{ "type": "Feature", "properties": { "resource_id": "facdb:05c58f521a720126c23db7b42499f431", "name": "The Greater Ridgewood Youth Council Inc", "category": "children-and-youth", "source": "facdb", "is_coad_member": false }, "geometry": { "type": "Point", "coordinates": [ -73.786573, 40.697138 ] } },
{ "type": "Feature", "properties": { "resource_id": "facdb:05da4102dff2c0de0663fcba0d8831b2", "name": "Vietnam Veterans of America Chapter 32 Queens New York Inc", "category": "children-and-youth", "source": "facdb", "is_coad_member": false }, "geometry": { "type": "Point", "coordinates": [ -73.768421, 40.690108 ] } },
{ "type": "Feature", "properties": { "resource_id": "facdb:05fb94459e8b87d34b079718706de908", "name": "St. Monica's Church", "category": "parks-and-environment", "source": "facdb", "is_coad_member": false }, "geometry": { "type": "Point", "coordinates": [ -73.798307, 40.70196 ] } },
{ "type": "Feature", "properties": { "resource_id": "facdb:06306ed48b981cc764658439c0c6227e", "name": "Uniting Disabled Individuals", "category": "disability-and-access", "source": "facdb", "is_coad_member": false }, "geometry": { "type": "Point", "coordinates": [ -73.798685, 40.691382 ] } },
{ "type": "Feature", "properties": { "resource_id": "facdb:0721a28197de5af55a0b11120b0548bf", "name": "Greater Bethel Community Development Corporation", "category": "libraries-and-community", "source": "facdb", "is_coad_member": false }, "geometry": { "type": "Point", "coordinates": [ -73.791644, 40.703787 ] } },
{ "type": "Feature", "properties": { "resource_id": "facdb:07ba0c7ac8aa083df08c596cec850348", "name": "Springfield Community Health Center", "category": "health-care", "source": "facdb", "is_coad_member": false }, "geometry": { "type": "Point", "coordinates": [ -73.755575, 40.67922 ] } },
{ "type": "Feature", "properties": { "resource_id": "facdb:08172fb3a315dd5fa26a6cc37b0a6743", "name": "Baisley Park", "category": "libraries-and-community", "source": "facdb", "is_coad_member": false }, "geometry": { "type": "Point", "coordinates": [ -73.791681, 40.680322 ] } },
{ "type": "Feature", "properties": { "resource_id": "facdb:08176079bb25af58ffe1ec96ea045278", "name": "Jobnet", "category": "mental-health-and-recovery", "source": "facdb", "is_coad_member": false }, "geometry": { "type": "Point", "coordinates": [ -73.7962, 40.704646 ] } },
{ "type": "Feature", "properties": { "resource_id": "facdb:087ac36dc4c38f837eb37afa5c8f5f78", "name": "Keep Empowering Youth Achievement", "category": "libraries-and-community", "source": "facdb", "is_coad_member": false }, "geometry": { "type": "Point", "coordinates": [ -73.753044, 40.681895 ] } },
{ "type": "Feature", "properties": { "resource_id": "facdb:09831f98b5b7e0faee6ccea75d929034", "name": "National Sorority Phi Dlta Kppa Bta Omcrn Chpt Bg Sstr Ed Ac", "category": "children-and-youth", "source": "facdb", "is_coad_member": false }, "geometry": { "type": "Point", "coordinates": [ -73.774777, 40.686639 ] } },
{ "type": "Feature", "properties": { "resource_id": "facdb:09f6d9c41225335ae7410df302a6ee0c", "name": "Chn Mobile Unit Three", "category": "health-care", "source": "facdb", "is_coad_member": false }, "geometry": { "type": "Point", "coordinates": [ -73.805968, 40.696917 ] } },
{ "type": "Feature", "properties": { "resource_id": "facdb:0a02487c87266c44f20cbbabe2e9c9ec", "name": "Second Chance Deliverance Church, Inc. : Second Chance Agape Worship Center", "category": "food-assistance", "source": "facdb", "is_coad_member": false }, "geometry": { "type": "Point", "coordinates": [ -73.757132, 40.705949 ] } },
{ "type": "Feature", "properties": { "resource_id": "facdb:0a08230601900b326912e3407131cd7e", "name": "Peters Field", "category": "parks-and-environment", "source": "facdb", "is_coad_member": false }, "geometry": { "type": "Point", "coordinates": [ -73.774839, 40.706015 ] } },
{ "type": "Feature", "properties": { "resource_id": "facdb:0a0e217fd574fe899bc05a3649318b0f", "name": "August Martin High School (27Q400)", "category": "children-and-youth", "source": "facdb", "is_coad_member": false }, "geometry": { "type": "Point", "coordinates": [ -73.783244, 40.674754 ] } },
{ "type": "Feature", "properties": { "resource_id": "facdb:0ac0803835c7533e31cba0f457fc061b", "name": "Det Keith Williams (Liberty) Park", "category": "children-and-youth", "source": "facdb", "is_coad_member": false }, "geometry": { "type": "Point", "coordinates": [ -73.784694, 40.702331 ] } },
{ "type": "Feature", "properties": { "resource_id": "facdb:0b697b1218c130581035a503db96e5fc", "name": "Family Court", "category": "government-offices", "source": "facdb", "is_coad_member": false }, "geometry": { "type": "Point", "coordinates": [ -73.802782, 40.702185 ] } },
{ "type": "Feature", "properties": { "resource_id": "facdb:0ba7d100c5463fe79c0f9e30bd0a1afa", "name": "All Event Palace", "category": "children-and-youth", "source": "facdb", "is_coad_member": false }, "geometry": { "type": "Point", "coordinates": [ -73.782857, 40.707727 ] } },
{ "type": "Feature", "properties": { "resource_id": "facdb:0bddb719dacfdaa4b505efe092c2da86", "name": "Community Mediation Services, Inc.", "category": "benefits-and-legal", "source": "facdb", "is_coad_member": false }, "geometry": { "type": "Point", "coordinates": [ -73.797435, 40.705291 ] } },
{ "type": "Feature", "properties": { "resource_id": "facdb:0c0684542b8965944fe1e6b6db092600", "name": "Queens Parent Resource Center  Inc", "category": "disability-and-access", "source": "facdb", "is_coad_member": false }, "geometry": { "type": "Point", "coordinates": [ -73.749685, 40.703194 ] } },
{ "type": "Feature", "properties": { "resource_id": "facdb:0d587706e460b8e1345a98ae22b7f713", "name": "Education/Training and Resource Center: Peer Support", "category": "mental-health-and-recovery", "source": "facdb", "is_coad_member": false }, "geometry": { "type": "Point", "coordinates": [ -73.807827, 40.702445 ] } },
{ "type": "Feature", "properties": { "resource_id": "facdb:0d58ff715f454bd845fe8b0632914b16", "name": "Fund for the City of New York, Inc.", "category": "benefits-and-legal", "source": "facdb", "is_coad_member": false }, "geometry": { "type": "Point", "coordinates": [ -73.80281, 40.702186 ] } },
{ "type": "Feature", "properties": { "resource_id": "facdb:0d71f248599853310bbfcee672734737", "name": "Jamaica Family Wellness Center", "category": "mental-health-and-recovery", "source": "facdb", "is_coad_member": false }, "geometry": { "type": "Point", "coordinates": [ -73.7962, 40.704646 ] } },
{ "type": "Feature", "properties": { "resource_id": "facdb:0dcd80d5d86b52d2d50f85591f668fa0", "name": "South Jamaica Community Center", "category": "children-and-youth", "source": "facdb", "is_coad_member": false }, "geometry": { "type": "Point", "coordinates": [ -73.792112, 40.693701 ] } },
{ "type": "Feature", "properties": { "resource_id": "facdb:0dd6d6b531c0cadf45f3dd4ac0824435", "name": "Baisley Park", "category": "libraries-and-community", "source": "facdb", "is_coad_member": false }, "geometry": { "type": "Point", "coordinates": [ -73.784059, 40.685342 ] } },
{ "type": "Feature", "properties": { "resource_id": "facdb:0e978c37db53c0279a5e881a27354ff0", "name": "Southern Queens Park Assoc. Inc.", "category": "children-and-youth", "source": "facdb", "is_coad_member": false }, "geometry": { "type": "Point", "coordinates": [ -73.769284, 40.687106 ] } },
{ "type": "Feature", "properties": { "resource_id": "facdb:0f19f526cd0aab58c7e0e00d4a95c129", "name": "Catholic Charities Neighborhood Services Inc", "category": "children-and-youth", "source": "facdb", "is_coad_member": false }, "geometry": { "type": "Point", "coordinates": [ -73.806779, 40.694889 ] } },
{ "type": "Feature", "properties": { "resource_id": "facdb:0f3268d0996dc59e431ed6543982307b", "name": "First Reformed Church", "category": "parks-and-environment", "source": "facdb", "is_coad_member": false }, "geometry": { "type": "Point", "coordinates": [ -73.801721, 40.702471 ] } },
{ "type": "Feature", "properties": { "resource_id": "facdb:0f72fb7e35eb37b966368ef8efa16407", "name": "Cv 113th Pct South Jamaica/Hollis", "category": "benefits-and-legal", "source": "facdb", "is_coad_member": false }, "geometry": { "type": "Point", "coordinates": [ -73.795562, 40.688145 ] } },
{ "type": "Feature", "properties": { "resource_id": "facdb:0f7539850a7fc86c91410f5fcd9c6061", "name": "Mobile Eye Clinic", "category": "health-care", "source": "facdb", "is_coad_member": false }, "geometry": { "type": "Point", "coordinates": [ -73.805968, 40.696917 ] } },
{ "type": "Feature", "properties": { "resource_id": "facdb:0f9d7db9e56ba7b269bc0ef9dfcc7227", "name": "M.S. 358", "category": "children-and-youth", "source": "facdb", "is_coad_member": false }, "geometry": { "type": "Point", "coordinates": [ -73.798369, 40.708483 ] } },
{ "type": "Feature", "properties": { "resource_id": "facdb:0f9ee995bf1cbb2db3af34b8662f06bc", "name": "JHS 8 Richard S. Grossley", "category": "children-and-youth", "source": "facdb", "is_coad_member": false }, "geometry": { "type": "Point", "coordinates": [ -73.786573, 40.697138 ] } },
{ "type": "Feature", "properties": { "resource_id": "facdb:0fb05940d2d4df5db1b0b218bbc27a7c", "name": "Engine 301/LADDER 150", "category": "emergency-services", "source": "facdb", "is_coad_member": false }, "geometry": { "type": "Point", "coordinates": [ -73.76304, 40.714501 ] } },
{ "type": "Feature", "properties": { "resource_id": "facdb:10808f4c03ca02a12ca81d5d652523bc", "name": "Rochdale Village Social Services Inc", "category": "children-and-youth", "source": "facdb", "is_coad_member": false }, "geometry": { "type": "Point", "coordinates": [ -73.771215, 40.674639 ] } },
{ "type": "Feature", "properties": { "resource_id": "facdb:10d716417359608856c4f28c11477153", "name": "Community Mediation Services, Inc.", "category": "benefits-and-legal", "source": "facdb", "is_coad_member": false }, "geometry": { "type": "Point", "coordinates": [ -73.797435, 40.705291 ] } },
{ "type": "Feature", "properties": { "resource_id": "facdb:1172d5fe77f94ead3f62ab2b5299b449", "name": "P.S./I.S. 116 William C. Hughley", "category": "children-and-youth", "source": "facdb", "is_coad_member": false }, "geometry": { "type": "Point", "coordinates": [ -73.781785, 40.700764 ] } },
{ "type": "Feature", "properties": { "resource_id": "facdb:11b668b01086cc9af21d3dfdac4432b9", "name": "Black Spectrum Theater Company Inc", "category": "children-and-youth", "source": "facdb", "is_coad_member": false }, "geometry": { "type": "Point", "coordinates": [ -73.763605, 40.689381 ] } },
{ "type": "Feature", "properties": { "resource_id": "facdb:1309d8380dd04526ad58d2eb3c8b7ebf", "name": "High School for Law Enforcement and Public Safety (28Q690)", "category": "benefits-and-legal", "source": "facdb", "is_coad_member": false }, "geometry": { "type": "Point", "coordinates": [ -73.783439, 40.685956 ] } },
{ "type": "Feature", "properties": { "resource_id": "facdb:13724f1b258f76ad1bf68773ba3cb6d5", "name": "South Jamaica II", "category": "libraries-and-community", "source": "facdb", "is_coad_member": false }, "geometry": { "type": "Point", "coordinates": [ -73.792112, 40.693701 ] } },
{ "type": "Feature", "properties": { "resource_id": "facdb:13937d4b34bb34246bb0a8712c097109", "name": "Jamaica", "category": "children-and-youth", "source": "facdb", "is_coad_member": false }, "geometry": { "type": "Point", "coordinates": [ -73.79165, 40.707155 ] } },
{ "type": "Feature", "properties": { "resource_id": "facdb:15342452d9f58d37e5ba2e22a255502c", "name": "Shelter Rock Vbs", "category": "children-and-youth", "source": "facdb", "is_coad_member": false }, "geometry": { "type": "Point", "coordinates": [ -73.789549, 40.687818 ] } },
{ "type": "Feature", "properties": { "resource_id": "facdb:15586bb6e61f0392b3c7c51e98362dcf", "name": "New Allen School, Inc.", "category": "education-and-jobs", "source": "facdb", "is_coad_member": false }, "geometry": { "type": "Point", "coordinates": [ -73.7962, 40.704646 ] } },
{ "type": "Feature", "properties": { "resource_id": "facdb:162ec7b0f22f73e6cde995cc4bd59b7d", "name": "First Presbyterian Church of Jamaica : First Presbyterian Church of Jamaica", "category": "food-assistance", "source": "facdb", "is_coad_member": false }, "geometry": { "type": "Point", "coordinates": [ -73.796652, 40.705796 ] } },
{ "type": "Feature", "properties": { "resource_id": "facdb:163fcea391190dad46a360266830f34c", "name": "Allen AME Church Dba Allen Community Senior Citizens Center", "category": "older-adults", "source": "facdb", "is_coad_member": false }, "geometry": { "type": "Point", "coordinates": [ -73.793499, 40.704475 ] } },
{ "type": "Feature", "properties": { "resource_id": "facdb:166aa09396f8892c2a77fefba10dbf37", "name": "Gospel Assembly - Queens : Gospel Assembly Food Pantry", "category": "food-assistance", "source": "facdb", "is_coad_member": false }, "geometry": { "type": "Point", "coordinates": [ -73.766944, 40.703571 ] } },
{ "type": "Feature", "properties": { "resource_id": "facdb:1698220d57103dc592cda177a2e4392e", "name": "Lets Do Science York College", "category": "children-and-youth", "source": "facdb", "is_coad_member": false }, "geometry": { "type": "Point", "coordinates": [ -73.796262, 40.701747 ] } },
{ "type": "Feature", "properties": { "resource_id": "facdb:16e66883786a3d593a39f6d6a2e5930c", "name": "Gertz Plaza ACS Multi Program", "category": "government-offices", "source": "facdb", "is_coad_member": false }, "geometry": { "type": "Point", "coordinates": [ -73.7971, 40.703768 ] } },
{ "type": "Feature", "properties": { "resource_id": "facdb:171c56b2d1d860d8219af0f7974234e7", "name": "JHS 8 Richard S. Grossley (28Q008)", "category": "children-and-youth", "source": "facdb", "is_coad_member": false }, "geometry": { "type": "Point", "coordinates": [ -73.786573, 40.697138 ] } },
{ "type": "Feature", "properties": { "resource_id": "facdb:18e85a93dfc2522120d7446181c56c96", "name": "Metropolitan Career Institute", "category": "education-and-jobs", "source": "facdb", "is_coad_member": false }, "geometry": { "type": "Point", "coordinates": [ -73.794386, 40.705956 ] } },
{ "type": "Feature", "properties": { "resource_id": "facdb:1934fcdfbc1b91ef57f105297f68332f", "name": "PS 36 Saint Albans School", "category": "children-and-youth", "source": "facdb", "is_coad_member": false }, "geometry": { "type": "Point", "coordinates": [ -73.763883, 40.69125 ] } },
{ "type": "Feature", "properties": { "resource_id": "facdb:195e19be30169c20a952958ba34cbe83", "name": "Moriah City Community : Moriah City Community Food Pantry", "category": "food-assistance", "source": "facdb", "is_coad_member": false }, "geometry": { "type": "Point", "coordinates": [ -73.74552, 40.696136 ] } },
{ "type": "Feature", "properties": { "resource_id": "facdb:19c38676eb3900cb4b5070fc3485cdac", "name": "Community Mediation Services Map Mediation- Queens Map Sites", "category": "benefits-and-legal", "source": "facdb", "is_coad_member": false }, "geometry": { "type": "Point", "coordinates": [ -73.797435, 40.705291 ] } },
{ "type": "Feature", "properties": { "resource_id": "facdb:1a535761100e82d5f490e5c08317ca72", "name": "Nys Veterans Home in NYC", "category": "health-care", "source": "facdb", "is_coad_member": false }, "geometry": { "type": "Point", "coordinates": [ -73.769446, 40.691119 ] } },
{ "type": "Feature", "properties": { "resource_id": "facdb:1a8bbe7b8a75b4d4f906510e5815469c", "name": "USDA-CE0 P009Q at PS 882Q", "category": "children-and-youth", "source": "facdb", "is_coad_member": false }, "geometry": { "type": "Point", "coordinates": [ -73.805059, 40.702909 ] } },
{ "type": "Feature", "properties": { "resource_id": "facdb:1aa8b35c07516b4dc44e20fba1445b72", "name": "Dinizulu Cultural Arts Institute, Inc.", "category": "libraries-and-community", "source": "facdb", "is_coad_member": false }, "geometry": { "type": "Point", "coordinates": [ -73.786325, 40.703852 ] } },
{ "type": "Feature", "properties": { "resource_id": "facdb:1ab2cba01fb9cb12b592a655aa6c3a0d", "name": "PS 15 Jackie Robinson", "category": "children-and-youth", "source": "facdb", "is_coad_member": false }, "geometry": { "type": "Point", "coordinates": [ -73.75693, 40.686034 ] } },
{ "type": "Feature", "properties": { "resource_id": "facdb:1ada4f31df58eef244cf2762a918b200", "name": "J-Cap Inc Thomas & Marie White Health Center", "category": "health-care", "source": "facdb", "is_coad_member": false }, "geometry": { "type": "Point", "coordinates": [ -73.792862, 40.681951 ] } },
{ "type": "Feature", "properties": { "resource_id": "facdb:1c8f7ff3d701335564cd1cfed255b643", "name": "Vet Inc - Summer Tutorial", "category": "children-and-youth", "source": "facdb", "is_coad_member": false }, "geometry": { "type": "Point", "coordinates": [ -73.761323, 40.69541 ] } },
{ "type": "Feature", "properties": { "resource_id": "facdb:1d0572de7bc01d0fb26be5e6d43ef1bc", "name": "New Beginnings Outreach – Reaching Beyond the Walls", "category": "children-and-youth", "source": "facdb", "is_coad_member": false }, "geometry": { "type": "Point", "coordinates": [ -73.797452, 40.672014 ] } },
{ "type": "Feature", "properties": { "resource_id": "facdb:1d7422aa71e3f39b18146e03fdcf3399", "name": "Pathways College Preparatory School: a College Board School (29Q259)", "category": "children-and-youth", "source": "facdb", "is_coad_member": false }, "geometry": { "type": "Point", "coordinates": [ -73.752765, 40.705722 ] } },
{ "type": "Feature", "properties": { "resource_id": "facdb:1ddacdfcea201ee0e2776586f7c205e7", "name": "Catholic Charities Neighborhood Services, Inc.", "category": "children-and-youth", "source": "facdb", "is_coad_member": false }, "geometry": { "type": "Point", "coordinates": [ -73.804366, 40.69321 ] } },
{ "type": "Feature", "properties": { "resource_id": "facdb:1deed3ceb6ebaa8c80d318eb79f9aa0d", "name": "Islamic Circle of North America Inc", "category": "children-and-youth", "source": "facdb", "is_coad_member": false }, "geometry": { "type": "Point", "coordinates": [ -73.79431, 40.708177 ] } },
{ "type": "Feature", "properties": { "resource_id": "facdb:1e4ce2eecf4f1097ea7c694287bbc548", "name": "Sunshine Learning Center", "category": "children-and-youth", "source": "facdb", "is_coad_member": false }, "geometry": { "type": "Point", "coordinates": [ -73.751382, 40.694484 ] } },
{ "type": "Feature", "properties": { "resource_id": "facdb:1e6de2a721eaccf1dd66e03f24b22258", "name": "African Center for Com. Empowerment", "category": "children-and-youth", "source": "facdb", "is_coad_member": false }, "geometry": { "type": "Point", "coordinates": [ -73.76536, 40.701359 ] } },
{ "type": "Feature", "properties": { "resource_id": "facdb:1f6466bf0f45b0964261e278914ea891", "name": "Visiting Nurse Service of New York Homecare II", "category": "mental-health-and-recovery", "source": "facdb", "is_coad_member": false }, "geometry": { "type": "Point", "coordinates": [ -73.797097, 40.703779 ] } },
{ "type": "Feature", "properties": { "resource_id": "facdb:1f6b60b054aabd0ebeb29d5eb1bd0639", "name": "Elite Stenotype Academy", "category": "education-and-jobs", "source": "facdb", "is_coad_member": false }, "geometry": { "type": "Point", "coordinates": [ -73.809316, 40.704397 ] } },
{ "type": "Feature", "properties": { "resource_id": "facdb:1f7325b93212d5e64a87eb5dcc281d59", "name": "Memorial AME Zion", "category": "children-and-youth", "source": "facdb", "is_coad_member": false }, "geometry": { "type": "Point", "coordinates": [ -73.788767, 40.682797 ] } },
{ "type": "Feature", "properties": { "resource_id": "facdb:1f91791e362ea59f575bd73c918d9842", "name": "Northeastern Conference Adventist Community Svcs : Jamaica Hispanic SDA Church", "category": "food-assistance", "source": "facdb", "is_coad_member": false }, "geometry": { "type": "Point", "coordinates": [ -73.80089, 40.707327 ] } },
{ "type": "Feature", "properties": { "resource_id": "facdb:1fa23eab697a5ffa2d79e303e1708b60", "name": "Alc-Jamaica Academy", "category": "children-and-youth", "source": "facdb", "is_coad_member": false }, "geometry": { "type": "Point", "coordinates": [ -73.805059, 40.702909 ] } },
{ "type": "Feature", "properties": { "resource_id": "facdb:201be3223e31b23eb7eba4947cc880d3", "name": "Queens Computer Ctr Inc", "category": "education-and-jobs", "source": "facdb", "is_coad_member": false }, "geometry": { "type": "Point", "coordinates": [ -73.799047, 40.704444 ] } },
{ "type": "Feature", "properties": { "resource_id": "facdb:2046a4c94864bf85bfa768523fbc182b", "name": "Student Leadership Network Inc", "category": "children-and-youth", "source": "facdb", "is_coad_member": false }, "geometry": { "type": "Point", "coordinates": [ -73.804179, 40.708442 ] } },
{ "type": "Feature", "properties": { "resource_id": "facdb:2137e6c339cc4b061ea79c2dfb660457", "name": "Major Mark Park", "category": "parks-and-environment", "source": "facdb", "is_coad_member": false }, "geometry": { "type": "Point", "coordinates": [ -73.788538, 40.711669 ] } },
{ "type": "Feature", "properties": { "resource_id": "facdb:214d9a98bb8155226ed98410e3d51ea2", "name": "Resurrection Lutheran Church : Resurrection Lutheran Church", "category": "food-assistance", "source": "facdb", "is_coad_member": false }, "geometry": { "type": "Point", "coordinates": [ -73.763226, 40.697282 ] } },
{ "type": "Feature", "properties": { "resource_id": "facdb:21719eb5738fccdfc4de3283f51df9da", "name": "Brooks Memorial UMC : Brooks Memorial UMC", "category": "food-assistance", "source": "facdb", "is_coad_member": false }, "geometry": { "type": "Point", "coordinates": [ -73.802994, 40.688504 ] } },
{ "type": "Feature", "properties": { "resource_id": "facdb:217254679bde023a272af4780a486f40", "name": "York Early College Academy", "category": "children-and-youth", "source": "facdb", "is_coad_member": false }, "geometry": { "type": "Point", "coordinates": [ -73.786573, 40.697138 ] } },
{ "type": "Feature", "properties": { "resource_id": "facdb:21b48dd92aee59ee3f25a89eef202d5e", "name": "Umoja Network for Young Men Inc", "category": "children-and-youth", "source": "facdb", "is_coad_member": false }, "geometry": { "type": "Point", "coordinates": [ -73.757868, 40.668086 ] } },
{ "type": "Feature", "properties": { "resource_id": "facdb:221adf544c09a5031ae92e9e132aa6c3", "name": "Southern Queens Park Assoc. Inc.", "category": "children-and-youth", "source": "facdb", "is_coad_member": false }, "geometry": { "type": "Point", "coordinates": [ -73.786573, 40.697138 ] } },
{ "type": "Feature", "properties": { "resource_id": "facdb:227a9b03ad48c1682644a3fb7b91c741", "name": "Second Chance Agape Worship Center", "category": "children-and-youth", "source": "facdb", "is_coad_member": false }, "geometry": { "type": "Point", "coordinates": [ -73.757132, 40.705949 ] } },
{ "type": "Feature", "properties": { "resource_id": "facdb:22a41631cf7386bbb8be81da6b7f08da", "name": "Pre-Vocational Services", "category": "mental-health-and-recovery", "source": "facdb", "is_coad_member": false }, "geometry": { "type": "Point", "coordinates": [ -73.807827, 40.702445 ] } },
{ "type": "Feature", "properties": { "resource_id": "facdb:22a5191f9f1aa6b86fb4d1ad0ca66cb8", "name": "Life Camp Mtu - 113th Pct", "category": "benefits-and-legal", "source": "facdb", "is_coad_member": false }, "geometry": { "type": "Point", "coordinates": [ -73.795562, 40.688145 ] } },
{ "type": "Feature", "properties": { "resource_id": "facdb:22f6f37caf027f09edb8956a678e5eb6", "name": "The Emerson School", "category": "children-and-youth", "source": "facdb", "is_coad_member": false }, "geometry": { "type": "Point", "coordinates": [ -73.786573, 40.697138 ] } },
{ "type": "Feature", "properties": { "resource_id": "facdb:236c705cc7c86d5ca72468436d7af445", "name": "Bushwick Center for Rehabilitation and Health Care", "category": "health-care", "source": "facdb", "is_coad_member": false }, "geometry": { "type": "Point", "coordinates": [ -73.770645, 40.683117 ] } },
{ "type": "Feature", "properties": { "resource_id": "facdb:23b4c4db5cc948099e06a368473e2edd", "name": "Engine 275/LADDER 133", "category": "emergency-services", "source": "facdb", "is_coad_member": false }, "geometry": { "type": "Point", "coordinates": [ -73.781022, 40.693471 ] } },
{ "type": "Feature", "properties": { "resource_id": "facdb:2491a11cec2d2cc5b7c35566cd201d91", "name": "Blanche Memorial Church : Blanche Memorial Church", "category": "food-assistance", "source": "facdb", "is_coad_member": false }, "geometry": { "type": "Point", "coordinates": [ -73.797121, 40.690006 ] } },
{ "type": "Feature", "properties": { "resource_id": "facdb:25b7ecefaa2bf0bfce1cf10d8a1a9160", "name": "Southern Queens Park Assoc. Inc.", "category": "children-and-youth", "source": "facdb", "is_coad_member": false }, "geometry": { "type": "Point", "coordinates": [ -73.769284, 40.687106 ] } },
{ "type": "Feature", "properties": { "resource_id": "facdb:25fa48a172c52f7a85e6b0c5e21eefd0", "name": "Police Athletic League Inc", "category": "children-and-youth", "source": "facdb", "is_coad_member": false }, "geometry": { "type": "Point", "coordinates": [ -73.752765, 40.705722 ] } },
{ "type": "Feature", "properties": { "resource_id": "facdb:2651a326e8aeea567365416555671b73", "name": "MacEdonia AME Church : MacEdonia AME Church", "category": "food-assistance", "source": "facdb", "is_coad_member": false }, "geometry": { "type": "Point", "coordinates": [ -73.793606, 40.699246 ] } },
{ "type": "Feature", "properties": { "resource_id": "facdb:26579ef7d9a94bc477eea2f879e0d390", "name": "Hillside House/Met Council", "category": "children-and-youth", "source": "facdb", "is_coad_member": false }, "geometry": { "type": "Point", "coordinates": [ -73.798134, 40.70728 ] } },
{ "type": "Feature", "properties": { "resource_id": "facdb:267cb76d65ff41db68d4831f36b642cd", "name": "Science Engineering at York College", "category": "children-and-youth", "source": "facdb", "is_coad_member": false }, "geometry": { "type": "Point", "coordinates": [ -73.796262, 40.701747 ] } },
{ "type": "Feature", "properties": { "resource_id": "facdb:26cbb912a537c0d292372faee1ea6843", "name": "Family Court", "category": "government-offices", "source": "facdb", "is_coad_member": false }, "geometry": { "type": "Point", "coordinates": [ -73.802782, 40.702185 ] } },
{ "type": "Feature", "properties": { "resource_id": "facdb:26f04efd2a98a4ce101b35ba23bc697f", "name": "Queens Legal Services Corporation", "category": "benefits-and-legal", "source": "facdb", "is_coad_member": false }, "geometry": { "type": "Point", "coordinates": [ -73.808924, 40.703482 ] } },
{ "type": "Feature", "properties": { "resource_id": "facdb:28329dee6898b4cd78a1fcff4949aab9", "name": "P.S. 223 Lyndon B. Johnson", "category": "children-and-youth", "source": "facdb", "is_coad_member": false }, "geometry": { "type": "Point", "coordinates": [ -73.79029, 40.674545 ] } },
{ "type": "Feature", "properties": { "resource_id": "facdb:28524db8df8d113415b215360359a2a2", "name": "Hip-Hop Summit Youth Council Inc", "category": "children-and-youth", "source": "facdb", "is_coad_member": false }, "geometry": { "type": "Point", "coordinates": [ -73.783443, 40.691131 ] } },
{ "type": "Feature", "properties": { "resource_id": "facdb:286eda85dbdc6d3d4225888daa565dcc", "name": "Visiting Nurse Queens Act Program", "category": "mental-health-and-recovery", "source": "facdb", "is_coad_member": false }, "geometry": { "type": "Point", "coordinates": [ -73.797097, 40.703779 ] } },
{ "type": "Feature", "properties": { "resource_id": "facdb:287bf73b5bb54c1c0b5433a690da1b30", "name": "Sheltering Arms Children and Family Services Inc", "category": "children-and-youth", "source": "facdb", "is_coad_member": false }, "geometry": { "type": "Point", "coordinates": [ -73.798063, 40.704565 ] } },
{ "type": "Feature", "properties": { "resource_id": "facdb:28f3238496712eb2b1c1f091bccff3cf", "name": "Family Court", "category": "government-offices", "source": "facdb", "is_coad_member": false }, "geometry": { "type": "Point", "coordinates": [ -73.802782, 40.702185 ] } },
{ "type": "Feature", "properties": { "resource_id": "facdb:29594bbfb24622ab59c49a312ac6e2b3", "name": "The Child Center of NY Inc", "category": "children-and-youth", "source": "facdb", "is_coad_member": false }, "geometry": { "type": "Point", "coordinates": [ -73.757868, 40.668086 ] } },
{ "type": "Feature", "properties": { "resource_id": "facdb:295beb2780889345f7564879bd6a9a88", "name": "Sidewalk Clock at 161-11 Jamaica Avenue, New York", "category": "parks-and-environment", "source": "facdb", "is_coad_member": false }, "geometry": { "type": "Point", "coordinates": [ -73.797925, 40.704088 ] } },
{ "type": "Feature", "properties": { "resource_id": "facdb:29af051e627fdc013c37d52f350fcef7", "name": "Peer Advocacy Program", "category": "mental-health-and-recovery", "source": "facdb", "is_coad_member": false }, "geometry": { "type": "Point", "coordinates": [ -73.7962, 40.704646 ] } },
{ "type": "Feature", "properties": { "resource_id": "facdb:29e2b2712876a457db0c339a03b6da9f", "name": "Sheltering Arms Children and Family Services Inc", "category": "housing-and-shelter", "source": "facdb", "is_coad_member": false }, "geometry": { "type": "Point", "coordinates": [ -73.798063, 40.704565 ] } },
{ "type": "Feature", "properties": { "resource_id": "facdb:2a00fe4462ba2941f1a207527c682a62", "name": "Healthmed Diagnostic & Treatment Center", "category": "health-care", "source": "facdb", "is_coad_member": false }, "geometry": { "type": "Point", "coordinates": [ -73.769344, 40.711733 ] } },
{ "type": "Feature", "properties": { "resource_id": "facdb:2a5efcc60cdf07db93430e75931968c8", "name": "Reach Into Cultural Heights, Inc.", "category": "libraries-and-community", "source": "facdb", "is_coad_member": false }, "geometry": { "type": "Point", "coordinates": [ -73.799651, 40.705183 ] } },
{ "type": "Feature", "properties": { "resource_id": "facdb:2a7911d52c6dfcf50af0f274bf875ad3", "name": "Community Revitalization Partnership", "category": "children-and-youth", "source": "facdb", "is_coad_member": false }, "geometry": { "type": "Point", "coordinates": [ -73.794622, 40.697949 ] } },
{ "type": "Feature", "properties": { "resource_id": "facdb:2b16c6214e127d7c5f5d06df034c0fca", "name": "Catholic Charities Neighborhood Services Inc", "category": "older-adults", "source": "facdb", "is_coad_member": false }, "geometry": { "type": "Point", "coordinates": [ -73.77853, 40.709115 ] } },
{ "type": "Feature", "properties": { "resource_id": "facdb:2b245e2fdcff409d48d55d00f02dbd0b", "name": "P.S./I.S. 116 William C. Hughley", "category": "children-and-youth", "source": "facdb", "is_coad_member": false }, "geometry": { "type": "Point", "coordinates": [ -73.781785, 40.700764 ] } },
{ "type": "Feature", "properties": { "resource_id": "facdb:2bf472bf55e303e4d1911e260a84aa6e", "name": "Rosa M. Hall Mt. Zion Outreach", "category": "children-and-youth", "source": "facdb", "is_coad_member": false }, "geometry": { "type": "Point", "coordinates": [ -73.793676, 40.69779 ] } },
{ "type": "Feature", "properties": { "resource_id": "facdb:2c8d2f7a93832ad3134c037fdbc157a3", "name": "YMCA of Greater New York", "category": "children-and-youth", "source": "facdb", "is_coad_member": false }, "geometry": { "type": "Point", "coordinates": [ -73.754813, 40.707688 ] } },
{ "type": "Feature", "properties": { "resource_id": "facdb:2ce0de373b0cd639d55fec0765f479c3", "name": "Joseph P Addabbo Family Health Center", "category": "health-care", "source": "facdb", "is_coad_member": false }, "geometry": { "type": "Point", "coordinates": [ -73.792699, 40.685178 ] } },
{ "type": "Feature", "properties": { "resource_id": "facdb:2ced4476c868de20a256e4a177d3db7c", "name": "Rochdale Village Freedom Camp", "category": "children-and-youth", "source": "facdb", "is_coad_member": false }, "geometry": { "type": "Point", "coordinates": [ -73.771215, 40.674639 ] } },
{ "type": "Feature", "properties": { "resource_id": "facdb:2e46e8db3bd7729f87aee570577bd830", "name": "The Young Womens Christian Association of Queens", "category": "children-and-youth", "source": "facdb", "is_coad_member": false }, "geometry": { "type": "Point", "coordinates": [ -73.785203, 40.707674 ] } },
{ "type": "Feature", "properties": { "resource_id": "facdb:2e901d16b89e89b92cc6d3360e5fcfa7", "name": "Jamaica YMCA", "category": "children-and-youth", "source": "facdb", "is_coad_member": false }, "geometry": { "type": "Point", "coordinates": [ -73.80081, 40.705157 ] } },
{ "type": "Feature", "properties": { "resource_id": "facdb:2f57a2fd7e94784f2272478769b675f0", "name": "Union United Methodist Summer Camp", "category": "children-and-youth", "source": "facdb", "is_coad_member": false }, "geometry": { "type": "Point", "coordinates": [ -73.788806, 40.672405 ] } },
{ "type": "Feature", "properties": { "resource_id": "facdb:2f5f9cced3218a1f6fbbf949b63e6ebf", "name": "George Washington Carver Botanical Garden", "category": "parks-and-environment", "source": "facdb", "is_coad_member": false }, "geometry": { "type": "Point", "coordinates": [ -73.794578, 40.692478 ] } },
{ "type": "Feature", "properties": { "resource_id": "facdb:30df9d561d1498321b4102e166922d53", "name": "Locust Manor Civic Association", "category": "parks-and-environment", "source": "facdb", "is_coad_member": false }, "geometry": { "type": "Point", "coordinates": [ -73.773897, 40.683521 ] } },
{ "type": "Feature", "properties": { "resource_id": "facdb:3201b47f313a365119123af28d00cf3d", "name": "Montebeller Park PAL", "category": "children-and-youth", "source": "facdb", "is_coad_member": false }, "geometry": { "type": "Point", "coordinates": [ -73.759425, 40.697835 ] } },
{ "type": "Feature", "properties": { "resource_id": "facdb:33c64c2d0d0a98b151bec4aa2ca5a383", "name": "Rochdale Park", "category": "parks-and-environment", "source": "facdb", "is_coad_member": false }, "geometry": { "type": "Point", "coordinates": [ -73.774418, 40.674122 ] } },
{ "type": "Feature", "properties": { "resource_id": "facdb:33e240b31f40ff4378cb3870f8f2cb03", "name": "Citizens Against Recidivism, Inc.", "category": "libraries-and-community", "source": "facdb", "is_coad_member": false }, "geometry": { "type": "Point", "coordinates": [ -73.760323, 40.673247 ] } },
{ "type": "Feature", "properties": { "resource_id": "facdb:34b1768c7dbcc349ff9a998229f7a693", "name": "Venture House Inc", "category": "mental-health-and-recovery", "source": "facdb", "is_coad_member": false }, "geometry": { "type": "Point", "coordinates": [ -73.806026, 40.706544 ] } },
{ "type": "Feature", "properties": { "resource_id": "facdb:3521fa0923954145c3b8fb6d56687a9a", "name": "Engine 303/LADDER 126", "category": "emergency-services", "source": "facdb", "is_coad_member": false }, "geometry": { "type": "Point", "coordinates": [ -73.80688, 40.693552 ] } },
{ "type": "Feature", "properties": { "resource_id": "facdb:358ccf3c83576b10814e76db6d8fea9f", "name": "Education Support Services", "category": "mental-health-and-recovery", "source": "facdb", "is_coad_member": false }, "geometry": { "type": "Point", "coordinates": [ -73.807827, 40.702445 ] } },
{ "type": "Feature", "properties": { "resource_id": "facdb:359197f738d330eab597f9ab5861ea3f", "name": "Police Athletic League Inc", "category": "children-and-youth", "source": "facdb", "is_coad_member": false }, "geometry": { "type": "Point", "coordinates": [ -73.783439, 40.685956 ] } },
{ "type": "Feature", "properties": { "resource_id": "facdb:360a0f5da94182fbdf69cdef4e6b7398", "name": "Hollis Community Chirstian Church : Hollis Community Christian Church", "category": "food-assistance", "source": "facdb", "is_coad_member": false }, "geometry": { "type": "Point", "coordinates": [ -73.76787, 40.712672 ] } },
{ "type": "Feature", "properties": { "resource_id": "facdb:365b24fc6f6000f25910d044df8465bd", "name": "South Jamaica I", "category": "food-assistance", "source": "facdb", "is_coad_member": false }, "geometry": { "type": "Point", "coordinates": [ -73.794101, 40.695781 ] } },
{ "type": "Feature", "properties": { "resource_id": "facdb:36a79be9fb73a51c7037ad66ccb694dd", "name": "PS 223", "category": "health-care", "source": "facdb", "is_coad_member": false }, "geometry": { "type": "Point", "coordinates": [ -73.79029, 40.674545 ] } },
{ "type": "Feature", "properties": { "resource_id": "facdb:36f2ce54a51d4c8f67e54bf105d59137", "name": "Jamaica Health Center", "category": "health-care", "source": "facdb", "is_coad_member": false }, "geometry": { "type": "Point", "coordinates": [ -73.800209, 40.703987 ] } },
{ "type": "Feature", "properties": { "resource_id": "facdb:36fd2edb7bca4376046022a907853090", "name": "Legal Services NYC", "category": "benefits-and-legal", "source": "facdb", "is_coad_member": false }, "geometry": { "type": "Point", "coordinates": [ -73.808924, 40.703482 ] } },
{ "type": "Feature", "properties": { "resource_id": "facdb:373bfe9d8ff2fc67ffdb6f1d7ddaccb8", "name": "Jamaica Job Center", "category": "government-offices", "source": "facdb", "is_coad_member": false }, "geometry": { "type": "Point", "coordinates": [ -73.796282, 40.708391 ] } },
{ "type": "Feature", "properties": { "resource_id": "facdb:38f214d302867cd0477de28b906e82e1", "name": "State of New York", "category": "benefits-and-legal", "source": "facdb", "is_coad_member": false }, "geometry": { "type": "Point", "coordinates": [ -73.808382, 40.704519 ] } },
{ "type": "Feature", "properties": { "resource_id": "facdb:391388e3fa6cbfc619eb23f07208a67a", "name": "Afrikan Poetry Theatre, Inc.", "category": "libraries-and-community", "source": "facdb", "is_coad_member": false }, "geometry": { "type": "Point", "coordinates": [ -73.784121, 40.708149 ] } },
{ "type": "Feature", "properties": { "resource_id": "facdb:393bfb4e84b11b706998c52bf4475fcf", "name": "St. Alban's Baptist Church : St. Alban's Baptist Church", "category": "food-assistance", "source": "facdb", "is_coad_member": false }, "geometry": { "type": "Point", "coordinates": [ -73.753886, 40.690788 ] } },
{ "type": "Feature", "properties": { "resource_id": "facdb:396e85f783133dfbee80606434de9dac", "name": "Jamaica SNAP Center", "category": "benefits-and-legal", "source": "facdb", "is_coad_member": false }, "geometry": { "type": "Point", "coordinates": [ -73.796319, 40.708569 ] } },
{ "type": "Feature", "properties": { "resource_id": "facdb:39ffd2781713c5c13a28000e9f418bf1", "name": "Transitional Services for New York - Hh Nonmed Cm", "category": "mental-health-and-recovery", "source": "facdb", "is_coad_member": false }, "geometry": { "type": "Point", "coordinates": [ -73.807827, 40.702445 ] } },
{ "type": "Feature", "properties": { "resource_id": "facdb:3a963ce8a31490c3f9431fe9f738d46e", "name": "Tsiny Core Empowerment Services - Peer Support", "category": "mental-health-and-recovery", "source": "facdb", "is_coad_member": false }, "geometry": { "type": "Point", "coordinates": [ -73.807827, 40.702445 ] } },
{ "type": "Feature", "properties": { "resource_id": "facdb:3aed1d732bd8165f8577f86cf58fa939", "name": "Cabd, Inc.", "category": "libraries-and-community", "source": "facdb", "is_coad_member": false }, "geometry": { "type": "Point", "coordinates": [ -73.793532, 40.685359 ] } },
{ "type": "Feature", "properties": { "resource_id": "facdb:3b7df9edb9dbd7ffa746db2501b22a23", "name": "Dlittle Star Education Activity Cen", "category": "children-and-youth", "source": "facdb", "is_coad_member": false }, "geometry": { "type": "Point", "coordinates": [ -73.79565, 40.688271 ] } },
{ "type": "Feature", "properties": { "resource_id": "facdb:3b8e86b0c37aa84df067d130adc23f40", "name": "Bethel Gospel Tabernacle Church : Bethel Gospel Tabernacle Church", "category": "food-assistance", "source": "facdb", "is_coad_member": false }, "geometry": { "type": "Point", "coordinates": [ -73.788118, 40.692753 ] } },
{ "type": "Feature", "properties": { "resource_id": "facdb:3babe889a673c123a3af937b943e738c", "name": "Merrill Park Civic Association of Springfield Gardens Inc", "category": "older-adults", "source": "facdb", "is_coad_member": false }, "geometry": { "type": "Point", "coordinates": [ -73.763772, 40.672558 ] } },
{ "type": "Feature", "properties": { "resource_id": "facdb:3bb65047ce8188fccec54af9e9031701", "name": "First United Methodist Church : First United Methodist Church of Jamaica", "category": "food-assistance", "source": "facdb", "is_coad_member": false }, "geometry": { "type": "Point", "coordinates": [ -73.800245, 40.709794 ] } },
{ "type": "Feature", "properties": { "resource_id": "facdb:3c23a4ba4cc4fdc34a1d8a545ac17fe6", "name": "Restart-Daytop Village, Inc.", "category": "children-and-youth", "source": "facdb", "is_coad_member": false }, "geometry": { "type": "Point", "coordinates": [ -73.811091, 40.701916 ] } },
{ "type": "Feature", "properties": { "resource_id": "facdb:3d09b2e85c6900458587ae56dbee5204", "name": "Carnegie Hall Corporation", "category": "education-and-jobs", "source": "facdb", "is_coad_member": false }, "geometry": { "type": "Point", "coordinates": [ -73.797029, 40.704278 ] } },
{ "type": "Feature", "properties": { "resource_id": "facdb:3d7f14d7fda20a9e94c410ac7d592fcb", "name": "Southern Queens Park Association", "category": "children-and-youth", "source": "facdb", "is_coad_member": false }, "geometry": { "type": "Point", "coordinates": [ -73.769284, 40.687106 ] } },
{ "type": "Feature", "properties": { "resource_id": "facdb:3e04d40a8164a34a673f0d5c66fd4e89", "name": "New Jerusalem Baptist Church-Vbs", "category": "children-and-youth", "source": "facdb", "is_coad_member": false }, "geometry": { "type": "Point", "coordinates": [ -73.778182, 40.679749 ] } },
{ "type": "Feature", "properties": { "resource_id": "facdb:3edb3f964a266f1c894bbde2b5642346", "name": "Jamaica State Armory", "category": "children-and-youth", "source": "facdb", "is_coad_member": false }, "geometry": { "type": "Point", "coordinates": [ -73.790309, 40.704848 ] } },
{ "type": "Feature", "properties": { "resource_id": "facdb:3ee26e1db883c48a29338c41511b66fe", "name": "Edward Byrne Center", "category": "children-and-youth", "source": "facdb", "is_coad_member": false }, "geometry": { "type": "Point", "coordinates": [ -73.783439, 40.685956 ] } },
{ "type": "Feature", "properties": { "resource_id": "facdb:3f864bef05ec0d06ee1f51d8d7790cbb", "name": "Life Camp ACS CM3 - St. John's Rockaway Park", "category": "benefits-and-legal", "source": "facdb", "is_coad_member": false }, "geometry": { "type": "Point", "coordinates": [ -73.795562, 40.688145 ] } },
{ "type": "Feature", "properties": { "resource_id": "facdb:412f1c5b4c3f6efb44d6a76a52bf5445", "name": "D Little Star", "category": "children-and-youth", "source": "facdb", "is_coad_member": false }, "geometry": { "type": "Point", "coordinates": [ -73.8027, 40.686667 ] } },
{ "type": "Feature", "properties": { "resource_id": "facdb:4156fd989e088795813f55718cbcdbc3", "name": "Brooks Senior Center", "category": "older-adults", "source": "facdb", "is_coad_member": false }, "geometry": { "type": "Point", "coordinates": [ -73.802994, 40.688504 ] } },
{ "type": "Feature", "properties": { "resource_id": "facdb:42488d3532723fab6bdf9202149bc49b", "name": "Queens Library-South Jamaica", "category": "children-and-youth", "source": "facdb", "is_coad_member": false }, "geometry": { "type": "Point", "coordinates": [ -73.790179, 40.695638 ] } },
{ "type": "Feature", "properties": { "resource_id": "facdb:42a4357a8db1c659263b7fc6480aed9f", "name": "Phi Delta Kappa-Beta Omicron", "category": "children-and-youth", "source": "facdb", "is_coad_member": false }, "geometry": { "type": "Point", "coordinates": [ -73.774777, 40.686639 ] } },
{ "type": "Feature", "properties": { "resource_id": "facdb:43c0fe6cca536cba04cef47bab20517d", "name": "PS 50 Talfourd Lawn Elementary School (28Q050)", "category": "children-and-youth", "source": "facdb", "is_coad_member": false }, "geometry": { "type": "Point", "coordinates": [ -73.806779, 40.694889 ] } },
{ "type": "Feature", "properties": { "resource_id": "facdb:43df581d638d62908892148e4f380c8a", "name": "Parsons Communicare Clinic", "category": "health-care", "source": "facdb", "is_coad_member": false }, "geometry": { "type": "Point", "coordinates": [ -73.800269, 40.704091 ] } },
{ "type": "Feature", "properties": { "resource_id": "facdb:45c0f94d7b6524ada3953c2574f8b3c4", "name": "Eagle Academy for Young Men III (29Q327)", "category": "children-and-youth", "source": "facdb", "is_coad_member": false }, "geometry": { "type": "Point", "coordinates": [ -73.77846, 40.691546 ] } },
{ "type": "Feature", "properties": { "resource_id": "facdb:46945405217467bf1f03e4074b8a531a", "name": "Sheltering Arms Children and Family Services Inc", "category": "children-and-youth", "source": "facdb", "is_coad_member": false }, "geometry": { "type": "Point", "coordinates": [ -73.774491, 40.67975 ] } },
{ "type": "Feature", "properties": { "resource_id": "facdb:47066df2e19e7aa1f94e09547a49cac2", "name": "George Eagle Carr Community Garden", "category": "parks-and-environment", "source": "facdb", "is_coad_member": false }, "geometry": { "type": "Point", "coordinates": [ -73.807056, 40.703709 ] } },
{ "type": "Feature", "properties": { "resource_id": "facdb:472320c5e7f861b133b70c5554cdf30c", "name": "YMCA of Greater New York", "category": "children-and-youth", "source": "facdb", "is_coad_member": false }, "geometry": { "type": "Point", "coordinates": [ -73.796193, 40.693582 ] } },
{ "type": "Feature", "properties": { "resource_id": "facdb:47e752952b94b5eba16b3c728b12ae44", "name": "Family Court", "category": "government-offices", "source": "facdb", "is_coad_member": false }, "geometry": { "type": "Point", "coordinates": [ -73.802782, 40.702185 ] } },
{ "type": "Feature", "properties": { "resource_id": "facdb:484d90e1e0672b89ca85455930d73861", "name": "Preparatory Academy for Writers: a College Board School (29Q283)", "category": "benefits-and-legal", "source": "facdb", "is_coad_member": false }, "geometry": { "type": "Point", "coordinates": [ -73.757868, 40.668086 ] } },
{ "type": "Feature", "properties": { "resource_id": "facdb:496e7517cf8f4bfa5c3b89f61cec05e4", "name": "Butterflies by Blaq Incorporated", "category": "children-and-youth", "source": "facdb", "is_coad_member": false }, "geometry": { "type": "Point", "coordinates": [ -73.76197, 40.694019 ] } },
{ "type": "Feature", "properties": { "resource_id": "facdb:4a1af3687b4f2ae64e63ea839da970e0", "name": "Bethel Gospel Tabernacle Church : Bethel Gospel Tabernacle Church", "category": "food-assistance", "source": "facdb", "is_coad_member": false }, "geometry": { "type": "Point", "coordinates": [ -73.788118, 40.692753 ] } },
{ "type": "Feature", "properties": { "resource_id": "facdb:4a4be2e2cc72f8685536228ec273cd4c", "name": "Medisys Family Care Center", "category": "health-care", "source": "facdb", "is_coad_member": false }, "geometry": { "type": "Point", "coordinates": [ -73.770709, 40.711159 ] } },
{ "type": "Feature", "properties": { "resource_id": "facdb:4ad532bca5461b2c1ac1f6a960bab3f2", "name": "Caribbean American Repertory Theatre, Inc.", "category": "libraries-and-community", "source": "facdb", "is_coad_member": false }, "geometry": { "type": "Point", "coordinates": [ -73.766389, 40.696785 ] } },
{ "type": "Feature", "properties": { "resource_id": "facdb:4b37a7cada1ddddd1d3613ad57bbdd58", "name": "Conlon Lihfe", "category": "libraries-and-community", "source": "facdb", "is_coad_member": false }, "geometry": { "type": "Point", "coordinates": [ -73.788786, 40.706145 ] } },
{ "type": "Feature", "properties": { "resource_id": "facdb:4b640c0c5558f0646f34562dc7f34bd9", "name": "Family Court", "category": "government-offices", "source": "facdb", "is_coad_member": false }, "geometry": { "type": "Point", "coordinates": [ -73.802782, 40.702185 ] } },
{ "type": "Feature", "properties": { "resource_id": "facdb:4b8e9574e8bf80041fb9b5e76257fedd", "name": "Queens Community House Inc.", "category": "older-adults", "source": "facdb", "is_coad_member": false }, "geometry": { "type": "Point", "coordinates": [ -73.796652, 40.705796 ] } },
{ "type": "Feature", "properties": { "resource_id": "facdb:4ba87de35dcdc3f8f206600e2113b3cd", "name": "Opportunities for a Better Tomorrow Inc", "category": "children-and-youth", "source": "facdb", "is_coad_member": false }, "geometry": { "type": "Point", "coordinates": [ -73.798118, 40.703783 ] } },
{ "type": "Feature", "properties": { "resource_id": "facdb:4cb15ce913d09db49eebf44d5787c1c6", "name": "Preparatory Academy for Writers: a College Board School", "category": "children-and-youth", "source": "facdb", "is_coad_member": false }, "geometry": { "type": "Point", "coordinates": [ -73.757868, 40.668086 ] } },
{ "type": "Feature", "properties": { "resource_id": "facdb:4d19dd3f91047880796b8eea815ecabf", "name": "Community Mediation Services, Inc.", "category": "children-and-youth", "source": "facdb", "is_coad_member": false }, "geometry": { "type": "Point", "coordinates": [ -73.797435, 40.705291 ] } },
{ "type": "Feature", "properties": { "resource_id": "facdb:4d2438faaa16cb95413298c102d71d6e", "name": "Transitional Services for New York, Inc", "category": "mental-health-and-recovery", "source": "facdb", "is_coad_member": false }, "geometry": { "type": "Point", "coordinates": [ -73.807827, 40.702445 ] } },
{ "type": "Feature", "properties": { "resource_id": "facdb:4d6d8ace05c2ec9cc5d0828bde2a8d8b", "name": "Church of God & Christ Jesus", "category": "children-and-youth", "source": "facdb", "is_coad_member": false }, "geometry": { "type": "Point", "coordinates": [ -73.797057, 40.698156 ] } },
{ "type": "Feature", "properties": { "resource_id": "facdb:4d7991914a13364af22560afb107715f", "name": "Jamaica YMCA", "category": "children-and-youth", "source": "facdb", "is_coad_member": false }, "geometry": { "type": "Point", "coordinates": [ -73.80081, 40.705157 ] } },
{ "type": "Feature", "properties": { "resource_id": "facdb:4dd3fcdf810ff3981bde116f078a123e", "name": "Highland Care Center", "category": "health-care", "source": "facdb", "is_coad_member": false }, "geometry": { "type": "Point", "coordinates": [ -73.785279, 40.708654 ] } },
{ "type": "Feature", "properties": { "resource_id": "facdb:4f6319637d1278dd998a05b343b386de", "name": "Queens Business Center", "category": "government-offices", "source": "facdb", "is_coad_member": false }, "geometry": { "type": "Point", "coordinates": [ -73.807701, 40.698362 ] } },
{ "type": "Feature", "properties": { "resource_id": "facdb:4fc6f8a08af1c35da55586d58035741b", "name": "YMCA of Greater New York", "category": "children-and-youth", "source": "facdb", "is_coad_member": false }, "geometry": { "type": "Point", "coordinates": [ -73.80081, 40.705157 ] } },
{ "type": "Feature", "properties": { "resource_id": "facdb:500579a075a197258d6098b57fbbfbd6", "name": "Choices Women's Medical Center Inc", "category": "health-care", "source": "facdb", "is_coad_member": false }, "geometry": { "type": "Point", "coordinates": [ -73.806595, 40.701548 ] } },
{ "type": "Feature", "properties": { "resource_id": "facdb:500be9d12bab28642b8ec6d870ff60b6", "name": "King Manor", "category": "parks-and-environment", "source": "facdb", "is_coad_member": false }, "geometry": { "type": "Point", "coordinates": [ -73.803771, 40.703096 ] } },
{ "type": "Feature", "properties": { "resource_id": "facdb:50b016c43063be456de8f50ca7d36468", "name": "Norelli-Hargreaves Memorial Triangle", "category": "parks-and-environment", "source": "facdb", "is_coad_member": false }, "geometry": { "type": "Point", "coordinates": [ -73.805374, 40.695668 ] } },
{ "type": "Feature", "properties": { "resource_id": "facdb:50e6565c0aa812073cc042bc38d6eecf", "name": "Police Athletic League Inc", "category": "children-and-youth", "source": "facdb", "is_coad_member": false }, "geometry": { "type": "Point", "coordinates": [ -73.783439, 40.685956 ] } },
{ "type": "Feature", "properties": { "resource_id": "facdb:50e86a0bda74d1bb2e2c477b3699966f", "name": "Cv 113th Pct Site B - Rockaway Office", "category": "benefits-and-legal", "source": "facdb", "is_coad_member": false }, "geometry": { "type": "Point", "coordinates": [ -73.795562, 40.688145 ] } },
{ "type": "Feature", "properties": { "resource_id": "facdb:50f3ea264bb24bf426aa332cdd5cbb22", "name": "Queens - 103rd Precinct", "category": "benefits-and-legal", "source": "facdb", "is_coad_member": false }, "geometry": { "type": "Point", "coordinates": [ -73.792727, 40.69823 ] } },
{ "type": "Feature", "properties": { "resource_id": "facdb:5173cf7e7167aeaf432f99d32a3f47ef", "name": "Cv 113th Pct Site a", "category": "benefits-and-legal", "source": "facdb", "is_coad_member": false }, "geometry": { "type": "Point", "coordinates": [ -73.795562, 40.688145 ] } },
{ "type": "Feature", "properties": { "resource_id": "facdb:51a5c9b9541f31de2fb09da14fda3d0b", "name": "Edge School of the Arts Dance Legacy", "category": "libraries-and-community", "source": "facdb", "is_coad_member": false }, "geometry": { "type": "Point", "coordinates": [ -73.805658, 40.699301 ] } },
{ "type": "Feature", "properties": { "resource_id": "facdb:51ad6481876e8fea7db4b7d9521861a9", "name": "Usda-Ceo P233Q at PS 233Q Mini Schl", "category": "children-and-youth", "source": "facdb", "is_coad_member": false }, "geometry": { "type": "Point", "coordinates": [ -73.754611, 40.707207 ] } },
{ "type": "Feature", "properties": { "resource_id": "facdb:51af912d906a924b88a1271b2d3f6034", "name": "NYC Business Solutions Queens Center at the NYC Small Business Support Center", "category": "education-and-jobs", "source": "facdb", "is_coad_member": false }, "geometry": { "type": "Point", "coordinates": [ -73.807827, 40.702445 ] } },
{ "type": "Feature", "properties": { "resource_id": "facdb:51d7c12b2be58562abcaffff5d4bdb4a", "name": "CUNY York College", "category": "education-and-jobs", "source": "facdb", "is_coad_member": false }, "geometry": { "type": "Point", "coordinates": [ -73.79643, 40.701556 ] } },
{ "type": "Feature", "properties": { "resource_id": "facdb:52532d376a099ce3bc5e931e5ab0d3fe", "name": "YMCA of Greater New York", "category": "children-and-youth", "source": "facdb", "is_coad_member": false }, "geometry": { "type": "Point", "coordinates": [ -73.80081, 40.705157 ] } },
{ "type": "Feature", "properties": { "resource_id": "facdb:52bc8e31b0f56dc1daeed0039751fcca", "name": "Cultural Collaborative Jamaica, Inc.", "category": "libraries-and-community", "source": "facdb", "is_coad_member": false }, "geometry": { "type": "Point", "coordinates": [ -73.793532, 40.685359 ] } },
{ "type": "Feature", "properties": { "resource_id": "facdb:52cb50c1ada6310b700fa87c78f28fe8", "name": "The Child Center of NY Inc", "category": "children-and-youth", "source": "facdb", "is_coad_member": false }, "geometry": { "type": "Point", "coordinates": [ -73.783244, 40.674754 ] } },
{ "type": "Feature", "properties": { "resource_id": "facdb:5452b162b43d5b259b7840141dffec17", "name": "New York Junior Tennis League Inc", "category": "children-and-youth", "source": "facdb", "is_coad_member": false }, "geometry": { "type": "Point", "coordinates": [ -73.758614, 40.676261 ] } },
{ "type": "Feature", "properties": { "resource_id": "facdb:54b96c2f5b1a2869a92d8fe374fb71eb", "name": "Fund for the City of New York", "category": "benefits-and-legal", "source": "facdb", "is_coad_member": false }, "geometry": { "type": "Point", "coordinates": [ -73.804818, 40.70181 ] } },
{ "type": "Feature", "properties": { "resource_id": "facdb:54d08def773dc66e5bde542bbdc98396", "name": "Mastid Summer Program", "category": "children-and-youth", "source": "facdb", "is_coad_member": false }, "geometry": { "type": "Point", "coordinates": [ -73.800387, 40.707486 ] } },
{ "type": "Feature", "properties": { "resource_id": "facdb:55560876d7e7ea7fbc8d32762a06f920", "name": "The Jermaine L. Green STEM Institute of Queens (28Q354)", "category": "children-and-youth", "source": "facdb", "is_coad_member": false }, "geometry": { "type": "Point", "coordinates": [ -73.774491, 40.67975 ] } },
{ "type": "Feature", "properties": { "resource_id": "facdb:55fae08c16e68a78fbbd74b54ac61564", "name": "Taurus Asso,Oxford Christian Academy", "category": "children-and-youth", "source": "facdb", "is_coad_member": false }, "geometry": { "type": "Point", "coordinates": [ -73.810248, 40.694479 ] } },
{ "type": "Feature", "properties": { "resource_id": "facdb:561650703f22ea5f76077c4b6f292341", "name": "Catherine & Count Basie Middle School 72", "category": "children-and-youth", "source": "facdb", "is_coad_member": false }, "geometry": { "type": "Point", "coordinates": [ -73.775604, 40.674925 ] } },
{ "type": "Feature", "properties": { "resource_id": "facdb:564950ceef21ba459877981abc5496f1", "name": "Nys Family Court - Queens", "category": "mental-health-and-recovery", "source": "facdb", "is_coad_member": false }, "geometry": { "type": "Point", "coordinates": [ -73.80281, 40.702186 ] } },
{ "type": "Feature", "properties": { "resource_id": "facdb:564ad78a70aad2609e5f37374ed44026", "name": "Hollis Veterans Square", "category": "parks-and-environment", "source": "facdb", "is_coad_member": false }, "geometry": { "type": "Point", "coordinates": [ -73.771286, 40.710298 ] } },
{ "type": "Feature", "properties": { "resource_id": "facdb:56e09bf32b7c399710a1b6d763c667f7", "name": "Pleasant Living Center Inc.", "category": "children-and-youth", "source": "facdb", "is_coad_member": false }, "geometry": { "type": "Point", "coordinates": [ -73.766021, 40.682128 ] } },
{ "type": "Feature", "properties": { "resource_id": "facdb:5761a78b664e2131cfdd7aa138ed8196", "name": "Chn - Queens Center", "category": "health-care", "source": "facdb", "is_coad_member": false }, "geometry": { "type": "Point", "coordinates": [ -73.805968, 40.696917 ] } },
{ "type": "Feature", "properties": { "resource_id": "facdb:57d46226a5f15f6b8033671929d7bfbf", "name": "Black Spectrum Theater Company Inc", "category": "children-and-youth", "source": "facdb", "is_coad_member": false }, "geometry": { "type": "Point", "coordinates": [ -73.752765, 40.705722 ] } },
{ "type": "Feature", "properties": { "resource_id": "facdb:58332bc047469fed3af08a66c8243c3f", "name": "Community Resources & Svcs for Children", "category": "disability-and-access", "source": "facdb", "is_coad_member": false }, "geometry": { "type": "Point", "coordinates": [ -73.799651, 40.705183 ] } },
{ "type": "Feature", "properties": { "resource_id": "facdb:583e239bfc2b9dac4957dce47debba5b", "name": "St John Baptist Church Unlimited", "category": "children-and-youth", "source": "facdb", "is_coad_member": false }, "geometry": { "type": "Point", "coordinates": [ -73.786713, 40.690748 ] } },
{ "type": "Feature", "properties": { "resource_id": "facdb:587a332d892524bf2d55c17354554466", "name": "Battalion 54/ENGINE 317/LADDER 165", "category": "emergency-services", "source": "facdb", "is_coad_member": false }, "geometry": { "type": "Point", "coordinates": [ -73.755553, 40.693126 ] } },
{ "type": "Feature", "properties": { "resource_id": "facdb:590725b7db8549d927b138734da11936", "name": "Community Healthcare Network - Tree of Life Center", "category": "health-care", "source": "facdb", "is_coad_member": false }, "geometry": { "type": "Point", "coordinates": [ -73.796853, 40.706105 ] } },
{ "type": "Feature", "properties": { "resource_id": "facdb:5a583f7ed4010064dddba86afb0e9a39", "name": "New York Harbor Foundation Inc", "category": "children-and-youth", "source": "facdb", "is_coad_member": false }, "geometry": { "type": "Point", "coordinates": [ -73.798063, 40.704565 ] } },
{ "type": "Feature", "properties": { "resource_id": "facdb:5a63aacf66ec882776181ba1f807eb7f", "name": "Braata Productions", "category": "libraries-and-community", "source": "facdb", "is_coad_member": false }, "geometry": { "type": "Point", "coordinates": [ -73.75174, 40.693205 ] } },
{ "type": "Feature", "properties": { "resource_id": "facdb:5aa160cd14ca768d45d8d714a0758533", "name": "Queens Supreme Court", "category": "government-offices", "source": "facdb", "is_coad_member": false }, "geometry": { "type": "Point", "coordinates": [ -73.808416, 40.704501 ] } },
{ "type": "Feature", "properties": { "resource_id": "facdb:5ab9c09b35058e2ae090a50be90e219f", "name": "Sun River Health Suthpin Boulevard", "category": "health-care", "source": "facdb", "is_coad_member": false }, "geometry": { "type": "Point", "coordinates": [ -73.803675, 40.695278 ] } },
{ "type": "Feature", "properties": { "resource_id": "facdb:5b6ec77fd78432c4aa540a6bf2320cb9", "name": "Recreational Innercity Sports & Education Inc.", "category": "children-and-youth", "source": "facdb", "is_coad_member": false }, "geometry": { "type": "Point", "coordinates": [ -73.775604, 40.674925 ] } },
{ "type": "Feature", "properties": { "resource_id": "facdb:5b787f0807ed73bc45a613c389df141c", "name": "NYPD Youth Services Police Academy", "category": "children-and-youth", "source": "facdb", "is_coad_member": false }, "geometry": { "type": "Point", "coordinates": [ -73.796262, 40.701747 ] } },
{ "type": "Feature", "properties": { "resource_id": "facdb:5bf16ed7f9ca7eb22c6cca4b4dacab2b", "name": "South Hollis", "category": "libraries-and-community", "source": "facdb", "is_coad_member": false }, "geometry": { "type": "Point", "coordinates": [ -73.753797, 40.70702 ] } },
{ "type": "Feature", "properties": { "resource_id": "facdb:5c02c66e2c1c5ccea5d242535021b2dd", "name": "Fund for the City of New York, Inc.", "category": "benefits-and-legal", "source": "facdb", "is_coad_member": false }, "geometry": { "type": "Point", "coordinates": [ -73.804818, 40.70181 ] } },
{ "type": "Feature", "properties": { "resource_id": "facdb:5c403b6e91209cd034c5a9cd4d38f27e", "name": "Garden", "category": "parks-and-environment", "source": "facdb", "is_coad_member": false }, "geometry": { "type": "Point", "coordinates": [ -73.76185, 40.691549 ] } },
{ "type": "Feature", "properties": { "resource_id": "facdb:5c9e46d13da8e300bd4d8ec6d3e748ca", "name": "Western/Central Region Queens Mobile Outreach Program", "category": "mental-health-and-recovery", "source": "facdb", "is_coad_member": false }, "geometry": { "type": "Point", "coordinates": [ -73.807827, 40.702445 ] } },
{ "type": "Feature", "properties": { "resource_id": "facdb:5cea47a9e7ffb992498d40699ff4d23d", "name": "Jamaica Playground", "category": "parks-and-environment", "source": "facdb", "is_coad_member": false }, "geometry": { "type": "Point", "coordinates": [ -73.790941, 40.693323 ] } },
{ "type": "Feature", "properties": { "resource_id": "facdb:5cf958386f0e204012af8205cfb5b71e", "name": "PAL Edward Byrne Center", "category": "children-and-youth", "source": "facdb", "is_coad_member": false }, "geometry": { "type": "Point", "coordinates": [ -73.783439, 40.685956 ] } },
{ "type": "Feature", "properties": { "resource_id": "facdb:5d2386459dd050324568373fb5e556cf", "name": "Jamaica Savings Bank", "category": "parks-and-environment", "source": "facdb", "is_coad_member": false }, "geometry": { "type": "Point", "coordinates": [ -73.798221, 40.703641 ] } },
{ "type": "Feature", "properties": { "resource_id": "facdb:5d25fc1813380c136ccf62b0803048a7", "name": "United States Post Office-Jamaica Main", "category": "parks-and-environment", "source": "facdb", "is_coad_member": false }, "geometry": { "type": "Point", "coordinates": [ -73.797827, 40.707682 ] } },
{ "type": "Feature", "properties": { "resource_id": "facdb:5d3714c880b3b81172e001d18b8e629a", "name": "Central Queens YMCA Day Camp", "category": "children-and-youth", "source": "facdb", "is_coad_member": false }, "geometry": { "type": "Point", "coordinates": [ -73.80081, 40.705157 ] } },
{ "type": "Feature", "properties": { "resource_id": "facdb:5d487148e99b0134171afdc15a4995df", "name": "The Child Center of NY Inc", "category": "children-and-youth", "source": "facdb", "is_coad_member": false }, "geometry": { "type": "Point", "coordinates": [ -73.783244, 40.674754 ] } },
{ "type": "Feature", "properties": { "resource_id": "facdb:5deeb041c7035c546d601ccb1e7e3414", "name": "Haitian Americans U.F.P. Inc.", "category": "disability-and-access", "source": "facdb", "is_coad_member": false }, "geometry": { "type": "Point", "coordinates": [ -73.762186, 40.713654 ] } },
{ "type": "Feature", "properties": { "resource_id": "facdb:5e3a000857e2965092e10bce25ffe64c", "name": "The Child Center of NY Inc", "category": "children-and-youth", "source": "facdb", "is_coad_member": false }, "geometry": { "type": "Point", "coordinates": [ -73.75693, 40.686034 ] } },
{ "type": "Feature", "properties": { "resource_id": "facdb:5e414eef0210fef7b129aa8ef4b8a14a", "name": "St Albans Outreach", "category": "children-and-youth", "source": "facdb", "is_coad_member": false }, "geometry": { "type": "Point", "coordinates": [ -73.766162, 40.702665 ] } },
{ "type": "Feature", "properties": { "resource_id": "facdb:5e4d688ac7f5a14fb757078147854227", "name": "Northeastern Conference Adventist Community Svcs : Beraca SDA Church", "category": "food-assistance", "source": "facdb", "is_coad_member": false }, "geometry": { "type": "Point", "coordinates": [ -73.767991, 40.712073 ] } },
{ "type": "Feature", "properties": { "resource_id": "facdb:5e747c34a8874c0dbb147ee97daf2436", "name": "New York School of Career Education", "category": "education-and-jobs", "source": "facdb", "is_coad_member": false }, "geometry": { "type": "Point", "coordinates": [ -73.800483, 40.703557 ] } },
{ "type": "Feature", "properties": { "resource_id": "facdb:5f4e2faa7373773a2c16306450f331e5", "name": "A Better Jamaica, Inc.", "category": "libraries-and-community", "source": "facdb", "is_coad_member": false }, "geometry": { "type": "Point", "coordinates": [ -73.770747, 40.693193 ] } },
{ "type": "Feature", "properties": { "resource_id": "facdb:5f77f1c7a80b09eeb4577d3eb0d61887", "name": "Queens Community House, Inc.", "category": "children-and-youth", "source": "facdb", "is_coad_member": false }, "geometry": { "type": "Point", "coordinates": [ -73.804179, 40.708442 ] } },
{ "type": "Feature", "properties": { "resource_id": "facdb:5f9a05fccc7e548ab533132f880dca6c", "name": "MacEdonia AME Church : MacEdonia AME Church", "category": "food-assistance", "source": "facdb", "is_coad_member": false }, "geometry": { "type": "Point", "coordinates": [ -73.793606, 40.699246 ] } },
{ "type": "Feature", "properties": { "resource_id": "facdb:5fb54515127bc3f0ce66299e555e1d8f", "name": "Discovery Garden", "category": "parks-and-environment", "source": "facdb", "is_coad_member": false }, "geometry": { "type": "Point", "coordinates": [ -73.791356, 40.694656 ] } },
{ "type": "Feature", "properties": { "resource_id": "facdb:6164907d8752462d642387e93300b0c0", "name": "PAL - Edward Byrne Center", "category": "children-and-youth", "source": "facdb", "is_coad_member": false }, "geometry": { "type": "Point", "coordinates": [ -73.783439, 40.685956 ] } },
{ "type": "Feature", "properties": { "resource_id": "facdb:6261ff34d20e4fef89cc8fa9582dfd58", "name": "Fund for the City of New York, Inc.", "category": "education-and-jobs", "source": "facdb", "is_coad_member": false }, "geometry": { "type": "Point", "coordinates": [ -73.804818, 40.70181 ] } },
{ "type": "Feature", "properties": { "resource_id": "facdb:62b0c40ce8078208edbe35bf7f77a41a", "name": "South Jamaica", "category": "libraries-and-community", "source": "facdb", "is_coad_member": false }, "geometry": { "type": "Point", "coordinates": [ -73.790179, 40.695638 ] } },
{ "type": "Feature", "properties": { "resource_id": "facdb:62ee6649bc6e1894dcff5c5742cfae7a", "name": "Western/Central Region Queens Mobile Outreach Program", "category": "mental-health-and-recovery", "source": "facdb", "is_coad_member": false }, "geometry": { "type": "Point", "coordinates": [ -73.807827, 40.702445 ] } },
{ "type": "Feature", "properties": { "resource_id": "facdb:62ff26ff19cd62263413c35db8b739cd", "name": "Venture House", "category": "mental-health-and-recovery", "source": "facdb", "is_coad_member": false }, "geometry": { "type": "Point", "coordinates": [ -73.806026, 40.706544 ] } },
{ "type": "Feature", "properties": { "resource_id": "facdb:63175c5bcb5c05ceae346c949d7959a3", "name": "Queens Library South Hollis", "category": "children-and-youth", "source": "facdb", "is_coad_member": false }, "geometry": { "type": "Point", "coordinates": [ -73.753797, 40.70702 ] } },
{ "type": "Feature", "properties": { "resource_id": "facdb:6353a07df8589453ca2e6b1371bb36bd", "name": "Hollis Park Manor Nursing Home", "category": "health-care", "source": "facdb", "is_coad_member": false }, "geometry": { "type": "Point", "coordinates": [ -73.77062, 40.715849 ] } },
{ "type": "Feature", "properties": { "resource_id": "facdb:636f6fced2ec5069f93809ba208bb814", "name": "Latimer Playground", "category": "parks-and-environment", "source": "facdb", "is_coad_member": false }, "geometry": { "type": "Point", "coordinates": [ -73.786573, 40.697138 ] } },
{ "type": "Feature", "properties": { "resource_id": "facdb:63766ae5cbfbfed8cfa02741dad78970", "name": "City of New York Law Department : Department of Probation Neon Kitchen Queens", "category": "food-assistance", "source": "facdb", "is_coad_member": false }, "geometry": { "type": "Point", "coordinates": [ -73.797029, 40.704278 ] } },
{ "type": "Feature", "properties": { "resource_id": "facdb:63b356d10ea14fa8de3ef93c077076b4", "name": "Drumsongs Productions", "category": "libraries-and-community", "source": "facdb", "is_coad_member": false }, "geometry": { "type": "Point", "coordinates": [ -73.793532, 40.685359 ] } },
{ "type": "Feature", "properties": { "resource_id": "facdb:63f9f5aabc728253b960a313863b4fb3", "name": "St. Paul United Methodist Church", "category": "children-and-youth", "source": "facdb", "is_coad_member": false }, "geometry": { "type": "Point", "coordinates": [ -73.782747, 40.700059 ] } },
{ "type": "Feature", "properties": { "resource_id": "facdb:6409034dc22bb5b77af07547e617d9b1", "name": "Zmi Foundation, Inc.", "category": "children-and-youth", "source": "facdb", "is_coad_member": false }, "geometry": { "type": "Point", "coordinates": [ -73.763855, 40.69206 ] } },
{ "type": "Feature", "properties": { "resource_id": "facdb:643c4a4172d329181ef97e81bc909145", "name": "Catholic Charities Neighborhood Services Inc", "category": "housing-and-shelter", "source": "facdb", "is_coad_member": false }, "geometry": { "type": "Point", "coordinates": [ -73.797901, 40.703808 ] } },
{ "type": "Feature", "properties": { "resource_id": "facdb:646158e76f8f07576dfd065d224c1a99", "name": "The Child Center of NY Inc", "category": "health-care", "source": "facdb", "is_coad_member": false }, "geometry": { "type": "Point", "coordinates": [ -73.792277, 40.684542 ] } },
{ "type": "Feature", "properties": { "resource_id": "facdb:64bcdde813fefdb875cdbd4db2dff4e8", "name": "New York City H2O Inc", "category": "children-and-youth", "source": "facdb", "is_coad_member": false }, "geometry": { "type": "Point", "coordinates": [ -73.786058, 40.680963 ] } },
{ "type": "Feature", "properties": { "resource_id": "facdb:654d8832f07c4dab06f7cdee47c64a72", "name": "Queens Legal Services Corp", "category": "immigration-and-language", "source": "facdb", "is_coad_member": false }, "geometry": { "type": "Point", "coordinates": [ -73.808924, 40.703482 ] } },
{ "type": "Feature", "properties": { "resource_id": "facdb:66acadc85e3f5b045a2fc62356fdf77f", "name": "Keep Empowering Youth Achievements", "category": "children-and-youth", "source": "facdb", "is_coad_member": false }, "geometry": { "type": "Point", "coordinates": [ -73.764708, 40.692178 ] } },
{ "type": "Feature", "properties": { "resource_id": "facdb:67546dd15a61ba029f251e66ae651945", "name": "B.C.C.A. Mini-Park and Garden", "category": "parks-and-environment", "source": "facdb", "is_coad_member": false }, "geometry": { "type": "Point", "coordinates": [ -73.792074, 40.683348 ] } },
{ "type": "Feature", "properties": { "resource_id": "facdb:675fb44fd5a2d2d34c2f7236baa0fe52", "name": "United Career Centers", "category": "education-and-jobs", "source": "facdb", "is_coad_member": false }, "geometry": { "type": "Point", "coordinates": [ -73.797029, 40.704278 ] } },
{ "type": "Feature", "properties": { "resource_id": "facdb:67835067a01a2965c5fcafa55371c31f", "name": "Jamaica Food Pantry", "category": "children-and-youth", "source": "facdb", "is_coad_member": false }, "geometry": { "type": "Point", "coordinates": [ -73.811597, 40.704518 ] } },
{ "type": "Feature", "properties": { "resource_id": "facdb:67bf21d0d5df812cfcc0ef007b35b961", "name": "Roy Wilkins Family Center", "category": "children-and-youth", "source": "facdb", "is_coad_member": false }, "geometry": { "type": "Point", "coordinates": [ -73.769284, 40.687106 ] } },
{ "type": "Feature", "properties": { "resource_id": "facdb:67cf43560224899c1289ffcb5b6ea504", "name": "PS 131 Abigail Adams Annex", "category": "children-and-youth", "source": "facdb", "is_coad_member": false }, "geometry": { "type": "Point", "coordinates": [ -73.768925, 40.713488 ] } },
{ "type": "Feature", "properties": { "resource_id": "facdb:68372f2099126088702e46f85deff072", "name": "Haggerty Park", "category": "parks-and-environment", "source": "facdb", "is_coad_member": false }, "geometry": { "type": "Point", "coordinates": [ -73.758102, 40.713141 ] } },
{ "type": "Feature", "properties": { "resource_id": "facdb:6863ba2303e3fdc1a885a16291b51bd4", "name": "August Martin High School (27Q400)", "category": "children-and-youth", "source": "facdb", "is_coad_member": false }, "geometry": { "type": "Point", "coordinates": [ -73.783244, 40.674754 ] } },
{ "type": "Feature", "properties": { "resource_id": "facdb:6877e257846406d3e95999d69cc34e89", "name": "Christ Church International", "category": "children-and-youth", "source": "facdb", "is_coad_member": false }, "geometry": { "type": "Point", "coordinates": [ -73.770191, 40.682764 ] } },
{ "type": "Feature", "properties": { "resource_id": "facdb:68dc6e5ce6bb834ff14299c2a2193ae8", "name": "Queens Community House, Inc.", "category": "children-and-youth", "source": "facdb", "is_coad_member": false }, "geometry": { "type": "Point", "coordinates": [ -73.798369, 40.708483 ] } },
{ "type": "Feature", "properties": { "resource_id": "facdb:690ccd3babf94766f1229c1f25f3ea50", "name": "Archie Spigner Park", "category": "parks-and-environment", "source": "facdb", "is_coad_member": false }, "geometry": { "type": "Point", "coordinates": [ -73.779316, 40.69304 ] } },
{ "type": "Feature", "properties": { "resource_id": "facdb:694fef206882381ce59c06b2f0423879", "name": "Lyfeline Community Development Corporation Cdc, Inc.", "category": "libraries-and-community", "source": "facdb", "is_coad_member": false }, "geometry": { "type": "Point", "coordinates": [ -73.781645, 40.678053 ] } },
{ "type": "Feature", "properties": { "resource_id": "facdb:696cb933d6bb0427f9072f81a80ec981", "name": "Family Court", "category": "government-offices", "source": "facdb", "is_coad_member": false }, "geometry": { "type": "Point", "coordinates": [ -73.802782, 40.702185 ] } },
{ "type": "Feature", "properties": { "resource_id": "facdb:6a4d267761cae073ef2a407f6502f8a7", "name": "Manning Residence", "category": "children-and-youth", "source": "facdb", "is_coad_member": false }, "geometry": { "type": "Point", "coordinates": [ -73.797702, 40.674125 ] } },
{ "type": "Feature", "properties": { "resource_id": "facdb:6b0f77955067fda66b680c5aec8a2513", "name": "Roy Wilkins Family Center", "category": "children-and-youth", "source": "facdb", "is_coad_member": false }, "geometry": { "type": "Point", "coordinates": [ -73.769284, 40.687106 ] } },
{ "type": "Feature", "properties": { "resource_id": "facdb:6b3a6091519384bd9fbc2adaf8878f10", "name": "Hilton Holiday Gardens", "category": "parks-and-environment", "source": "facdb", "is_coad_member": false }, "geometry": { "type": "Point", "coordinates": [ -73.795472, 40.668659 ] } },
{ "type": "Feature", "properties": { "resource_id": "facdb:6bdf5478c4ac3703a21e70f4af7599b8", "name": "Brooks Memorial United Methodist Church", "category": "older-adults", "source": "facdb", "is_coad_member": false }, "geometry": { "type": "Point", "coordinates": [ -73.802994, 40.688504 ] } },
{ "type": "Feature", "properties": { "resource_id": "facdb:6d3a94f6bdef15e93185a62ce29c041e", "name": "Sco Family of Services", "category": "health-care", "source": "facdb", "is_coad_member": false }, "geometry": { "type": "Point", "coordinates": [ -73.799168, 40.705605 ] } },
{ "type": "Feature", "properties": { "resource_id": "facdb:6db04e2c93069d262cd9fcca4b5b04d9", "name": "Queens Dialysis Center", "category": "health-care", "source": "facdb", "is_coad_member": false }, "geometry": { "type": "Point", "coordinates": [ -73.782532, 40.683594 ] } },
{ "type": "Feature", "properties": { "resource_id": "facdb:6e749db468898c7e943bbe7494da36c2", "name": "Light & Love Productions, Inc.", "category": "libraries-and-community", "source": "facdb", "is_coad_member": false }, "geometry": { "type": "Point", "coordinates": [ -73.801182, 40.705518 ] } },
{ "type": "Feature", "properties": { "resource_id": "facdb:6f886bba06c197480ececf69b4a41260", "name": "Catholic Charities Neighborhood Services Inc", "category": "older-adults", "source": "facdb", "is_coad_member": false }, "geometry": { "type": "Point", "coordinates": [ -73.77853, 40.709115 ] } },
{ "type": "Feature", "properties": { "resource_id": "facdb:6fa32e4cd767556e56a6c38d1040139c", "name": "Jamaica YMCA", "category": "children-and-youth", "source": "facdb", "is_coad_member": false }, "geometry": { "type": "Point", "coordinates": [ -73.80081, 40.705157 ] } },
{ "type": "Feature", "properties": { "resource_id": "facdb:709c13c3a431fb5605fa6e78a224fd0a", "name": "Gladys Warren Triangle", "category": "parks-and-environment", "source": "facdb", "is_coad_member": false }, "geometry": { "type": "Point", "coordinates": [ -73.764228, 40.707285 ] } },
{ "type": "Feature", "properties": { "resource_id": "facdb:7158cb639e26dfc89f9d5994cef2c6a6", "name": "Chn Mobile Van Vii", "category": "health-care", "source": "facdb", "is_coad_member": false }, "geometry": { "type": "Point", "coordinates": [ -73.805968, 40.696917 ] } },
{ "type": "Feature", "properties": { "resource_id": "facdb:715f9fbead6d7424bf97483ba5c95cd6", "name": "Saint Joseph Medical Center", "category": "children-and-youth", "source": "facdb", "is_coad_member": false }, "geometry": { "type": "Point", "coordinates": [ -73.786889, 40.711666 ] } },
{ "type": "Feature", "properties": { "resource_id": "facdb:721fdda39ea7d1bf6c6d49a917fdcaef", "name": "Reach for the Stars Learning Center", "category": "children-and-youth", "source": "facdb", "is_coad_member": false }, "geometry": { "type": "Point", "coordinates": [ -73.783439, 40.685956 ] } },
{ "type": "Feature", "properties": { "resource_id": "facdb:728b0cd848bbfbd137596a057d6e341c", "name": "PAL Foster Laurie Center", "category": "children-and-youth", "source": "facdb", "is_coad_member": false }, "geometry": { "type": "Point", "coordinates": [ -73.756268, 40.702427 ] } },
{ "type": "Feature", "properties": { "resource_id": "facdb:73cc4e30c01d511031cf4598cc8d9857", "name": "I.S. 238 Susan B. Anthony Academy", "category": "children-and-youth", "source": "facdb", "is_coad_member": false }, "geometry": { "type": "Point", "coordinates": [ -73.779888, 40.71278 ] } },
{ "type": "Feature", "properties": { "resource_id": "facdb:73cc999ddb169d9f7a1989fe98aeeb48", "name": "Hillside Polymedic Diagnostic and Treatment Center", "category": "health-care", "source": "facdb", "is_coad_member": false }, "geometry": { "type": "Point", "coordinates": [ -73.774089, 40.714813 ] } },
{ "type": "Feature", "properties": { "resource_id": "facdb:7444e609d5fe10e466bd016db2a3f09c", "name": "WORKFORCE1 Industrial & Transportation Career Center", "category": "education-and-jobs", "source": "facdb", "is_coad_member": false }, "geometry": { "type": "Point", "coordinates": [ -73.79165, 40.707155 ] } },
{ "type": "Feature", "properties": { "resource_id": "facdb:74811f7a7305a249a6a80ed87c9dd7fa", "name": "Southern Queens Park Assoc. Inc.", "category": "children-and-youth", "source": "facdb", "is_coad_member": false }, "geometry": { "type": "Point", "coordinates": [ -73.792112, 40.693701 ] } },
{ "type": "Feature", "properties": { "resource_id": "facdb:74ea7cd65b2e0d4781f909778eb5e294", "name": "NYPD 113th Precinct Station House", "category": "emergency-services", "source": "facdb", "is_coad_member": false }, "geometry": { "type": "Point", "coordinates": [ -73.775931, 40.679654 ] } },
{ "type": "Feature", "properties": { "resource_id": "facdb:7543d9539bab4f3033401839b86edbd5", "name": "Rochdale Village", "category": "libraries-and-community", "source": "facdb", "is_coad_member": false }, "geometry": { "type": "Point", "coordinates": [ -73.770588, 40.672884 ] } },
{ "type": "Feature", "properties": { "resource_id": "facdb:7587cfc4548eb484aeda3198d64e8b6e", "name": "Northeastern Conference Adventist Community Svcs : Jamaica SDA Church", "category": "food-assistance", "source": "facdb", "is_coad_member": false }, "geometry": { "type": "Point", "coordinates": [ -73.79913, 40.707859 ] } },
{ "type": "Feature", "properties": { "resource_id": "facdb:760abd088711f4ae936d42f50a0f16a6", "name": "Gwen Ifill Park", "category": "parks-and-environment", "source": "facdb", "is_coad_member": false }, "geometry": { "type": "Point", "coordinates": [ -73.768173, 40.678423 ] } },
{ "type": "Feature", "properties": { "resource_id": "facdb:7633fd4f36e74698758216125297b966", "name": "Gateway Park", "category": "parks-and-environment", "source": "facdb", "is_coad_member": false }, "geometry": { "type": "Point", "coordinates": [ -73.812319, 40.69703 ] } },
{ "type": "Feature", "properties": { "resource_id": "facdb:76461d97d225d12b938e663633076b82", "name": "Rufus King Park", "category": "parks-and-environment", "source": "facdb", "is_coad_member": false }, "geometry": { "type": "Point", "coordinates": [ -73.803765, 40.703092 ] } },
{ "type": "Feature", "properties": { "resource_id": "facdb:765f6682331632fd3dae0237833d41ca", "name": "Gertz Plaza ACS Multi Program", "category": "government-offices", "source": "facdb", "is_coad_member": false }, "geometry": { "type": "Point", "coordinates": [ -73.7971, 40.703768 ] } },
{ "type": "Feature", "properties": { "resource_id": "facdb:7799632224faf374fbfbd7934f69b852", "name": "The Child Center of NY Inc", "category": "children-and-youth", "source": "facdb", "is_coad_member": false }, "geometry": { "type": "Point", "coordinates": [ -73.775604, 40.674925 ] } },
{ "type": "Feature", "properties": { "resource_id": "facdb:77b1d50c32aea246ff5c38355cdf3888", "name": "Bartlett Foundation Inc", "category": "children-and-youth", "source": "facdb", "is_coad_member": false }, "geometry": { "type": "Point", "coordinates": [ -73.749361, 40.689194 ] } },
{ "type": "Feature", "properties": { "resource_id": "facdb:783063cb78103f849854e9b5872be4b2", "name": "Offices", "category": "government-offices", "source": "facdb", "is_coad_member": false }, "geometry": { "type": "Point", "coordinates": [ -73.80205, 40.703123 ] } },
{ "type": "Feature", "properties": { "resource_id": "facdb:78e701728f6f65fc21ba908036182a81", "name": "Murdock Plaza", "category": "parks-and-environment", "source": "facdb", "is_coad_member": false }, "geometry": { "type": "Point", "coordinates": [ -73.770183, 40.69615 ] } },
{ "type": "Feature", "properties": { "resource_id": "facdb:7927dd381794dae536107e37dafd2004", "name": "Sco Queens", "category": "children-and-youth", "source": "facdb", "is_coad_member": false }, "geometry": { "type": "Point", "coordinates": [ -73.794376, 40.686929 ] } },
{ "type": "Feature", "properties": { "resource_id": "facdb:79c2669ba2a2463032d668e452d60145", "name": "NYC Parks-Roy Wilkins Ctr", "category": "children-and-youth", "source": "facdb", "is_coad_member": false }, "geometry": { "type": "Point", "coordinates": [ -73.768496, 40.686178 ] } },
{ "type": "Feature", "properties": { "resource_id": "facdb:7a7ce4f9c39f39e012b22d1af85b3351", "name": "Arts @ Henson-Parks, Inc.", "category": "libraries-and-community", "source": "facdb", "is_coad_member": false }, "geometry": { "type": "Point", "coordinates": [ -73.775883, 40.690946 ] } },
{ "type": "Feature", "properties": { "resource_id": "facdb:7a84032cb38801d6c422267781f9bbb7", "name": "Salvation Army : the Salvation Army Jamaica Citadel", "category": "food-assistance", "source": "facdb", "is_coad_member": false }, "geometry": { "type": "Point", "coordinates": [ -73.798699, 40.704869 ] } },
{ "type": "Feature", "properties": { "resource_id": "facdb:7ae71b24c69e4335020e4d0239bd9685", "name": "Queens Civil Court", "category": "government-offices", "source": "facdb", "is_coad_member": false }, "geometry": { "type": "Point", "coordinates": [ -73.808004, 40.70349 ] } },
{ "type": "Feature", "properties": { "resource_id": "facdb:7ba3c740e28d26016963a022324e5429", "name": "Family Preservation Program", "category": "children-and-youth", "source": "facdb", "is_coad_member": false }, "geometry": { "type": "Point", "coordinates": [ -73.797097, 40.703779 ] } },
{ "type": "Feature", "properties": { "resource_id": "facdb:7bd69210f0dbec0743a7dc1ea3c016c4", "name": "South Queens Community Center", "category": "health-care", "source": "facdb", "is_coad_member": false }, "geometry": { "type": "Point", "coordinates": [ -73.785837, 40.68851 ] } },
{ "type": "Feature", "properties": { "resource_id": "facdb:7cb8b60561418e16a85a53df592ded4f", "name": "Ccns-Specialty  Care Management", "category": "mental-health-and-recovery", "source": "facdb", "is_coad_member": false }, "geometry": { "type": "Point", "coordinates": [ -73.794386, 40.705956 ] } },
{ "type": "Feature", "properties": { "resource_id": "facdb:7cc3ac26ab6b3960eeb1e1763fa4f276", "name": "Gil-Blu Nursery and Kindergarten", "category": "children-and-youth", "source": "facdb", "is_coad_member": false }, "geometry": { "type": "Point", "coordinates": [ -73.770795, 40.684029 ] } },
{ "type": "Feature", "properties": { "resource_id": "facdb:7cc7acc6d7e46d25ab1134ebdea676b1", "name": "Life Camp Inc", "category": "benefits-and-legal", "source": "facdb", "is_coad_member": false }, "geometry": { "type": "Point", "coordinates": [ -73.783244, 40.674754 ] } },
{ "type": "Feature", "properties": { "resource_id": "facdb:7e5f6003bc432c7b04a853f69145e255", "name": "Tsiny Core Cpst", "category": "mental-health-and-recovery", "source": "facdb", "is_coad_member": false }, "geometry": { "type": "Point", "coordinates": [ -73.807827, 40.702445 ] } },
{ "type": "Feature", "properties": { "resource_id": "facdb:7ea4b9454813546a72b6e27abdbad9d1", "name": "Offices", "category": "government-offices", "source": "facdb", "is_coad_member": false }, "geometry": { "type": "Point", "coordinates": [ -73.79911, 40.704531 ] } },
{ "type": "Feature", "properties": { "resource_id": "facdb:7ecd4b241a8d62485a0b46d7124238d1", "name": "Crown Business Inst-Nyc", "category": "education-and-jobs", "source": "facdb", "is_coad_member": false }, "geometry": { "type": "Point", "coordinates": [ -73.7962, 40.704646 ] } },
{ "type": "Feature", "properties": { "resource_id": "facdb:7f2ff6b5fbab1ba39f9e8ee902cac777", "name": "Bethany Baptist-Jamaica : Bethany Baptist Church of Jamaica", "category": "food-assistance", "source": "facdb", "is_coad_member": false }, "geometry": { "type": "Point", "coordinates": [ -73.791701, 40.690365 ] } },
{ "type": "Feature", "properties": { "resource_id": "facdb:7f45f5670553ccf8e1b5ec22dd1f2bdd", "name": "Queens Civil Court", "category": "government-offices", "source": "facdb", "is_coad_member": false }, "geometry": { "type": "Point", "coordinates": [ -73.808004, 40.70349 ] } },
{ "type": "Feature", "properties": { "resource_id": "facdb:7f6d0f3a3f08de2c783b493e3ccddd5e", "name": "NYC Business Solutions Industrial and Transportation - Queens", "category": "education-and-jobs", "source": "facdb", "is_coad_member": false }, "geometry": { "type": "Point", "coordinates": [ -73.799651, 40.705183 ] } },
{ "type": "Feature", "properties": { "resource_id": "facdb:7f7b79867e978da1ca18fd7638aadf0a", "name": "South Jamaica (1)", "category": "children-and-youth", "source": "facdb", "is_coad_member": false }, "geometry": { "type": "Point", "coordinates": [ -73.792112, 40.693701 ] } },
{ "type": "Feature", "properties": { "resource_id": "facdb:7ff0bba8dc6eb37202b815d2ed110fb3", "name": "Royal Poeple Group Media Arts", "category": "children-and-youth", "source": "facdb", "is_coad_member": false }, "geometry": { "type": "Point", "coordinates": [ -73.765101, 40.681075 ] } },
{ "type": "Feature", "properties": { "resource_id": "facdb:81dd28f5bc1628be013417459d81dd18", "name": "Jita Community Outreach Center", "category": "children-and-youth", "source": "facdb", "is_coad_member": false }, "geometry": { "type": "Point", "coordinates": [ -73.812643, 40.702179 ] } },
{ "type": "Feature", "properties": { "resource_id": "facdb:823257a2bdea74ae3fb513078f3f4f8a", "name": "Major Music International Corporation", "category": "libraries-and-community", "source": "facdb", "is_coad_member": false }, "geometry": { "type": "Point", "coordinates": [ -73.762441, 40.697795 ] } },
{ "type": "Feature", "properties": { "resource_id": "facdb:82c00c07a01af3b6fcc0a3122f2e7fe0", "name": "Tiberian Baptist Church Vbs", "category": "children-and-youth", "source": "facdb", "is_coad_member": false }, "geometry": { "type": "Point", "coordinates": [ -73.764795, 40.701478 ] } },
{ "type": "Feature", "properties": { "resource_id": "facdb:82fd3017f7c071d6eccffe208186a953", "name": "Admin for Childrens Service", "category": "children-and-youth", "source": "facdb", "is_coad_member": false }, "geometry": { "type": "Point", "coordinates": [ -73.797097, 40.703779 ] } },
{ "type": "Feature", "properties": { "resource_id": "facdb:841a86b0b1b0bc18c98a1f6b44b279f9", "name": "JHS 8 Richard S. Grossley (28Q008)", "category": "benefits-and-legal", "source": "facdb", "is_coad_member": false }, "geometry": { "type": "Point", "coordinates": [ -73.786573, 40.697138 ] } },
{ "type": "Feature", "properties": { "resource_id": "facdb:846d1193fd8536861acab24209008c65", "name": "Morris Brown Helping Hand Food Program : Morris Brown AME Church", "category": "food-assistance", "source": "facdb", "is_coad_member": false }, "geometry": { "type": "Point", "coordinates": [ -73.793449, 40.673862 ] } },
{ "type": "Feature", "properties": { "resource_id": "facdb:846e0c1b6696c9486a75093d2e93cc57", "name": "Culinart Food Service", "category": "children-and-youth", "source": "facdb", "is_coad_member": false }, "geometry": { "type": "Point", "coordinates": [ -73.796262, 40.701747 ] } },
{ "type": "Feature", "properties": { "resource_id": "facdb:8478538e7f3c3145f4338c1f6eead6aa", "name": "Taurus Associates Inc.", "category": "children-and-youth", "source": "facdb", "is_coad_member": false }, "geometry": { "type": "Point", "coordinates": [ -73.746843, 40.695765 ] } },
{ "type": "Feature", "properties": { "resource_id": "facdb:84dd5b5dc27e53281801784e7b8e6b51", "name": "YMCA of Greater New York", "category": "children-and-youth", "source": "facdb", "is_coad_member": false }, "geometry": { "type": "Point", "coordinates": [ -73.790912, 40.693998 ] } },
{ "type": "Feature", "properties": { "resource_id": "facdb:85cac1717b523e958a322ceaff16df2f", "name": "Cv 113th Pct Site B", "category": "benefits-and-legal", "source": "facdb", "is_coad_member": false }, "geometry": { "type": "Point", "coordinates": [ -73.795562, 40.688145 ] } },
{ "type": "Feature", "properties": { "resource_id": "facdb:85d933735dadce5c419c39d1f53a4002", "name": "Unique People Services Inc.", "category": "children-and-youth", "source": "facdb", "is_coad_member": false }, "geometry": { "type": "Point", "coordinates": [ -73.793587, 40.68821 ] } },
{ "type": "Feature", "properties": { "resource_id": "facdb:85e5530524a0cc6d2accacbda23494e4", "name": "Cynthia Jenkins School", "category": "children-and-youth", "source": "facdb", "is_coad_member": false }, "geometry": { "type": "Point", "coordinates": [ -73.758614, 40.676261 ] } },
{ "type": "Feature", "properties": { "resource_id": "facdb:860121e41b5d90e2bf3cb92d5b827adb", "name": "Southern Queens Park Association", "category": "libraries-and-community", "source": "facdb", "is_coad_member": false }, "geometry": { "type": "Point", "coordinates": [ -73.769284, 40.687106 ] } },
{ "type": "Feature", "properties": { "resource_id": "facdb:86aac03d6f03e15a34a069129f2cfe51", "name": "PS 811Q at 136Q", "category": "children-and-youth", "source": "facdb", "is_coad_member": false }, "geometry": { "type": "Point", "coordinates": [ -73.7526, 40.698734 ] } },
{ "type": "Feature", "properties": { "resource_id": "facdb:86c9237bfa8f47ff13ea1d650b901e7a", "name": "The B.E.L.L. Foundation, Inc.", "category": "children-and-youth", "source": "facdb", "is_coad_member": false }, "geometry": { "type": "Point", "coordinates": [ -73.77846, 40.691546 ] } },
{ "type": "Feature", "properties": { "resource_id": "facdb:874e733da0acb8c7ec4f1977d0eadc22", "name": "Center for Alternative Sentencing and Employment Services in", "category": "benefits-and-legal", "source": "facdb", "is_coad_member": false }, "geometry": { "type": "Point", "coordinates": [ -73.7962, 40.704646 ] } },
{ "type": "Feature", "properties": { "resource_id": "facdb:875150a8a2e7b03f91a765edaa796756", "name": "La Casina", "category": "parks-and-environment", "source": "facdb", "is_coad_member": false }, "geometry": { "type": "Point", "coordinates": [ -73.799293, 40.704341 ] } },
{ "type": "Feature", "properties": { "resource_id": "facdb:88e12fbc68537c6bafb002d2fd9e0238", "name": "Wosem Charities Inc. : Wosem Charities Inc.", "category": "food-assistance", "source": "facdb", "is_coad_member": false }, "geometry": { "type": "Point", "coordinates": [ -73.79953, 40.692812 ] } },
{ "type": "Feature", "properties": { "resource_id": "facdb:8a17a51f7d30f5662933b9784ac142d9", "name": "Living Room International", "category": "children-and-youth", "source": "facdb", "is_coad_member": false }, "geometry": { "type": "Point", "coordinates": [ -73.756296, 40.693541 ] } },
{ "type": "Feature", "properties": { "resource_id": "facdb:8aa22feacf11a75d46a5e5a19d256935", "name": "Intensive Supported Employment", "category": "mental-health-and-recovery", "source": "facdb", "is_coad_member": false }, "geometry": { "type": "Point", "coordinates": [ -73.807827, 40.702445 ] } },
{ "type": "Feature", "properties": { "resource_id": "facdb:8b51f1318d5fc4885677025001f69f6d", "name": "Prospect Cemetery", "category": "parks-and-environment", "source": "facdb", "is_coad_member": false }, "geometry": { "type": "Point", "coordinates": [ -73.799544, 40.701412 ] } },
{ "type": "Feature", "properties": { "resource_id": "facdb:8b909c2d0b409b04d23196e408446062", "name": "The Harding Ford Vision, Inc. : the Harding Ford Vision, Inc.", "category": "food-assistance", "source": "facdb", "is_coad_member": false }, "geometry": { "type": "Point", "coordinates": [ -73.797057, 40.698156 ] } },
{ "type": "Feature", "properties": { "resource_id": "facdb:8be3acf031d05beeb7a51b0e2844e770", "name": "Sunshine Village Day School", "category": "children-and-youth", "source": "facdb", "is_coad_member": false }, "geometry": { "type": "Point", "coordinates": [ -73.790591, 40.677125 ] } },
{ "type": "Feature", "properties": { "resource_id": "facdb:8c0a033eaee61ffe3f09ef3e2c905c91", "name": "Chinese American Social Services Center Inc", "category": "children-and-youth", "source": "facdb", "is_coad_member": false }, "geometry": { "type": "Point", "coordinates": [ -73.783439, 40.685956 ] } },
{ "type": "Feature", "properties": { "resource_id": "facdb:8c2e3506720c5a80719b3d1eb41c6782", "name": "Battalion 50/ENGINE 298/LADDER 127", "category": "emergency-services", "source": "facdb", "is_coad_member": false }, "geometry": { "type": "Point", "coordinates": [ -73.804172, 40.707601 ] } },
{ "type": "Feature", "properties": { "resource_id": "facdb:8c6721d2537dc3e1d61609b1f98adaa5", "name": "Taurus Assoc. Holiness Center COGIC", "category": "children-and-youth", "source": "facdb", "is_coad_member": false }, "geometry": { "type": "Point", "coordinates": [ -73.766956, 40.703623 ] } },
{ "type": "Feature", "properties": { "resource_id": "facdb:8dd17704c547c8fb8433fa9e501dff14", "name": "King Manor Museum", "category": "libraries-and-community", "source": "facdb", "is_coad_member": false }, "geometry": { "type": "Point", "coordinates": [ -73.799651, 40.705183 ] } },
{ "type": "Feature", "properties": { "resource_id": "facdb:8e4d896bce8a93fe808a92b89708629b", "name": "Jamaica Chamber of Commerce Building", "category": "parks-and-environment", "source": "facdb", "is_coad_member": false }, "geometry": { "type": "Point", "coordinates": [ -73.799175, 40.705614 ] } },
{ "type": "Feature", "properties": { "resource_id": "facdb:8e52caed1034eb200b01d61eeb7ed914", "name": "Fsnny Cm Health Home+ Queens", "category": "mental-health-and-recovery", "source": "facdb", "is_coad_member": false }, "geometry": { "type": "Point", "coordinates": [ -73.758706, 40.692471 ] } },
{ "type": "Feature", "properties": { "resource_id": "facdb:8f0b4c6b54aff15b896242c1ae686af3", "name": "St Albans Cycle of Life, Inc.", "category": "libraries-and-community", "source": "facdb", "is_coad_member": false }, "geometry": { "type": "Point", "coordinates": [ -73.759371, 40.688893 ] } },
{ "type": "Feature", "properties": { "resource_id": "facdb:8f806bfe464b52974f6aba78ec84d716", "name": "Medisys Family Care Center", "category": "health-care", "source": "facdb", "is_coad_member": false }, "geometry": { "type": "Point", "coordinates": [ -73.804818, 40.70181 ] } },
{ "type": "Feature", "properties": { "resource_id": "facdb:8fa195aa0870ab74ef826788a6ae881e", "name": "Catholic Charities Neighborhood Services Inc", "category": "health-care", "source": "facdb", "is_coad_member": false }, "geometry": { "type": "Point", "coordinates": [ -73.759371, 40.688893 ] } },
{ "type": "Feature", "properties": { "resource_id": "facdb:91bf8bde21ab1269631d80ae38b2a05c", "name": "Liberty Pool", "category": "children-and-youth", "source": "facdb", "is_coad_member": false }, "geometry": { "type": "Point", "coordinates": [ -73.7867, 40.69763 ] } },
{ "type": "Feature", "properties": { "resource_id": "facdb:91ed47c830f25ed434a1bf60466cbaae", "name": "New York Institute of Health Careers", "category": "education-and-jobs", "source": "facdb", "is_coad_member": false }, "geometry": { "type": "Point", "coordinates": [ -73.798615, 40.705406 ] } },
{ "type": "Feature", "properties": { "resource_id": "facdb:920dd88b4cccb4976603a95c50cf54b0", "name": "Ravens Elementary School", "category": "children-and-youth", "source": "facdb", "is_coad_member": false }, "geometry": { "type": "Point", "coordinates": [ -73.763919, 40.692091 ] } },
{ "type": "Feature", "properties": { "resource_id": "facdb:9329304dfa15aa0447e0cd7c63001ace", "name": "Grace Episcopal Church Complex", "category": "parks-and-environment", "source": "facdb", "is_coad_member": false }, "geometry": { "type": "Point", "coordinates": [ -73.801357, 40.704046 ] } },
{ "type": "Feature", "properties": { "resource_id": "facdb:933a39868e2e38acd9cd874838091eea", "name": "Db Grant Associates Inc", "category": "education-and-jobs", "source": "facdb", "is_coad_member": false }, "geometry": { "type": "Point", "coordinates": [ -73.79165, 40.707155 ] } },
{ "type": "Feature", "properties": { "resource_id": "facdb:9347fd3d29c123bf23baa7f170e4eaff", "name": "Reversing the Projections. Inc", "category": "libraries-and-community", "source": "facdb", "is_coad_member": false }, "geometry": { "type": "Point", "coordinates": [ -73.76221, 40.698472 ] } },
{ "type": "Feature", "properties": { "resource_id": "facdb:93decf078814a6d59065b20e901e181a", "name": "New York Center for Medical Assistan", "category": "education-and-jobs", "source": "facdb", "is_coad_member": false }, "geometry": { "type": "Point", "coordinates": [ -73.803622, 40.707784 ] } },
{ "type": "Feature", "properties": { "resource_id": "facdb:944f1ccac20dedc27e2e4c00a6251a4b", "name": "Prospect Cemetery", "category": "parks-and-environment", "source": "facdb", "is_coad_member": false }, "geometry": { "type": "Point", "coordinates": [ -73.798763, 40.701663 ] } },
{ "type": "Feature", "properties": { "resource_id": "facdb:94afc7568b5ee12d1a42887e3161a72a", "name": "Abundant Life Learning Center", "category": "children-and-youth", "source": "facdb", "is_coad_member": false }, "geometry": { "type": "Point", "coordinates": [ -73.776153, 40.682332 ] } },
{ "type": "Feature", "properties": { "resource_id": "facdb:94c797bf8da75a26e5e279a71970d578", "name": "Garden", "category": "parks-and-environment", "source": "facdb", "is_coad_member": false }, "geometry": { "type": "Point", "coordinates": [ -73.798584, 40.676163 ] } },
{ "type": "Feature", "properties": { "resource_id": "facdb:94ce458bdab7bf901be70d517914f288", "name": "Former J.Kurtz  and Sons Store Building", "category": "government-offices", "source": "facdb", "is_coad_member": false }, "geometry": { "type": "Point", "coordinates": [ -73.797027, 40.70427 ] } },
{ "type": "Feature", "properties": { "resource_id": "facdb:95dad17648adfcf3288f383bd786fb5a", "name": "Catherine & Count Basie Middle School 72 (28Q072)", "category": "children-and-youth", "source": "facdb", "is_coad_member": false }, "geometry": { "type": "Point", "coordinates": [ -73.775604, 40.674925 ] } },
{ "type": "Feature", "properties": { "resource_id": "facdb:9618519385312be9c7785e5b353c487f", "name": "Detective Keith L Williams Park", "category": "parks-and-environment", "source": "facdb", "is_coad_member": false }, "geometry": { "type": "Point", "coordinates": [ -73.784429, 40.702884 ] } },
{ "type": "Feature", "properties": { "resource_id": "facdb:9642924a52ba6503b792fba687b6ce7b", "name": "ACS Field Office", "category": "government-offices", "source": "facdb", "is_coad_member": false }, "geometry": { "type": "Point", "coordinates": [ -73.798512, 40.704525 ] } },
{ "type": "Feature", "properties": { "resource_id": "facdb:96772f951173d590338d99fd39afe70e", "name": "Reap and Keep Educational Svs.", "category": "children-and-youth", "source": "facdb", "is_coad_member": false }, "geometry": { "type": "Point", "coordinates": [ -73.773183, 40.685524 ] } },
{ "type": "Feature", "properties": { "resource_id": "facdb:967978f6d8f432c616f873e3accc558e", "name": "August Martin High School", "category": "children-and-youth", "source": "facdb", "is_coad_member": false }, "geometry": { "type": "Point", "coordinates": [ -73.783244, 40.674754 ] } },
{ "type": "Feature", "properties": { "resource_id": "facdb:97351684a3d7f1e7271087c19c31b701", "name": "Harlem Presents, Inc.", "category": "libraries-and-community", "source": "facdb", "is_coad_member": false }, "geometry": { "type": "Point", "coordinates": [ -73.770766, 40.693191 ] } },
{ "type": "Feature", "properties": { "resource_id": "facdb:97f7dd0cf54133892166f60aa27af6ff", "name": "North Rochdale Playground", "category": "parks-and-environment", "source": "facdb", "is_coad_member": false }, "geometry": { "type": "Point", "coordinates": [ -73.775037, 40.679968 ] } },
{ "type": "Feature", "properties": { "resource_id": "facdb:9894b68bfbca1d1de3845142f733fb86", "name": "William Simmons Community Garden Club", "category": "parks-and-environment", "source": "facdb", "is_coad_member": false }, "geometry": { "type": "Point", "coordinates": [ -73.783033, 40.701633 ] } },
{ "type": "Feature", "properties": { "resource_id": "facdb:98e6c5cebece23972f641353c3ca9bdd", "name": "Kurtz, J., and Sons Store Building", "category": "parks-and-environment", "source": "facdb", "is_coad_member": false }, "geometry": { "type": "Point", "coordinates": [ -73.797027, 40.70428 ] } },
{ "type": "Feature", "properties": { "resource_id": "facdb:99794540d85b0db87e54d13e819f77c0", "name": "Transitional Services for New York Smh Cma", "category": "mental-health-and-recovery", "source": "facdb", "is_coad_member": false }, "geometry": { "type": "Point", "coordinates": [ -73.807827, 40.702445 ] } },
{ "type": "Feature", "properties": { "resource_id": "facdb:99ed3ae6ef3a18523a47f9efa3878ebf", "name": "Project Alert", "category": "children-and-youth", "source": "facdb", "is_coad_member": false }, "geometry": { "type": "Point", "coordinates": [ -73.767656, 40.671288 ] } },
{ "type": "Feature", "properties": { "resource_id": "facdb:9a3d731b9c6c592d65f495cf48118980", "name": "Usda-Ceo P075Q at PS 48Q", "category": "children-and-youth", "source": "facdb", "is_coad_member": false }, "geometry": { "type": "Point", "coordinates": [ -73.796193, 40.693582 ] } },
{ "type": "Feature", "properties": { "resource_id": "facdb:9a3f0c4bf821ed55b9f6fc3d3cc5dd74", "name": "The Rose Kitchen : the Rose Kitchen", "category": "food-assistance", "source": "facdb", "is_coad_member": false }, "geometry": { "type": "Point", "coordinates": [ -73.791335, 40.700874 ] } },
{ "type": "Feature", "properties": { "resource_id": "facdb:9a92f6b360ecb644d1e998a5a9c54789", "name": "South Queens Community Health Center", "category": "health-care", "source": "facdb", "is_coad_member": false }, "geometry": { "type": "Point", "coordinates": [ -73.785929, 40.688355 ] } },
{ "type": "Feature", "properties": { "resource_id": "facdb:9adda22be76b9e132028b3ea7b3b9251", "name": "The Child Center of NY Inc", "category": "mental-health-and-recovery", "source": "facdb", "is_coad_member": false }, "geometry": { "type": "Point", "coordinates": [ -73.792277, 40.684542 ] } },
{ "type": "Feature", "properties": { "resource_id": "facdb:9b8538da74b7359bc5cbe1eed0a38884", "name": "American Medical Career Trn Ctr", "category": "education-and-jobs", "source": "facdb", "is_coad_member": false }, "geometry": { "type": "Point", "coordinates": [ -73.805444, 40.706646 ] } },
{ "type": "Feature", "properties": { "resource_id": "facdb:9bb7067a06b47c73b9198e4a50acaf91", "name": "Jcal Sumer Dance Intensive", "category": "children-and-youth", "source": "facdb", "is_coad_member": false }, "geometry": { "type": "Point", "coordinates": [ -73.798118, 40.703783 ] } },
{ "type": "Feature", "properties": { "resource_id": "facdb:9c27d4d0013ed9e92d280a6a7c48e122", "name": "Young Adults with Special Abilities", "category": "disability-and-access", "source": "facdb", "is_coad_member": false }, "geometry": { "type": "Point", "coordinates": [ -73.787186, 40.710059 ] } },
{ "type": "Feature", "properties": { "resource_id": "facdb:9ddca475f47320594c3ca1957db938a3", "name": "P.S. 48 William Wordsworth", "category": "children-and-youth", "source": "facdb", "is_coad_member": false }, "geometry": { "type": "Point", "coordinates": [ -73.796193, 40.693582 ] } },
{ "type": "Feature", "properties": { "resource_id": "facdb:9ee8be07f907ca448e981b1997caca31", "name": "Central Library", "category": "libraries-and-community", "source": "facdb", "is_coad_member": false }, "geometry": { "type": "Point", "coordinates": [ -73.794644, 40.707805 ] } },
{ "type": "Feature", "properties": { "resource_id": "facdb:9f97a7e09bac75f12ceffda6730445e0", "name": "Ccns - Specialty Care Management", "category": "mental-health-and-recovery", "source": "facdb", "is_coad_member": false }, "geometry": { "type": "Point", "coordinates": [ -73.79419, 40.70615 ] } },
{ "type": "Feature", "properties": { "resource_id": "facdb:a03c4e7a00a45ea844088ea47f35e355", "name": "Icna Relief USA : Icna Relief USA", "category": "food-assistance", "source": "facdb", "is_coad_member": false }, "geometry": { "type": "Point", "coordinates": [ -73.811597, 40.704518 ] } },
{ "type": "Feature", "properties": { "resource_id": "facdb:a03d0abc39161a305947af5b74cc5e9c", "name": "Tsiny Core Family Support and Training", "category": "mental-health-and-recovery", "source": "facdb", "is_coad_member": false }, "geometry": { "type": "Point", "coordinates": [ -73.807827, 40.702445 ] } },
{ "type": "Feature", "properties": { "resource_id": "facdb:a05dd991c2fbc9571570fec160c439e8", "name": "Reading Partners", "category": "children-and-youth", "source": "facdb", "is_coad_member": false }, "geometry": { "type": "Point", "coordinates": [ -73.796193, 40.693582 ] } },
{ "type": "Feature", "properties": { "resource_id": "facdb:a0c303acf2c9dd7599c39babaa800388", "name": "Mt. Moriah A.M.E. Church", "category": "children-and-youth", "source": "facdb", "is_coad_member": false }, "geometry": { "type": "Point", "coordinates": [ -73.746908, 40.696946 ] } },
{ "type": "Feature", "properties": { "resource_id": "facdb:a0dee40ed1ab777846f708fc518d3e2a", "name": "Coalition for Hispanic Family Services", "category": "children-and-youth", "source": "facdb", "is_coad_member": false }, "geometry": { "type": "Point", "coordinates": [ -73.786573, 40.697138 ] } },
{ "type": "Feature", "properties": { "resource_id": "facdb:a161777ab4630a8161758823c358d04c", "name": "American Medical & Career Training", "category": "education-and-jobs", "source": "facdb", "is_coad_member": false }, "geometry": { "type": "Point", "coordinates": [ -73.80806, 40.700775 ] } },
{ "type": "Feature", "properties": { "resource_id": "facdb:a1e701af0c5b8052223ca501a06f50ed", "name": "Blanche Memorial Church", "category": "children-and-youth", "source": "facdb", "is_coad_member": false }, "geometry": { "type": "Point", "coordinates": [ -73.797121, 40.690006 ] } },
{ "type": "Feature", "properties": { "resource_id": "facdb:a2305c146452fce3a8114aafe9633ba8", "name": "Ultissima Beauty Inst-Mineola", "category": "education-and-jobs", "source": "facdb", "is_coad_member": false }, "geometry": { "type": "Point", "coordinates": [ -73.79696, 40.70434 ] } },
{ "type": "Feature", "properties": { "resource_id": "facdb:a24e9d0c889a71152f458592746658d1", "name": "Burns Memorial Vacation Camp", "category": "children-and-youth", "source": "facdb", "is_coad_member": false }, "geometry": { "type": "Point", "coordinates": [ -73.809975, 40.701715 ] } },
{ "type": "Feature", "properties": { "resource_id": "facdb:a46e004ed3319bb69300ad756f7f774c", "name": "First Cares Summer Youth Program", "category": "children-and-youth", "source": "facdb", "is_coad_member": false }, "geometry": { "type": "Point", "coordinates": [ -73.800245, 40.709794 ] } },
{ "type": "Feature", "properties": { "resource_id": "facdb:a51ee7e69389a0ed419df4b17150d3a2", "name": "Block Association #81", "category": "parks-and-environment", "source": "facdb", "is_coad_member": false }, "geometry": { "type": "Point", "coordinates": [ -73.803741, 40.690664 ] } },
{ "type": "Feature", "properties": { "resource_id": "facdb:a59862bf00f85f3442cf610f8ef9e5ec", "name": "Greater Springfield Community Church : Greater Springfield Community Church", "category": "food-assistance", "source": "facdb", "is_coad_member": false }, "geometry": { "type": "Point", "coordinates": [ -73.765232, 40.680225 ] } },
{ "type": "Feature", "properties": { "resource_id": "facdb:a5c0458a92c16a5eae28dc10228d8d88", "name": "Intensive Mobile Treatment", "category": "mental-health-and-recovery", "source": "facdb", "is_coad_member": false }, "geometry": { "type": "Point", "coordinates": [ -73.797097, 40.703779 ] } },
{ "type": "Feature", "properties": { "resource_id": "facdb:a5eb4dc053af275af724391a67ffab45", "name": "Safe Horizon Inc", "category": "benefits-and-legal", "source": "facdb", "is_coad_member": false }, "geometry": { "type": "Point", "coordinates": [ -73.80281, 40.702186 ] } },
{ "type": "Feature", "properties": { "resource_id": "facdb:a603d5d2a1d1b0f5df50255ffa7533d2", "name": "Episcopal Health Services Inc", "category": "mental-health-and-recovery", "source": "facdb", "is_coad_member": false }, "geometry": { "type": "Point", "coordinates": [ -73.807446, 40.706691 ] } },
{ "type": "Feature", "properties": { "resource_id": "facdb:a616dd60f5f12999732d36850e4e380f", "name": "Offices", "category": "government-offices", "source": "facdb", "is_coad_member": false }, "geometry": { "type": "Point", "coordinates": [ -73.807823, 40.70246 ] } },
{ "type": "Feature", "properties": { "resource_id": "facdb:a627cdfedc9837db703b2c7c8b26a541", "name": "Mobile Unit-Rufus King Playground", "category": "children-and-youth", "source": "facdb", "is_coad_member": false }, "geometry": { "type": "Point", "coordinates": [ -73.803765, 40.703092 ] } },
{ "type": "Feature", "properties": { "resource_id": "facdb:a6fe60508718c5960129abd15df168aa", "name": "Queens WORKFORCE1 Career Center", "category": "education-and-jobs", "source": "facdb", "is_coad_member": false }, "geometry": { "type": "Point", "coordinates": [ -73.79165, 40.707155 ] } },
{ "type": "Feature", "properties": { "resource_id": "facdb:a720248e0d087e144d5728a728141948", "name": "Holy Ghost Upper Room Filing Stat.", "category": "children-and-youth", "source": "facdb", "is_coad_member": false }, "geometry": { "type": "Point", "coordinates": [ -73.791992, 40.668836 ] } },
{ "type": "Feature", "properties": { "resource_id": "facdb:a7b982dc4ec30238a61baeddef4dbae4", "name": "St. Albans", "category": "libraries-and-community", "source": "facdb", "is_coad_member": false }, "geometry": { "type": "Point", "coordinates": [ -73.76011, 40.692534 ] } },
{ "type": "Feature", "properties": { "resource_id": "facdb:a8070d3570070388117390b99c3f53f6", "name": "Jamaica Hospital Mental Health Clinic", "category": "mental-health-and-recovery", "source": "facdb", "is_coad_member": false }, "geometry": { "type": "Point", "coordinates": [ -73.814772, 40.700543 ] } },
{ "type": "Feature", "properties": { "resource_id": "facdb:a82e1608e37d9ff2832c27d8731f2fa9", "name": "Roy Wilkins Recreation Center", "category": "parks-and-environment", "source": "facdb", "is_coad_member": false }, "geometry": { "type": "Point", "coordinates": [ -73.769284, 40.687106 ] } },
{ "type": "Feature", "properties": { "resource_id": "facdb:a8bc4cb6caa83fa3f921524e0a709617", "name": "South Ozone Park SDA", "category": "children-and-youth", "source": "facdb", "is_coad_member": false }, "geometry": { "type": "Point", "coordinates": [ -73.801323, 40.675869 ] } },
{ "type": "Feature", "properties": { "resource_id": "facdb:a9a885d1bb0fb7bede5513aa4438da85", "name": "Joseph P. Addabbo Family Health Center", "category": "health-care", "source": "facdb", "is_coad_member": false }, "geometry": { "type": "Point", "coordinates": [ -73.782257, 40.683532 ] } },
{ "type": "Feature", "properties": { "resource_id": "facdb:a9dc123705ae83229ae0de59ba6c0525", "name": "Damian Family Care Center", "category": "health-care", "source": "facdb", "is_coad_member": false }, "geometry": { "type": "Point", "coordinates": [ -73.815065, 40.702194 ] } },
{ "type": "Feature", "properties": { "resource_id": "facdb:aa7c4a3ac9771830719191c5eb76c481", "name": "The Child Center of NY Inc", "category": "mental-health-and-recovery", "source": "facdb", "is_coad_member": false }, "geometry": { "type": "Point", "coordinates": [ -73.7962, 40.704646 ] } },
{ "type": "Feature", "properties": { "resource_id": "facdb:aabb07fa16d92e7ef7388a576a5d19c6", "name": "Community Mediation Services, Inc.", "category": "benefits-and-legal", "source": "facdb", "is_coad_member": false }, "geometry": { "type": "Point", "coordinates": [ -73.797435, 40.705291 ] } },
{ "type": "Feature", "properties": { "resource_id": "facdb:ab531bc92e21468d9b3b7476ac8d0047", "name": "Allen Community", "category": "children-and-youth", "source": "facdb", "is_coad_member": false }, "geometry": { "type": "Point", "coordinates": [ -73.809975, 40.701715 ] } },
{ "type": "Feature", "properties": { "resource_id": "facdb:abb12b263d919d58b0e3f1652693a7b1", "name": "Police Athletic League Inc", "category": "children-and-youth", "source": "facdb", "is_coad_member": false }, "geometry": { "type": "Point", "coordinates": [ -73.783439, 40.685956 ] } },
{ "type": "Feature", "properties": { "resource_id": "facdb:abfbe10a74cf1fbf3159b6a68845dec8", "name": "Medisys Family Care - St. Albans", "category": "health-care", "source": "facdb", "is_coad_member": false }, "geometry": { "type": "Point", "coordinates": [ -73.781325, 40.693764 ] } },
{ "type": "Feature", "properties": { "resource_id": "facdb:ad8c2ec33a73086b9bb0f28fbca2b307", "name": "Where There IS Need, Inc.", "category": "libraries-and-community", "source": "facdb", "is_coad_member": false }, "geometry": { "type": "Point", "coordinates": [ -73.793976, 40.690148 ] } },
{ "type": "Feature", "properties": { "resource_id": "facdb:adc8509f3a7f00bf7bc9b64695438d9c", "name": "HRA Benefits Access Center Jamaica", "category": "education-and-jobs", "source": "facdb", "is_coad_member": false }, "geometry": { "type": "Point", "coordinates": [ -73.796319, 40.708569 ] } },
{ "type": "Feature", "properties": { "resource_id": "facdb:add6e8ccac1f13f4bb264f1cea4aed2d", "name": "Cavalry Camp", "category": "children-and-youth", "source": "facdb", "is_coad_member": false }, "geometry": { "type": "Point", "coordinates": [ -73.787976, 40.691436 ] } },
{ "type": "Feature", "properties": { "resource_id": "facdb:af564d85ee5356392c03f1728b3fe242", "name": "Nail Academy (The)", "category": "education-and-jobs", "source": "facdb", "is_coad_member": false }, "geometry": { "type": "Point", "coordinates": [ -73.797547, 40.704107 ] } },
{ "type": "Feature", "properties": { "resource_id": "facdb:af6f7d4cac4e4cf63035318046f796c9", "name": "Emh College Entrance Exam (Sat) Test Prep Course – Fall Session", "category": "children-and-youth", "source": "facdb", "is_coad_member": false }, "geometry": { "type": "Point", "coordinates": [ -73.799341, 40.703088 ] } },
{ "type": "Feature", "properties": { "resource_id": "facdb:affa52b3a457363a6550b3d18da23e92", "name": "Allen AME Church Dba Allen Community Senior Citizens Center", "category": "older-adults", "source": "facdb", "is_coad_member": false }, "geometry": { "type": "Point", "coordinates": [ -73.796086, 40.674234 ] } },
{ "type": "Feature", "properties": { "resource_id": "facdb:b00066b1f882f6eca3fabdae8fbb131d", "name": "Fms-St. Alban's Dialysis Center", "category": "health-care", "source": "facdb", "is_coad_member": false }, "geometry": { "type": "Point", "coordinates": [ -73.769844, 40.682719 ] } },
{ "type": "Feature", "properties": { "resource_id": "facdb:b14020464a9b9c550882ec9e662a57d7", "name": "Brinkerhoff Mall", "category": "parks-and-environment", "source": "facdb", "is_coad_member": false }, "geometry": { "type": "Point", "coordinates": [ -73.782176, 40.695752 ] } },
{ "type": "Feature", "properties": { "resource_id": "facdb:b15796412cf881ff7fc521b05878abaf", "name": "Saint Joseph's Medical Center Queens Otp", "category": "health-care", "source": "facdb", "is_coad_member": false }, "geometry": { "type": "Point", "coordinates": [ -73.786889, 40.711666 ] } },
{ "type": "Feature", "properties": { "resource_id": "facdb:b24b6bb57a80990784ab51290629b2a4", "name": "Al-Khoei Benevolent Foundation", "category": "children-and-youth", "source": "facdb", "is_coad_member": false }, "geometry": { "type": "Point", "coordinates": [ -73.815044, 40.701178 ] } },
{ "type": "Feature", "properties": { "resource_id": "facdb:b2cc534ec4ecbedce8f8b5084c2e345e", "name": "High School for Law Enforcement and Public Safety", "category": "children-and-youth", "source": "facdb", "is_coad_member": false }, "geometry": { "type": "Point", "coordinates": [ -73.783439, 40.685956 ] } },
{ "type": "Feature", "properties": { "resource_id": "facdb:b2d27a37d03584d729fd22c9c61d5ee3", "name": "St Albans Park", "category": "children-and-youth", "source": "facdb", "is_coad_member": false }, "geometry": { "type": "Point", "coordinates": [ -73.778796, 40.693045 ] } },
{ "type": "Feature", "properties": { "resource_id": "facdb:b2f1cc5aa0d23c8e0fbf796f5ad548ce", "name": "Food Packages", "category": "children-and-youth", "source": "facdb", "is_coad_member": false }, "geometry": { "type": "Point", "coordinates": [ -73.79431, 40.708177 ] } },
{ "type": "Feature", "properties": { "resource_id": "facdb:b3449a4a125195ec8007cf5ebcbbac29", "name": "Exploring the Metropolis, Inc.", "category": "libraries-and-community", "source": "facdb", "is_coad_member": false }, "geometry": { "type": "Point", "coordinates": [ -73.798118, 40.703783 ] } },
{ "type": "Feature", "properties": { "resource_id": "facdb:b3ad631afa1abce408380e6d07dd41b7", "name": "Greater Bethel Community Development Corporation", "category": "children-and-youth", "source": "facdb", "is_coad_member": false }, "geometry": { "type": "Point", "coordinates": [ -73.780484, 40.707282 ] } },
{ "type": "Feature", "properties": { "resource_id": "facdb:b3d4370f7278d6e2840caeb3dc702609", "name": "Lemeul Haynes Cong'l Church", "category": "children-and-youth", "source": "facdb", "is_coad_member": false }, "geometry": { "type": "Point", "coordinates": [ -73.795189, 40.682213 ] } },
{ "type": "Feature", "properties": { "resource_id": "facdb:b4b39f4e6d68ffef50cb67f64975e7d9", "name": "Nyadi", "category": "education-and-jobs", "source": "facdb", "is_coad_member": false }, "geometry": { "type": "Point", "coordinates": [ -73.780595, 40.705207 ] } },
{ "type": "Feature", "properties": { "resource_id": "facdb:b4d6cee0688776e778c88b918b2672dc", "name": "Royal Ppl Grp Media Arts Ctr Summer", "category": "children-and-youth", "source": "facdb", "is_coad_member": false }, "geometry": { "type": "Point", "coordinates": [ -73.809975, 40.701715 ] } },
{ "type": "Feature", "properties": { "resource_id": "facdb:b4d8a7ecf1a0fd101a3add6f5462499f", "name": "Queens Library-Central Library", "category": "children-and-youth", "source": "facdb", "is_coad_member": false }, "geometry": { "type": "Point", "coordinates": [ -73.794644, 40.707805 ] } },
{ "type": "Feature", "properties": { "resource_id": "facdb:b827043a9534fd5aaaf8851f3bbd55a7", "name": "Bartlett Foundation, Inc.", "category": "libraries-and-community", "source": "facdb", "is_coad_member": false }, "geometry": { "type": "Point", "coordinates": [ -73.758748, 40.708287 ] } },
{ "type": "Feature", "properties": { "resource_id": "facdb:b8cdf1b247b8258a669bd5d677d4e80b", "name": "Taurus Assoc, Inc. Allen Comm. Estat", "category": "children-and-youth", "source": "facdb", "is_coad_member": false }, "geometry": { "type": "Point", "coordinates": [ -73.800168, 40.693858 ] } },
{ "type": "Feature", "properties": { "resource_id": "facdb:b8f5c419a3f89d3b83aaeca85dee1176", "name": "Marconi Park", "category": "parks-and-environment", "source": "facdb", "is_coad_member": false }, "geometry": { "type": "Point", "coordinates": [ -73.795584, 40.693294 ] } },
{ "type": "Feature", "properties": { "resource_id": "facdb:b90a8884cbe7badf1d53d9aef0b0e938", "name": "Howard Von Dohlen Playground", "category": "parks-and-environment", "source": "facdb", "is_coad_member": false }, "geometry": { "type": "Point", "coordinates": [ -73.813089, 40.69965 ] } },
{ "type": "Feature", "properties": { "resource_id": "facdb:b95e9c7f1bc586c3a44ed80373bb8ae3", "name": "Jamaica Center for Arts and Learning", "category": "children-and-youth", "source": "facdb", "is_coad_member": false }, "geometry": { "type": "Point", "coordinates": [ -73.798118, 40.703783 ] } },
{ "type": "Feature", "properties": { "resource_id": "facdb:b99cb74a9e336cb8ab58ea55e1c61fd5", "name": "Bethany Baptist Church of Queens", "category": "children-and-youth", "source": "facdb", "is_coad_member": false }, "geometry": { "type": "Point", "coordinates": [ -73.791701, 40.690365 ] } },
{ "type": "Feature", "properties": { "resource_id": "facdb:b9ad9cbf7681c6bf085e726971308fa6", "name": "Jamaica Center for Arts & Learning, Inc.", "category": "libraries-and-community", "source": "facdb", "is_coad_member": false }, "geometry": { "type": "Point", "coordinates": [ -73.798118, 40.703783 ] } },
{ "type": "Feature", "properties": { "resource_id": "facdb:ba0ffda2d06a81e78c6e18c545d5dc85", "name": "Jewel Human Services  Inc.", "category": "disability-and-access", "source": "facdb", "is_coad_member": false }, "geometry": { "type": "Point", "coordinates": [ -73.788877, 40.677326 ] } },
{ "type": "Feature", "properties": { "resource_id": "facdb:ba443bc0913f8ef78a031983df972432", "name": "Presbyterian Church of St Albans", "category": "children-and-youth", "source": "facdb", "is_coad_member": false }, "geometry": { "type": "Point", "coordinates": [ -73.759371, 40.688893 ] } },
{ "type": "Feature", "properties": { "resource_id": "facdb:ba70e8ea1c1316d401cf199ff20cc54c", "name": "Ccns Queens Act", "category": "mental-health-and-recovery", "source": "facdb", "is_coad_member": false }, "geometry": { "type": "Point", "coordinates": [ -73.797901, 40.703808 ] } },
{ "type": "Feature", "properties": { "resource_id": "facdb:bb1df618a9950fa0037c176d9e13aea3", "name": "New York Legal Assistance Group  Inc", "category": "benefits-and-legal", "source": "facdb", "is_coad_member": false }, "geometry": { "type": "Point", "coordinates": [ -73.807925, 40.703419 ] } },
{ "type": "Feature", "properties": { "resource_id": "facdb:bb58a2aa6d69c057b226d05dec280398", "name": "All Nations Apostolic Tabernacle", "category": "children-and-youth", "source": "facdb", "is_coad_member": false }, "geometry": { "type": "Point", "coordinates": [ -73.801557, 40.704924 ] } },
{ "type": "Feature", "properties": { "resource_id": "facdb:bb8573cad469ab43b297f9dbacbf6764", "name": "Royal People Group, Inc.", "category": "libraries-and-community", "source": "facdb", "is_coad_member": false }, "geometry": { "type": "Point", "coordinates": [ -73.806782, 40.700548 ] } },
{ "type": "Feature", "properties": { "resource_id": "facdb:bb91d24dc61ee243acf07940789c4e5b", "name": "Guyanese Girls Rock Foundation Inc", "category": "children-and-youth", "source": "facdb", "is_coad_member": false }, "geometry": { "type": "Point", "coordinates": [ -73.794644, 40.707805 ] } },
{ "type": "Feature", "properties": { "resource_id": "facdb:bbc29330b9160b4aed0fec308c520cd4", "name": "Edward Byrne Center", "category": "children-and-youth", "source": "facdb", "is_coad_member": false }, "geometry": { "type": "Point", "coordinates": [ -73.783439, 40.685956 ] } },
{ "type": "Feature", "properties": { "resource_id": "facdb:bc0fa04f8da359a4af29841fc6f85a7b", "name": "Rufus King Park", "category": "children-and-youth", "source": "facdb", "is_coad_member": false }, "geometry": { "type": "Point", "coordinates": [ -73.802274, 40.702728 ] } },
{ "type": "Feature", "properties": { "resource_id": "facdb:bc16eb44d561ac645892e40626833024", "name": "Unlimited Praise Ministries/St. John", "category": "children-and-youth", "source": "facdb", "is_coad_member": false }, "geometry": { "type": "Point", "coordinates": [ -73.786713, 40.690748 ] } },
{ "type": "Feature", "properties": { "resource_id": "facdb:bc4e1e9123d7c7854d79cc9f24909661", "name": "Salvation Army : the Salvation Army Jamaica Citadel", "category": "food-assistance", "source": "facdb", "is_coad_member": false }, "geometry": { "type": "Point", "coordinates": [ -73.798699, 40.704869 ] } },
{ "type": "Feature", "properties": { "resource_id": "facdb:bc67d6d3a1f63e7d3950e0af1d2708f9", "name": "Taurus Assoc, J-Cap-Attain Lab", "category": "children-and-youth", "source": "facdb", "is_coad_member": false }, "geometry": { "type": "Point", "coordinates": [ -73.794138, 40.699265 ] } },
{ "type": "Feature", "properties": { "resource_id": "facdb:bcba8b66d369f8cda7384e1ed7980299", "name": "Offices", "category": "government-offices", "source": "facdb", "is_coad_member": false }, "geometry": { "type": "Point", "coordinates": [ -73.807823, 40.70246 ] } },
{ "type": "Feature", "properties": { "resource_id": "facdb:bcef476de333ce24d0339cda3b0829a5", "name": "United Apostolic Churvch Vbs", "category": "children-and-youth", "source": "facdb", "is_coad_member": false }, "geometry": { "type": "Point", "coordinates": [ -73.751928, 40.706903 ] } },
{ "type": "Feature", "properties": { "resource_id": "facdb:be26ec38c4873358e9f1259dbf3b16a7", "name": "Net Institute Inc", "category": "education-and-jobs", "source": "facdb", "is_coad_member": false }, "geometry": { "type": "Point", "coordinates": [ -73.799168, 40.705605 ] } },
{ "type": "Feature", "properties": { "resource_id": "facdb:be3f01a085e993214c26267021523174", "name": "Norelli-Hargreaves Playground", "category": "parks-and-environment", "source": "facdb", "is_coad_member": false }, "geometry": { "type": "Point", "coordinates": [ -73.808738, 40.690179 ] } },
{ "type": "Feature", "properties": { "resource_id": "facdb:be61903fe86799d82699a8ce548db7e3", "name": "Onipa-Abusia Temple, Inc.", "category": "libraries-and-community", "source": "facdb", "is_coad_member": false }, "geometry": { "type": "Point", "coordinates": [ -73.786325, 40.703852 ] } },
{ "type": "Feature", "properties": { "resource_id": "facdb:be8213c968b2169897f8c5a242ec3b1e", "name": "Jamaica SDA", "category": "children-and-youth", "source": "facdb", "is_coad_member": false }, "geometry": { "type": "Point", "coordinates": [ -73.79913, 40.707859 ] } },
{ "type": "Feature", "properties": { "resource_id": "facdb:bef005a101f7ec17521e98e326da92dd", "name": "New York Edge Inc", "category": "children-and-youth", "source": "facdb", "is_coad_member": false }, "geometry": { "type": "Point", "coordinates": [ -73.781785, 40.700764 ] } },
{ "type": "Feature", "properties": { "resource_id": "facdb:bf6f0cc002fb676fcccfbee7eb88e3c7", "name": "Jamaica Job Center", "category": "government-offices", "source": "facdb", "is_coad_member": false }, "geometry": { "type": "Point", "coordinates": [ -73.796282, 40.708391 ] } },
{ "type": "Feature", "properties": { "resource_id": "facdb:c018b6bd334c7d18a1a6d0d8ce0ffe82", "name": "St. John's Episcopal Hospital Frc", "category": "children-and-youth", "source": "facdb", "is_coad_member": false }, "geometry": { "type": "Point", "coordinates": [ -73.807446, 40.706691 ] } },
{ "type": "Feature", "properties": { "resource_id": "facdb:c11b026494aae6d2332f50b6badaac10", "name": "House of Completion Community Development Corporat : House of Completion Community Development", "category": "food-assistance", "source": "facdb", "is_coad_member": false }, "geometry": { "type": "Point", "coordinates": [ -73.792281, 40.683668 ] } },
{ "type": "Feature", "properties": { "resource_id": "facdb:c201f2b8a287be8a50d892ac10cb85fa", "name": "Harriman Summer Camp, S-11 Inc", "category": "children-and-youth", "source": "facdb", "is_coad_member": false }, "geometry": { "type": "Point", "coordinates": [ -73.775604, 40.674925 ] } },
{ "type": "Feature", "properties": { "resource_id": "facdb:c2d401f16c81a39805fd8bddf1aed1e5", "name": "AIDS Center of Queens County Inc.", "category": "mental-health-and-recovery", "source": "facdb", "is_coad_member": false }, "geometry": { "type": "Point", "coordinates": [ -73.798063, 40.704565 ] } },
{ "type": "Feature", "properties": { "resource_id": "facdb:c3308bb20fc2d962a3284d44f03288ce", "name": "South Jamaica Community Center", "category": "children-and-youth", "source": "facdb", "is_coad_member": false }, "geometry": { "type": "Point", "coordinates": [ -73.792112, 40.693701 ] } },
{ "type": "Feature", "properties": { "resource_id": "facdb:c3a3de54d6883368ed651fa13440cb0a", "name": "Parsons Community Health Center", "category": "health-care", "source": "facdb", "is_coad_member": false }, "geometry": { "type": "Point", "coordinates": [ -73.800209, 40.703987 ] } },
{ "type": "Feature", "properties": { "resource_id": "facdb:c446477d7932d34c38ffedc9c061a9f6", "name": "Community Healthcare Network", "category": "health-care", "source": "facdb", "is_coad_member": false }, "geometry": { "type": "Point", "coordinates": [ -73.805968, 40.696917 ] } },
{ "type": "Feature", "properties": { "resource_id": "facdb:c460fe06b539bb5a6bfcd5abd254d5bf", "name": "Metropolitan Career Institute", "category": "education-and-jobs", "source": "facdb", "is_coad_member": false }, "geometry": { "type": "Point", "coordinates": [ -73.794386, 40.705956 ] } },
{ "type": "Feature", "properties": { "resource_id": "facdb:c4c0a4820e63f5d34e77dcd52689aecb", "name": "Ccns Hf 12", "category": "children-and-youth", "source": "facdb", "is_coad_member": false }, "geometry": { "type": "Point", "coordinates": [ -73.797901, 40.703808 ] } },
{ "type": "Feature", "properties": { "resource_id": "facdb:c4f57c0db27080ed50453d7ff1127e10", "name": "South Rochdale Playground", "category": "parks-and-environment", "source": "facdb", "is_coad_member": false }, "geometry": { "type": "Point", "coordinates": [ -73.769205, 40.673352 ] } },
{ "type": "Feature", "properties": { "resource_id": "facdb:c5d785f2d8d02f149981b1cf66d1cba9", "name": "MS 72", "category": "children-and-youth", "source": "facdb", "is_coad_member": false }, "geometry": { "type": "Point", "coordinates": [ -73.775604, 40.674925 ] } },
{ "type": "Feature", "properties": { "resource_id": "facdb:c7289901d9d0ace81dcb9a82917c6ecd", "name": "Tsiny Core Psr", "category": "mental-health-and-recovery", "source": "facdb", "is_coad_member": false }, "geometry": { "type": "Point", "coordinates": [ -73.807827, 40.702445 ] } },
{ "type": "Feature", "properties": { "resource_id": "facdb:c7509520349ea973d20ca75739381e54", "name": "Baisley Pond Park", "category": "parks-and-environment", "source": "facdb", "is_coad_member": false }, "geometry": { "type": "Point", "coordinates": [ -73.786182, 40.675889 ] } },
{ "type": "Feature", "properties": { "resource_id": "facdb:c75caaf9dedb46cb3ea904ee5214c2f3", "name": "Opportunities for a Better Tomorrow Inc", "category": "children-and-youth", "source": "facdb", "is_coad_member": false }, "geometry": { "type": "Point", "coordinates": [ -73.798118, 40.703783 ] } },
{ "type": "Feature", "properties": { "resource_id": "facdb:c7795deaffa399f921712298056cf0b4", "name": "Proctor-Hopson Circle", "category": "parks-and-environment", "source": "facdb", "is_coad_member": false }, "geometry": { "type": "Point", "coordinates": [ -73.786271, 40.697889 ] } },
{ "type": "Feature", "properties": { "resource_id": "facdb:c7c336b958cd11f02dda4fa498cab78f", "name": "The Bishop Herbert Thompson Jr Summe", "category": "children-and-youth", "source": "facdb", "is_coad_member": false }, "geometry": { "type": "Point", "coordinates": [ -73.801455, 40.704602 ] } },
{ "type": "Feature", "properties": { "resource_id": "facdb:c813c1007b1cc2622436b8bcf368d0b2", "name": "Tsny Counseling and Crisis Center", "category": "mental-health-and-recovery", "source": "facdb", "is_coad_member": false }, "geometry": { "type": "Point", "coordinates": [ -73.807827, 40.702445 ] } },
{ "type": "Feature", "properties": { "resource_id": "facdb:c8d20fba26c0ff3f477d724fe4276d3b", "name": "Queens - 113th Precinct", "category": "benefits-and-legal", "source": "facdb", "is_coad_member": false }, "geometry": { "type": "Point", "coordinates": [ -73.795562, 40.688145 ] } },
{ "type": "Feature", "properties": { "resource_id": "facdb:c93631296fa6e9f8339bff9bf8caa166", "name": "Fms-South Queens Dialysis Center", "category": "health-care", "source": "facdb", "is_coad_member": false }, "geometry": { "type": "Point", "coordinates": [ -73.78347, 40.705647 ] } },
{ "type": "Feature", "properties": { "resource_id": "facdb:c990fa0a837f061868a21fb344f334ab", "name": "Transitional Services for New York - Hh Cm", "category": "mental-health-and-recovery", "source": "facdb", "is_coad_member": false }, "geometry": { "type": "Point", "coordinates": [ -73.807827, 40.702445 ] } },
{ "type": "Feature", "properties": { "resource_id": "facdb:c9ce2d0b7498c48596fb10de514d9120", "name": "St. Joseph's Hospital", "category": "housing-and-shelter", "source": "facdb", "is_coad_member": false }, "geometry": { "type": "Point", "coordinates": [ -73.805318, 40.703403 ] } },
{ "type": "Feature", "properties": { "resource_id": "facdb:c9e129c7c0994e8decc383a6d5213a24", "name": "Empowerment Center", "category": "mental-health-and-recovery", "source": "facdb", "is_coad_member": false }, "geometry": { "type": "Point", "coordinates": [ -73.807827, 40.702445 ] } },
{ "type": "Feature", "properties": { "resource_id": "facdb:c9e5ab40a4f9c37791a625a2e3cd7b19", "name": "Jesus IS the Answer : Jita Community Outreach Center", "category": "food-assistance", "source": "facdb", "is_coad_member": false }, "geometry": { "type": "Point", "coordinates": [ -73.75456, 40.713993 ] } },
{ "type": "Feature", "properties": { "resource_id": "facdb:c9f3b609cd13b46467607acfbc9d81a5", "name": "Detective Keith Williams Field House", "category": "children-and-youth", "source": "facdb", "is_coad_member": false }, "geometry": { "type": "Point", "coordinates": [ -73.783513, 40.701859 ] } },
{ "type": "Feature", "properties": { "resource_id": "facdb:caddf457663ae08a813e50514553ebf5", "name": "Next Street Financial,LLC", "category": "education-and-jobs", "source": "facdb", "is_coad_member": false }, "geometry": { "type": "Point", "coordinates": [ -73.807827, 40.702445 ] } },
{ "type": "Feature", "properties": { "resource_id": "facdb:cb1df264f00f1152f679be29ae708f03", "name": "Queens Borough Public Library", "category": "children-and-youth", "source": "facdb", "is_coad_member": false }, "geometry": { "type": "Point", "coordinates": [ -73.794644, 40.707805 ] } },
{ "type": "Feature", "properties": { "resource_id": "facdb:cb7d7905822776fe16118afec15501c7", "name": "Transitional Services for New York, Inc", "category": "mental-health-and-recovery", "source": "facdb", "is_coad_member": false }, "geometry": { "type": "Point", "coordinates": [ -73.807827, 40.702445 ] } },
{ "type": "Feature", "properties": { "resource_id": "facdb:cb97d3770a84e6a515edae643c570aad", "name": "St Stephens Vbs", "category": "children-and-youth", "source": "facdb", "is_coad_member": false }, "geometry": { "type": "Point", "coordinates": [ -73.793663, 40.707845 ] } },
{ "type": "Feature", "properties": { "resource_id": "facdb:cbceb332fd69790c7984b9b72613b0b5", "name": "A Better Jamaica Inc", "category": "children-and-youth", "source": "facdb", "is_coad_member": false }, "geometry": { "type": "Point", "coordinates": [ -73.769205, 40.673352 ] } },
{ "type": "Feature", "properties": { "resource_id": "facdb:cc8205f266556ff9a95a14d37873615c", "name": "Young Women's Leadership School, Queens", "category": "children-and-youth", "source": "facdb", "is_coad_member": false }, "geometry": { "type": "Point", "coordinates": [ -73.804179, 40.708442 ] } },
{ "type": "Feature", "properties": { "resource_id": "facdb:ccb55225404978a5efcd23019b39923f", "name": "Zmi Foundation, Inc.", "category": "libraries-and-community", "source": "facdb", "is_coad_member": false }, "geometry": { "type": "Point", "coordinates": [ -73.763855, 40.69206 ] } },
{ "type": "Feature", "properties": { "resource_id": "facdb:cd25e55193fd00279c223aa2657950f6", "name": "The Child Center of NY Inc", "category": "children-and-youth", "source": "facdb", "is_coad_member": false }, "geometry": { "type": "Point", "coordinates": [ -73.79029, 40.674545 ] } },
{ "type": "Feature", "properties": { "resource_id": "facdb:ce12529865bc72bcbfaa7f6cc2e6fd4f", "name": "Gifted Minds Academy", "category": "children-and-youth", "source": "facdb", "is_coad_member": false }, "geometry": { "type": "Point", "coordinates": [ -73.812637, 40.702142 ] } },
{ "type": "Feature", "properties": { "resource_id": "facdb:ce3447c5ebf35135451c80d3ed4ad3c5", "name": "Family Court", "category": "government-offices", "source": "facdb", "is_coad_member": false }, "geometry": { "type": "Point", "coordinates": [ -73.802782, 40.702185 ] } },
{ "type": "Feature", "properties": { "resource_id": "facdb:cf2236d0298cb489c8c8346530f1d685", "name": "Pathways College Preparatory School: a College Board School", "category": "children-and-youth", "source": "facdb", "is_coad_member": false }, "geometry": { "type": "Point", "coordinates": [ -73.752765, 40.705722 ] } },
{ "type": "Feature", "properties": { "resource_id": "facdb:cf5a98012c1193d30daed5def327fe13", "name": "Allen AME Church Dba Allen Community Senior Citizens Center", "category": "older-adults", "source": "facdb", "is_coad_member": false }, "geometry": { "type": "Point", "coordinates": [ -73.790629, 40.708212 ] } },
{ "type": "Feature", "properties": { "resource_id": "facdb:cf758d279d88c9c80bdca21d11d5bcc2", "name": "New York Edge Inc", "category": "children-and-youth", "source": "facdb", "is_coad_member": false }, "geometry": { "type": "Point", "coordinates": [ -73.779888, 40.71278 ] } },
{ "type": "Feature", "properties": { "resource_id": "facdb:d0cefcc57b19d33c0872eda727657bae", "name": "Jamaica Community Mental Health Clinic", "category": "mental-health-and-recovery", "source": "facdb", "is_coad_member": false }, "geometry": { "type": "Point", "coordinates": [ -73.794386, 40.705956 ] } },
{ "type": "Feature", "properties": { "resource_id": "facdb:d0f48404abdf3f777f16cd1dd30467c3", "name": "Catholic Charities Neighborhood Services Inc", "category": "older-adults", "source": "facdb", "is_coad_member": false }, "geometry": { "type": "Point", "coordinates": [ -73.761669, 40.689336 ] } },
{ "type": "Feature", "properties": { "resource_id": "facdb:d0f5c6c0dd3d0ce2ba598800825c97d8", "name": "Career Development Center of Queens,", "category": "education-and-jobs", "source": "facdb", "is_coad_member": false }, "geometry": { "type": "Point", "coordinates": [ -73.792488, 40.710688 ] } },
{ "type": "Feature", "properties": { "resource_id": "facdb:d10edf9d14bebe205a60d7119948b98e", "name": "Family Court", "category": "government-offices", "source": "facdb", "is_coad_member": false }, "geometry": { "type": "Point", "coordinates": [ -73.802782, 40.702185 ] } },
{ "type": "Feature", "properties": { "resource_id": "facdb:d12777db36b6be59e1614ffb89d15a82", "name": "Vacation Bible School (2)", "category": "children-and-youth", "source": "facdb", "is_coad_member": false }, "geometry": { "type": "Point", "coordinates": [ -73.755617, 40.706625 ] } },
{ "type": "Feature", "properties": { "resource_id": "facdb:d28f0c3d7266d99155d30712068131ce", "name": "Legal Information for Families Today", "category": "benefits-and-legal", "source": "facdb", "is_coad_member": false }, "geometry": { "type": "Point", "coordinates": [ -73.80281, 40.702186 ] } },
{ "type": "Feature", "properties": { "resource_id": "facdb:d33e5c18e3b07cf1ac976bc9189ce36a", "name": "PS 160 - Walter Francis Bishop", "category": "children-and-youth", "source": "facdb", "is_coad_member": false }, "geometry": { "type": "Point", "coordinates": [ -73.799854, 40.688182 ] } },
{ "type": "Feature", "properties": { "resource_id": "facdb:d34bb484806a43e7a738ee192534c257", "name": "Dr. Charles R. Drew Park", "category": "parks-and-environment", "source": "facdb", "is_coad_member": false }, "geometry": { "type": "Point", "coordinates": [ -73.803033, 40.680723 ] } },
{ "type": "Feature", "properties": { "resource_id": "facdb:d37f3af5fa3cbaff46d27cbd059aee9a", "name": "Holy Trinity Summer Program", "category": "children-and-youth", "source": "facdb", "is_coad_member": false }, "geometry": { "type": "Point", "coordinates": [ -73.769524, 40.713173 ] } },
{ "type": "Feature", "properties": { "resource_id": "facdb:d3c3644eaf5ab6932b01500f7182a0f2", "name": "The Legal Aid Society", "category": "benefits-and-legal", "source": "facdb", "is_coad_member": false }, "geometry": { "type": "Point", "coordinates": [ -73.807925, 40.703419 ] } },
{ "type": "Feature", "properties": { "resource_id": "facdb:d402919ce8682f0ae45d534f62ef71b5", "name": "Unique People Services Inc.", "category": "children-and-youth", "source": "facdb", "is_coad_member": false }, "geometry": { "type": "Point", "coordinates": [ -73.783787, 40.678574 ] } },
{ "type": "Feature", "properties": { "resource_id": "facdb:d453c469340881c18b61e562c0a897d7", "name": "Family Court", "category": "government-offices", "source": "facdb", "is_coad_member": false }, "geometry": { "type": "Point", "coordinates": [ -73.802782, 40.702185 ] } },
{ "type": "Feature", "properties": { "resource_id": "facdb:d48a5737c84ce0bed1a35255728b2439", "name": "Pcmh Queens Act Team", "category": "mental-health-and-recovery", "source": "facdb", "is_coad_member": false }, "geometry": { "type": "Point", "coordinates": [ -73.7962, 40.704646 ] } },
{ "type": "Feature", "properties": { "resource_id": "facdb:d4a935e47cd4171f8466271e8930e946", "name": "Hollis Playground", "category": "parks-and-environment", "source": "facdb", "is_coad_member": false }, "geometry": { "type": "Point", "coordinates": [ -73.753114, 40.706492 ] } },
{ "type": "Feature", "properties": { "resource_id": "facdb:d56db5707b44ce3dd2531a5424fe6fb5", "name": "Hollis 113th Pct", "category": "benefits-and-legal", "source": "facdb", "is_coad_member": false }, "geometry": { "type": "Point", "coordinates": [ -73.795562, 40.688145 ] } },
{ "type": "Feature", "properties": { "resource_id": "facdb:d593824466e3976687a07f0f42eba1fa", "name": "Jamaica Job Center", "category": "government-offices", "source": "facdb", "is_coad_member": false }, "geometry": { "type": "Point", "coordinates": [ -73.796282, 40.708391 ] } },
{ "type": "Feature", "properties": { "resource_id": "facdb:d5ff884c1a7ddd593b40d3ad6b44c954", "name": "103rd Police Precinct Station House", "category": "emergency-services", "source": "facdb", "is_coad_member": false }, "geometry": { "type": "Point", "coordinates": [ -73.792607, 40.707042 ] } },
{ "type": "Feature", "properties": { "resource_id": "facdb:d60c4cad02f47345bd73c29933a18fec", "name": "The Child Center of NY Inc", "category": "mental-health-and-recovery", "source": "facdb", "is_coad_member": false }, "geometry": { "type": "Point", "coordinates": [ -73.792277, 40.684542 ] } },
{ "type": "Feature", "properties": { "resource_id": "facdb:d6b9dd50a0677a96539ad1c93e9cf355", "name": "Inner City Games Camp US (2)", "category": "children-and-youth", "source": "facdb", "is_coad_member": false }, "geometry": { "type": "Point", "coordinates": [ -73.775085, 40.67631 ] } },
{ "type": "Feature", "properties": { "resource_id": "facdb:d70ebb41c9c9705a2533534663cadd3c", "name": "Taurus Associates Inc Burns Memorial", "category": "children-and-youth", "source": "facdb", "is_coad_member": false }, "geometry": { "type": "Point", "coordinates": [ -73.801169, 40.694497 ] } },
{ "type": "Feature", "properties": { "resource_id": "facdb:d7577094abfc112e2d810195d62e5709", "name": "Queens Library-St Albans", "category": "children-and-youth", "source": "facdb", "is_coad_member": false }, "geometry": { "type": "Point", "coordinates": [ -73.76011, 40.692534 ] } },
{ "type": "Feature", "properties": { "resource_id": "facdb:d7bfb84c6be6878ecb05ef9743bea56a", "name": "Christ Church International : Christ Church International Joseph's House", "category": "food-assistance", "source": "facdb", "is_coad_member": false }, "geometry": { "type": "Point", "coordinates": [ -73.770191, 40.682764 ] } },
{ "type": "Feature", "properties": { "resource_id": "facdb:d88510c461cee0b5ea5d1d90ada499d7", "name": "Jamaica Community", "category": "benefits-and-legal", "source": "facdb", "is_coad_member": false }, "geometry": { "type": "Point", "coordinates": [ -73.796319, 40.708569 ] } },
{ "type": "Feature", "properties": { "resource_id": "facdb:d94cf9b686381c096f6a611f9cb6bf82", "name": "Bethesda Missionary Baptist Church", "category": "children-and-youth", "source": "facdb", "is_coad_member": false }, "geometry": { "type": "Point", "coordinates": [ -73.78193, 40.708523 ] } },
{ "type": "Feature", "properties": { "resource_id": "facdb:da2672dff6dbfc4c63382423c7c916e2", "name": "Police Laboratory", "category": "emergency-services", "source": "facdb", "is_coad_member": false }, "geometry": { "type": "Point", "coordinates": [ -73.803706, 40.701965 ] } },
{ "type": "Feature", "properties": { "resource_id": "facdb:da3178729fa9f5b334fe7e83b657ade6", "name": "Springfield Gardens Medical Center", "category": "health-care", "source": "facdb", "is_coad_member": false }, "geometry": { "type": "Point", "coordinates": [ -73.755111, 40.679436 ] } },
{ "type": "Feature", "properties": { "resource_id": "facdb:da37276255e2a61296ee8218a048322f", "name": "Precious First Step Child Development Center Inc.", "category": "libraries-and-community", "source": "facdb", "is_coad_member": false }, "geometry": { "type": "Point", "coordinates": [ -73.797637, 40.672032 ] } },
{ "type": "Feature", "properties": { "resource_id": "facdb:dab30c94ffc6593147be20441c8ca914", "name": "Queens Child Guidance", "category": "children-and-youth", "source": "facdb", "is_coad_member": false }, "geometry": { "type": "Point", "coordinates": [ -73.792277, 40.684542 ] } },
{ "type": "Feature", "properties": { "resource_id": "facdb:dadf8089bd8cfe8620b5a2bfe8d3debd", "name": "Shelton House", "category": "older-adults", "source": "facdb", "is_coad_member": false }, "geometry": { "type": "Point", "coordinates": [ -73.798649, 40.706504 ] } },
{ "type": "Feature", "properties": { "resource_id": "facdb:db02c2aac8534f47576b44e0f59dc3c4", "name": "Black Spectrum Theatre Company, Inc.", "category": "libraries-and-community", "source": "facdb", "is_coad_member": false }, "geometry": { "type": "Point", "coordinates": [ -73.769284, 40.687106 ] } },
{ "type": "Feature", "properties": { "resource_id": "facdb:db3404fcc5aed3a1253d18775a1c9302", "name": "Nycha-Baisley Park", "category": "children-and-youth", "source": "facdb", "is_coad_member": false }, "geometry": { "type": "Point", "coordinates": [ -73.782253, 40.684983 ] } },
{ "type": "Feature", "properties": { "resource_id": "facdb:dbf478144db96453fcee7d95d65ac17e", "name": "Catholic Charities Neighborhood Services Inc", "category": "older-adults", "source": "facdb", "is_coad_member": false }, "geometry": { "type": "Point", "coordinates": [ -73.776375, 40.708708 ] } },
{ "type": "Feature", "properties": { "resource_id": "facdb:dcbacdea94f7a77a0719374c07b00a32", "name": "Iri: Innovative Res for Independ  Inc.", "category": "disability-and-access", "source": "facdb", "is_coad_member": false }, "geometry": { "type": "Point", "coordinates": [ -73.749685, 40.703194 ] } },
{ "type": "Feature", "properties": { "resource_id": "facdb:dcda134170e47704ded694cdb527957c", "name": "St. Albans", "category": "children-and-youth", "source": "facdb", "is_coad_member": false }, "geometry": { "type": "Point", "coordinates": [ -73.774399, 40.691925 ] } },
{ "type": "Feature", "properties": { "resource_id": "facdb:dd10f70fc3af939884b88d542c6f358a", "name": "NYC Parks-Victor Hanson Recreation", "category": "children-and-youth", "source": "facdb", "is_coad_member": false }, "geometry": { "type": "Point", "coordinates": [ -73.774418, 40.674122 ] } },
{ "type": "Feature", "properties": { "resource_id": "facdb:dd1eb9c5fea2cefb14c7a657046adb58", "name": "NYC Police Dept - Dare", "category": "children-and-youth", "source": "facdb", "is_coad_member": false }, "geometry": { "type": "Point", "coordinates": [ -73.796262, 40.701747 ] } },
{ "type": "Feature", "properties": { "resource_id": "facdb:de55a83a124fa4f7a167b6d60e1a78f2", "name": "Aims of Modzawe, Inc.", "category": "libraries-and-community", "source": "facdb", "is_coad_member": false }, "geometry": { "type": "Point", "coordinates": [ -73.767589, 40.695809 ] } },
{ "type": "Feature", "properties": { "resource_id": "facdb:de871752120ceae679b45e5c20107fd0", "name": "First Church of God in Christ : First Church of God in Christ", "category": "food-assistance", "source": "facdb", "is_coad_member": false }, "geometry": { "type": "Point", "coordinates": [ -73.762934, 40.690202 ] } },
{ "type": "Feature", "properties": { "resource_id": "facdb:deb34fa42c1280ea1f0caccab70c479e", "name": "Women of Faith", "category": "children-and-youth", "source": "facdb", "is_coad_member": false }, "geometry": { "type": "Point", "coordinates": [ -73.797049, 40.690751 ] } },
{ "type": "Feature", "properties": { "resource_id": "facdb:deef0b9ee8e6e91235e1d2344247a622", "name": "Presentation of the Bvm Summer Camp", "category": "children-and-youth", "source": "facdb", "is_coad_member": false }, "geometry": { "type": "Point", "coordinates": [ -73.801313, 40.706454 ] } },
{ "type": "Feature", "properties": { "resource_id": "facdb:df78237d381c545cf00afff42292deb6", "name": "King Manor Association of Long Island, Inc.", "category": "libraries-and-community", "source": "facdb", "is_coad_member": false }, "geometry": { "type": "Point", "coordinates": [ -73.799651, 40.705183 ] } },
{ "type": "Feature", "properties": { "resource_id": "facdb:dfa54d1469bde26f2fb5d8e64255620b", "name": "Ashmead Park", "category": "parks-and-environment", "source": "facdb", "is_coad_member": false }, "geometry": { "type": "Point", "coordinates": [ -73.790358, 40.702893 ] } },
{ "type": "Feature", "properties": { "resource_id": "facdb:dfaddecb1f0a13a1f51a748e6f0a9309", "name": "Baisley Park Community Center", "category": "children-and-youth", "source": "facdb", "is_coad_member": false }, "geometry": { "type": "Point", "coordinates": [ -73.783794, 40.685491 ] } },
{ "type": "Feature", "properties": { "resource_id": "facdb:e0ebcdb6dcfb2bf947285e5d8006591b", "name": "Family Service Call Center", "category": "education-and-jobs", "source": "facdb", "is_coad_member": false }, "geometry": { "type": "Point", "coordinates": [ -73.796282, 40.708391 ] } },
{ "type": "Feature", "properties": { "resource_id": "facdb:e1009612efbeba3d100ff03ce881c218", "name": "Positive Women United", "category": "libraries-and-community", "source": "facdb", "is_coad_member": false }, "geometry": { "type": "Point", "coordinates": [ -73.793532, 40.685359 ] } },
{ "type": "Feature", "properties": { "resource_id": "facdb:e362dcd3441f01ef626772e3261bde6f", "name": "Community Mediation Services, Inc.", "category": "benefits-and-legal", "source": "facdb", "is_coad_member": false }, "geometry": { "type": "Point", "coordinates": [ -73.797435, 40.705291 ] } },
{ "type": "Feature", "properties": { "resource_id": "facdb:e367ce4e02fad75c21bc78342d2f70ef", "name": "Office of the Register", "category": "parks-and-environment", "source": "facdb", "is_coad_member": false }, "geometry": { "type": "Point", "coordinates": [ -73.798109, 40.703752 ] } },
{ "type": "Feature", "properties": { "resource_id": "facdb:e3fcc90a206aab2c6a321891c6995d5b", "name": "Harvard Playground", "category": "parks-and-environment", "source": "facdb", "is_coad_member": false }, "geometry": { "type": "Point", "coordinates": [ -73.78156, 40.70912 ] } },
{ "type": "Feature", "properties": { "resource_id": "facdb:e40d9b651508407fa5738e2d5f9c2863", "name": "The Firehouse Health Clinic", "category": "health-care", "source": "facdb", "is_coad_member": false }, "geometry": { "type": "Point", "coordinates": [ -73.798393, 40.705078 ] } },
{ "type": "Feature", "properties": { "resource_id": "facdb:e4ae5898a339912cbfa5bf0f4f016f60", "name": "Hoover Playground", "category": "children-and-youth", "source": "facdb", "is_coad_member": false }, "geometry": { "type": "Point", "coordinates": [ -73.768445, 40.71676 ] } },
{ "type": "Feature", "properties": { "resource_id": "facdb:e51595875d523d7d4f4ff967f4526fb0", "name": "PS 124 at PS 223 Lyndon B Johnson", "category": "children-and-youth", "source": "facdb", "is_coad_member": false }, "geometry": { "type": "Point", "coordinates": [ -73.79029, 40.674545 ] } },
{ "type": "Feature", "properties": { "resource_id": "facdb:e591f936f59ef222b6a40176ca8d93c6", "name": "Catholic Charities Neighborhood Services Inc", "category": "older-adults", "source": "facdb", "is_coad_member": false }, "geometry": { "type": "Point", "coordinates": [ -73.776375, 40.708708 ] } },
{ "type": "Feature", "properties": { "resource_id": "facdb:e616e52b12c3f9aa9c7ee7ea2570bff9", "name": "Project Hope Charities", "category": "children-and-youth", "source": "facdb", "is_coad_member": false }, "geometry": { "type": "Point", "coordinates": [ -73.769335, 40.670871 ] } },
{ "type": "Feature", "properties": { "resource_id": "facdb:e63dca2a7d0fbe1cf3ec975f31f004c2", "name": "St. Peter's Es", "category": "children-and-youth", "source": "facdb", "is_coad_member": false }, "geometry": { "type": "Point", "coordinates": [ -73.804818, 40.70181 ] } },
{ "type": "Feature", "properties": { "resource_id": "facdb:e676ea7b6da11bef735ef30e9a614d64", "name": "P.S. 15 Jackie Robinson", "category": "children-and-youth", "source": "facdb", "is_coad_member": false }, "geometry": { "type": "Point", "coordinates": [ -73.75693, 40.686034 ] } },
{ "type": "Feature", "properties": { "resource_id": "facdb:e77734b236389ba1d6ad7071fc222b72", "name": "August Martin High School (27Q400)", "category": "children-and-youth", "source": "facdb", "is_coad_member": false }, "geometry": { "type": "Point", "coordinates": [ -73.783244, 40.674754 ] } },
{ "type": "Feature", "properties": { "resource_id": "facdb:e780dded80e56c11a230aed75fbff01d", "name": "Gertz Plaza ACS Multi Program", "category": "government-offices", "source": "facdb", "is_coad_member": false }, "geometry": { "type": "Point", "coordinates": [ -73.7971, 40.703768 ] } },
{ "type": "Feature", "properties": { "resource_id": "facdb:e782a8868c63634d1b37a109eeba4c34", "name": "Unique People Services Inc.", "category": "children-and-youth", "source": "facdb", "is_coad_member": false }, "geometry": { "type": "Point", "coordinates": [ -73.797252, 40.69095 ] } },
{ "type": "Feature", "properties": { "resource_id": "facdb:e7bb745e1968819e70fb657f1e336fcc", "name": "Zion Gospel Church", "category": "children-and-youth", "source": "facdb", "is_coad_member": false }, "geometry": { "type": "Point", "coordinates": [ -73.788479, 40.690276 ] } },
{ "type": "Feature", "properties": { "resource_id": "facdb:e7c7d19a11499095a8222feb26d7457c", "name": "Jamaica Family Residence", "category": "children-and-youth", "source": "facdb", "is_coad_member": false }, "geometry": { "type": "Point", "coordinates": [ -73.78669, 40.711003 ] } },
{ "type": "Feature", "properties": { "resource_id": "facdb:e8191cb15a932d51187d734c0ed8034d", "name": "Southern Queens Park Assoc. Inc.", "category": "children-and-youth", "source": "facdb", "is_coad_member": false }, "geometry": { "type": "Point", "coordinates": [ -73.769284, 40.687106 ] } },
{ "type": "Feature", "properties": { "resource_id": "facdb:e86332d7a186d6efe96b3e0e69e93bb3", "name": "Reading Partners", "category": "children-and-youth", "source": "facdb", "is_coad_member": false }, "geometry": { "type": "Point", "coordinates": [ -73.799854, 40.688182 ] } },
{ "type": "Feature", "properties": { "resource_id": "facdb:e909ce3638aec773e22c317638ca0558", "name": "Queens Library-Rochdale Village", "category": "children-and-youth", "source": "facdb", "is_coad_member": false }, "geometry": { "type": "Point", "coordinates": [ -73.770588, 40.672884 ] } },
{ "type": "Feature", "properties": { "resource_id": "facdb:e971d6de18ae9b68b581135eb6938a92", "name": "Youth Empowerment Summer Prg", "category": "children-and-youth", "source": "facdb", "is_coad_member": false }, "geometry": { "type": "Point", "coordinates": [ -73.776412, 40.714197 ] } },
{ "type": "Feature", "properties": { "resource_id": "facdb:e9a779a93f154e0ba6d08a28067e7852", "name": "Chn Mobile Unit Two", "category": "health-care", "source": "facdb", "is_coad_member": false }, "geometry": { "type": "Point", "coordinates": [ -73.805968, 40.696917 ] } },
{ "type": "Feature", "properties": { "resource_id": "facdb:e9cfcde7794596e44c4449d52c337c61", "name": "Precious First Step Child Developmen", "category": "children-and-youth", "source": "facdb", "is_coad_member": false }, "geometry": { "type": "Point", "coordinates": [ -73.797637, 40.672032 ] } },
{ "type": "Feature", "properties": { "resource_id": "facdb:e9ef6e439cd363eb04d6edd7e621d57c", "name": "Supportive Services for Children Inc.", "category": "mental-health-and-recovery", "source": "facdb", "is_coad_member": false }, "geometry": { "type": "Point", "coordinates": [ -73.79885, 40.70448 ] } },
{ "type": "Feature", "properties": { "resource_id": "facdb:e9fabef8cd71ec4833fb10c796857eec", "name": "New Generations Day Care", "category": "children-and-youth", "source": "facdb", "is_coad_member": false }, "geometry": { "type": "Point", "coordinates": [ -73.746908, 40.696946 ] } },
{ "type": "Feature", "properties": { "resource_id": "facdb:eb2cc9a12143ff39ed9f7dd7b8fa0fe7", "name": "Queens Library-Baisley Park", "category": "children-and-youth", "source": "facdb", "is_coad_member": false }, "geometry": { "type": "Point", "coordinates": [ -73.791681, 40.680322 ] } },
{ "type": "Feature", "properties": { "resource_id": "facdb:eb2fe15b1d45829de04459debbf94c0b", "name": "Queens - 101st Precinct", "category": "benefits-and-legal", "source": "facdb", "is_coad_member": false }, "geometry": { "type": "Point", "coordinates": [ -73.797435, 40.705291 ] } },
{ "type": "Feature", "properties": { "resource_id": "facdb:eb7ad15b1dc6997a407b32e8def70109", "name": "Family Court", "category": "government-offices", "source": "facdb", "is_coad_member": false }, "geometry": { "type": "Point", "coordinates": [ -73.802782, 40.702185 ] } },
{ "type": "Feature", "properties": { "resource_id": "facdb:ed7654e8f3fd612128bf21ae73816134", "name": "Vets Inc : Vets Inc, Hollis Gardens", "category": "food-assistance", "source": "facdb", "is_coad_member": false }, "geometry": { "type": "Point", "coordinates": [ -73.754977, 40.706238 ] } },
{ "type": "Feature", "properties": { "resource_id": "facdb:ed8e7d13e5e7b901ac2a7ec0479da97f", "name": "Foch Sitting Area", "category": "parks-and-environment", "source": "facdb", "is_coad_member": false }, "geometry": { "type": "Point", "coordinates": [ -73.802373, 40.677654 ] } },
{ "type": "Feature", "properties": { "resource_id": "facdb:ee5636a4162222c0ab97357865948e3f", "name": "Black American Heritage Foundation", "category": "libraries-and-community", "source": "facdb", "is_coad_member": false }, "geometry": { "type": "Point", "coordinates": [ -73.796262, 40.701747 ] } },
{ "type": "Feature", "properties": { "resource_id": "facdb:ee6d2cb0f565169038acfdf96b1838a0", "name": "Community Baptist Church Vbs", "category": "children-and-youth", "source": "facdb", "is_coad_member": false }, "geometry": { "type": "Point", "coordinates": [ -73.803553, 40.685268 ] } },
{ "type": "Feature", "properties": { "resource_id": "facdb:ee7f56c6a9f6236fe7fc43f775dfa8d8", "name": "First Presbyterian Church of Jamaica : First Presbyterian Church of Jamaica", "category": "food-assistance", "source": "facdb", "is_coad_member": false }, "geometry": { "type": "Point", "coordinates": [ -73.796652, 40.705796 ] } },
{ "type": "Feature", "properties": { "resource_id": "facdb:ee91d0fbedec6a91fa176d4363c0e6c7", "name": "Medical Aid Training Schools Inc", "category": "education-and-jobs", "source": "facdb", "is_coad_member": false }, "geometry": { "type": "Point", "coordinates": [ -73.799173, 40.704643 ] } },
{ "type": "Feature", "properties": { "resource_id": "facdb:eea909e1b4776b42bbc6d51a7100d42d", "name": "Taurus Assoc. Inc. Moore Residence H", "category": "children-and-youth", "source": "facdb", "is_coad_member": false }, "geometry": { "type": "Point", "coordinates": [ -73.792224, 40.698362 ] } },
{ "type": "Feature", "properties": { "resource_id": "facdb:ef5de19e2333a019d00c1c8dbaab727c", "name": "Ccns Jamaica Behavioral Health Clinic", "category": "mental-health-and-recovery", "source": "facdb", "is_coad_member": false }, "geometry": { "type": "Point", "coordinates": [ -73.797901, 40.703808 ] } },
{ "type": "Feature", "properties": { "resource_id": "facdb:efb4a989f1b8f3aea63de1411ae04894", "name": "Kerri Edge Children's Dance Ensemble, Inc.", "category": "libraries-and-community", "source": "facdb", "is_coad_member": false }, "geometry": { "type": "Point", "coordinates": [ -73.752972, 40.685552 ] } },
{ "type": "Feature", "properties": { "resource_id": "facdb:efc0559a7c947928eeb6847c66d9b7ff", "name": "Jamaica Youth Center", "category": "children-and-youth", "source": "facdb", "is_coad_member": false }, "geometry": { "type": "Point", "coordinates": [ -73.794386, 40.705956 ] } },
{ "type": "Feature", "properties": { "resource_id": "facdb:efcb2e2886e88cd5d01db7ad738af523", "name": "Magic Fingers Natural Hair Institute", "category": "education-and-jobs", "source": "facdb", "is_coad_member": false }, "geometry": { "type": "Point", "coordinates": [ -73.783029, 40.707746 ] } },
{ "type": "Feature", "properties": { "resource_id": "facdb:f000f1b11743afd83519a7efc23ca94f", "name": "First Church of God in Christ", "category": "children-and-youth", "source": "facdb", "is_coad_member": false }, "geometry": { "type": "Point", "coordinates": [ -73.762934, 40.690202 ] } },
{ "type": "Feature", "properties": { "resource_id": "facdb:f19f4162011518c6045fd5be32d7cedb", "name": "August Martin High School (27Q400)", "category": "children-and-youth", "source": "facdb", "is_coad_member": false }, "geometry": { "type": "Point", "coordinates": [ -73.783244, 40.674754 ] } },
{ "type": "Feature", "properties": { "resource_id": "facdb:f2406edcb00210d8cc773c32f352e08a", "name": "Jamaica Hospital Mental Health Clinic", "category": "health-care", "source": "facdb", "is_coad_member": false }, "geometry": { "type": "Point", "coordinates": [ -73.814772, 40.700543 ] } },
{ "type": "Feature", "properties": { "resource_id": "facdb:f2e6660ef61d104a606317a71b550636", "name": "Allen Outreach Ministry Fp : Allen Outreach Ministry Feeding Program", "category": "food-assistance", "source": "facdb", "is_coad_member": false }, "geometry": { "type": "Point", "coordinates": [ -73.781392, 40.695139 ] } },
{ "type": "Feature", "properties": { "resource_id": "facdb:f37f7839cfd0b8b050fdb8f785aa771c", "name": "Administration Children Svs", "category": "children-and-youth", "source": "facdb", "is_coad_member": false }, "geometry": { "type": "Point", "coordinates": [ -73.797097, 40.703779 ] } },
{ "type": "Feature", "properties": { "resource_id": "facdb:f39b6e2a4f2afff41d28c79556c2812b", "name": "Research Foundation of the City University of New York", "category": "children-and-youth", "source": "facdb", "is_coad_member": false }, "geometry": { "type": "Point", "coordinates": [ -73.757868, 40.668086 ] } },
{ "type": "Feature", "properties": { "resource_id": "facdb:f4547a37e3cfbeb90acd665a94d6e67f", "name": "The Child Center of NY Inc", "category": "children-and-youth", "source": "facdb", "is_coad_member": false }, "geometry": { "type": "Point", "coordinates": [ -73.783244, 40.674754 ] } },
{ "type": "Feature", "properties": { "resource_id": "facdb:f58e24e75394da9479656a89c4f51a81", "name": "PS 40 Samuel Huntington (28Q040)", "category": "children-and-youth", "source": "facdb", "is_coad_member": false }, "geometry": { "type": "Point", "coordinates": [ -73.790912, 40.693998 ] } },
{ "type": "Feature", "properties": { "resource_id": "facdb:f5a270e80f000cddbd42e839bc10f271", "name": "A Better Jamaica Inc", "category": "children-and-youth", "source": "facdb", "is_coad_member": false }, "geometry": { "type": "Point", "coordinates": [ -73.763883, 40.69125 ] } },
{ "type": "Feature", "properties": { "resource_id": "facdb:f67dbdb0cbde2f84a96031ff274b019a", "name": "Playground One Forty", "category": "parks-and-environment", "source": "facdb", "is_coad_member": false }, "geometry": { "type": "Point", "coordinates": [ -73.801254, 40.675142 ] } },
{ "type": "Feature", "properties": { "resource_id": "facdb:f69214ae267414a00a30685f355a8b23", "name": "Cv 113th Pct Site a - Sutphin Blvd", "category": "benefits-and-legal", "source": "facdb", "is_coad_member": false }, "geometry": { "type": "Point", "coordinates": [ -73.795562, 40.688145 ] } },
{ "type": "Feature", "properties": { "resource_id": "facdb:f6bac268c88fc1fed623dd390ec0f2f0", "name": "Our Lady of Light Parish : Our Lady of Light Food Pantry", "category": "food-assistance", "source": "facdb", "is_coad_member": false }, "geometry": { "type": "Point", "coordinates": [ -73.763298, 40.689858 ] } },
{ "type": "Feature", "properties": { "resource_id": "facdb:f6f69797363897e6b054d0c3eb237863", "name": "New York Edge Inc", "category": "children-and-youth", "source": "facdb", "is_coad_member": false }, "geometry": { "type": "Point", "coordinates": [ -73.781785, 40.700764 ] } },
{ "type": "Feature", "properties": { "resource_id": "facdb:f7e86670a88ce9c1cf244f23c06b1a90", "name": "Supportive Services for Children Inc.", "category": "mental-health-and-recovery", "source": "facdb", "is_coad_member": false }, "geometry": { "type": "Point", "coordinates": [ -73.80856, 40.706375 ] } },
{ "type": "Feature", "properties": { "resource_id": "facdb:f86fe95c72d548927b6f9e5afe5c94ea", "name": "Taurus Assoc. Mother Rose Fayton Fou", "category": "children-and-youth", "source": "facdb", "is_coad_member": false }, "geometry": { "type": "Point", "coordinates": [ -73.767682, 40.711253 ] } },
{ "type": "Feature", "properties": { "resource_id": "facdb:f8aa2cf379454af0a9e12d5c21b62601", "name": "Project Hope Charities Inc : Project Hope Charities", "category": "food-assistance", "source": "facdb", "is_coad_member": false }, "geometry": { "type": "Point", "coordinates": [ -73.769335, 40.670871 ] } },
{ "type": "Feature", "properties": { "resource_id": "facdb:f8ecb7321b1acc3106660587300b940c", "name": "United Black Men of Queens Foundation Inc", "category": "children-and-youth", "source": "facdb", "is_coad_member": false }, "geometry": { "type": "Point", "coordinates": [ -73.783297, 40.711101 ] } },
{ "type": "Feature", "properties": { "resource_id": "facdb:f91da5cc3a0866db820abf3b23c418af", "name": "Daniel M. O'Connell Playground", "category": "parks-and-environment", "source": "facdb", "is_coad_member": false }, "geometry": { "type": "Point", "coordinates": [ -73.758243, 40.700187 ] } },
{ "type": "Feature", "properties": { "resource_id": "facdb:f93cf53e2ef9a7ce1a6c8c2b699e1b41", "name": "God's Deliverance Temple, Inc", "category": "children-and-youth", "source": "facdb", "is_coad_member": false }, "geometry": { "type": "Point", "coordinates": [ -73.773183, 40.685524 ] } },
{ "type": "Feature", "properties": { "resource_id": "facdb:f99e449702c6992c11095da768796408", "name": "Riverton Street Charter School", "category": "children-and-youth", "source": "facdb", "is_coad_member": false }, "geometry": { "type": "Point", "coordinates": [ -73.763605, 40.689381 ] } },
{ "type": "Feature", "properties": { "resource_id": "facdb:f9c7730eebdeb751c3701e4faf27d9a3", "name": "Life Camp Inc", "category": "benefits-and-legal", "source": "facdb", "is_coad_member": false }, "geometry": { "type": "Point", "coordinates": [ -73.795562, 40.688145 ] } },
{ "type": "Feature", "properties": { "resource_id": "facdb:fa0776bf2b9d0c44939e7166891a3e68", "name": "St. Clement Pope Roman Catholic Church : St. Clement Pope Rc Church", "category": "food-assistance", "source": "facdb", "is_coad_member": false }, "geometry": { "type": "Point", "coordinates": [ -73.799355, 40.675021 ] } },
{ "type": "Feature", "properties": { "resource_id": "facdb:fbd7307babe77f56f4a5faac803e5d0c", "name": "Locust Manor Playground", "category": "parks-and-environment", "source": "facdb", "is_coad_member": false }, "geometry": { "type": "Point", "coordinates": [ -73.75693, 40.686034 ] } },
{ "type": "Feature", "properties": { "resource_id": "facdb:fc1069970abfab9b48ce03c387d9af17", "name": "Vets Inc", "category": "children-and-youth", "source": "facdb", "is_coad_member": false }, "geometry": { "type": "Point", "coordinates": [ -73.754977, 40.706238 ] } },
{ "type": "Feature", "properties": { "resource_id": "facdb:fcb41b67b2210fa16aec19d492e7f794", "name": "P.S./I.S. 268", "category": "children-and-youth", "source": "facdb", "is_coad_member": false }, "geometry": { "type": "Point", "coordinates": [ -73.785203, 40.707674 ] } },
{ "type": "Feature", "properties": { "resource_id": "facdb:fd176ff1401cd98fb32e3794fa543907", "name": "The Korean American Family Service Center Inc", "category": "children-and-youth", "source": "facdb", "is_coad_member": false }, "geometry": { "type": "Point", "coordinates": [ -73.804179, 40.708442 ] } },
{ "type": "Feature", "properties": { "resource_id": "facdb:fd1dc36ec298d064a6d611c4c7cef838", "name": "I.S. 59 Springfield Gardens", "category": "children-and-youth", "source": "facdb", "is_coad_member": false }, "geometry": { "type": "Point", "coordinates": [ -73.753028, 40.681805 ] } },
{ "type": "Feature", "properties": { "resource_id": "facdb:fd541cb7dc5f015ab9717db3d995db67", "name": "Holliswood Center for Rehabilitation and Healthcare", "category": "health-care", "source": "facdb", "is_coad_member": false }, "geometry": { "type": "Point", "coordinates": [ -73.763829, 40.71212 ] } },
{ "type": "Feature", "properties": { "resource_id": "facdb:fda3d5a39709c480235dc99ff0e47a2d", "name": "Rehoboth House of Praise", "category": "children-and-youth", "source": "facdb", "is_coad_member": false }, "geometry": { "type": "Point", "coordinates": [ -73.765201, 40.669942 ] } },
{ "type": "Feature", "properties": { "resource_id": "facdb:fdb6f902e162ddcc8cc639ed3160916c", "name": "Project Hope Charities Inc", "category": "children-and-youth", "source": "facdb", "is_coad_member": false }, "geometry": { "type": "Point", "coordinates": [ -73.769335, 40.670871 ] } },
{ "type": "Feature", "properties": { "resource_id": "facdb:fdd4c1c8b800bce7913ad0852fc380f3", "name": "Rochdale Village Social Services Inc", "category": "older-adults", "source": "facdb", "is_coad_member": false }, "geometry": { "type": "Point", "coordinates": [ -73.771215, 40.674639 ] } },
{ "type": "Feature", "properties": { "resource_id": "facdb:fde37399cb34d322efe6690c19bc64c3", "name": "Engine 302/LADDER 155", "category": "emergency-services", "source": "facdb", "is_coad_member": false }, "geometry": { "type": "Point", "coordinates": [ -73.79506, 40.674051 ] } },
{ "type": "Feature", "properties": { "resource_id": "facdb:fe937622264a90f0c3e7d7443b43b803", "name": "Allen AME Church Dba Allen Community Senior Citizens Center", "category": "older-adults", "source": "facdb", "is_coad_member": false }, "geometry": { "type": "Point", "coordinates": [ -73.783123, 40.690447 ] } },
{ "type": "Feature", "properties": { "resource_id": "facdb:ff6becd71d50bc1e614c397df03f0576", "name": "Rochdale Village Social Services Inc", "category": "older-adults", "source": "facdb", "is_coad_member": false }, "geometry": { "type": "Point", "coordinates": [ -73.771215, 40.674639 ] } },
{ "type": "Feature", "properties": { "resource_id": "facdb:ff71c5c3e5c8c0b6489042b95f89b355", "name": "Ongoing Integrated Employment Services", "category": "mental-health-and-recovery", "source": "facdb", "is_coad_member": false }, "geometry": { "type": "Point", "coordinates": [ -73.806026, 40.706544 ] } },
{ "type": "Feature", "properties": { "resource_id": "facdb:ff7ca108cc77fa09e56e53d367a6e440", "name": "Iglesia de Dios Pentecostal", "category": "children-and-youth", "source": "facdb", "is_coad_member": false }, "geometry": { "type": "Point", "coordinates": [ -73.773633, 40.710024 ] } },
{ "type": "Feature", "properties": { "resource_id": "facdb:ff869b288390921d3687a3a3107910d6", "name": "PS 40 - Samuel Huntington", "category": "children-and-youth", "source": "facdb", "is_coad_member": false }, "geometry": { "type": "Point", "coordinates": [ -73.790912, 40.693998 ] } },
{ "type": "Feature", "properties": { "resource_id": "facdb:ffff63209101278f8884b5eacf9cb6e5", "name": "PS 35 Nathaniel Woodhull (29Q035)", "category": "children-and-youth", "source": "facdb", "is_coad_member": false }, "geometry": { "type": "Point", "coordinates": [ -73.768925, 40.713488 ] } },
{ "type": "Feature", "properties": { "resource_id": "qnpd:apostolic-temple-of-praise-ny", "name": "Apostolic Temple of Praise NY", "category": "libraries-and-community", "source": "qnpd", "is_coad_member": false }, "geometry": { "type": "Point", "coordinates": [ -73.751866, 40.694356 ] } },
{ "type": "Feature", "properties": { "resource_id": "qnpd:autism-society-habilitation-organization-asho", "name": "Autism Society Habilitation Organization (ASHO)", "category": "benefits-and-legal", "source": "qnpd", "is_coad_member": false }, "geometry": { "type": "Point", "coordinates": [ -73.801883, 40.708209 ] } },
{ "type": "Feature", "properties": { "resource_id": "qnpd:because-we-care-inc--1", "name": "Because We Care, Inc", "category": "benefits-and-legal", "source": "qnpd", "is_coad_member": false }, "geometry": { "type": "Point", "coordinates": [ -73.777679, 40.692429 ] } },
{ "type": "Feature", "properties": { "resource_id": "qnpd:because-we-care-inc--2", "name": "Because We Care, Inc", "category": "food-assistance", "source": "qnpd", "is_coad_member": false }, "geometry": { "type": "Point", "coordinates": [ -73.795797, 40.685964 ] } },
{ "type": "Feature", "properties": { "resource_id": "qnpd:because-we-care-inc--3", "name": "Because We Care, Inc", "category": "older-adults", "source": "qnpd", "is_coad_member": false }, "geometry": { "type": "Point", "coordinates": [ -73.777679, 40.692429 ] } },
{ "type": "Feature", "properties": { "resource_id": "qnpd:christ-apostolic-church-wosem", "name": "Christ Apostolic Church WOSEM", "category": "libraries-and-community", "source": "qnpd", "is_coad_member": false }, "geometry": { "type": "Point", "coordinates": [ -73.799506, 40.692823 ] } },
{ "type": "Feature", "properties": { "resource_id": "qnpd:community-capacity-development", "name": "Community Capacity Development", "category": "benefits-and-legal", "source": "qnpd", "is_coad_member": false }, "geometry": { "type": "Point", "coordinates": [ -73.808764, 40.703048 ] } },
{ "type": "Feature", "properties": { "resource_id": "qnpd:first-jamaica-community-urban-and-development-corporation", "name": "First Jamaica Community Urban and Development Corporation", "category": "benefits-and-legal", "source": "qnpd", "is_coad_member": false }, "geometry": { "type": "Point", "coordinates": [ -73.796655, 40.705791 ] } },
{ "type": "Feature", "properties": { "resource_id": "qnpd:jamaica-center-for-arts-learning", "name": "Jamaica Center for Arts & Learning", "category": "libraries-and-community", "source": "qnpd", "is_coad_member": false }, "geometry": { "type": "Point", "coordinates": [ -73.798132, 40.703813 ] } },
{ "type": "Feature", "properties": { "resource_id": "qnpd:king-manor", "name": "King Manor", "category": "libraries-and-community", "source": "qnpd", "is_coad_member": false }, "geometry": { "type": "Point", "coordinates": [ -73.799651, 40.705183 ] } },
{ "type": "Feature", "properties": { "resource_id": "qnpd:legal-services-nyc-queens", "name": "Legal Services NYC/Queens", "category": "benefits-and-legal", "source": "qnpd", "is_coad_member": false }, "geometry": { "type": "Point", "coordinates": [ -73.808922, 40.703485 ] } },
{ "type": "Feature", "properties": { "resource_id": "qnpd:levanjil-agogo-inc", "name": "Levanjil Agogo Inc", "category": "children-and-youth", "source": "qnpd", "is_coad_member": false }, "geometry": { "type": "Point", "coordinates": [ -73.752979, 40.707181 ] } },
{ "type": "Feature", "properties": { "resource_id": "qnpd:light-love-productions-inc", "name": "Light & Love Productions Inc", "category": "libraries-and-community", "source": "qnpd", "is_coad_member": false }, "geometry": { "type": "Point", "coordinates": [ -73.801197, 40.705583 ] } },
{ "type": "Feature", "properties": { "resource_id": "qnpd:new-beginnings-outreach-inc--1", "name": "New Beginnings Outreach, Inc.", "category": "benefits-and-legal", "source": "qnpd", "is_coad_member": false }, "geometry": { "type": "Point", "coordinates": [ -73.797452, 40.672014 ] } },
{ "type": "Feature", "properties": { "resource_id": "qnpd:new-jerusalem-worship-center", "name": "New Jerusalem Worship Center", "category": "libraries-and-community", "source": "qnpd", "is_coad_member": false }, "geometry": { "type": "Point", "coordinates": [ -73.778176, 40.679757 ] } },
{ "type": "Feature", "properties": { "resource_id": "qnpd:project-hope-charities-inc", "name": "Project Hope Charities Inc.", "category": "food-assistance", "source": "qnpd", "is_coad_member": false }, "geometry": { "type": "Point", "coordinates": [ -73.769338, 40.670884 ] } },
{ "type": "Feature", "properties": { "resource_id": "qnpd:project-new-yorker", "name": "Project New Yorker", "category": "benefits-and-legal", "source": "qnpd", "is_coad_member": false }, "geometry": { "type": "Point", "coordinates": [ -73.792359, 40.71072 ] } },
{ "type": "Feature", "properties": { "resource_id": "qnpd:queens-public-library--1", "name": "Queens Public Library", "category": "immigration-and-language", "source": "qnpd", "is_coad_member": false }, "geometry": { "type": "Point", "coordinates": [ -73.794604, 40.707828 ] } },
{ "type": "Feature", "properties": { "resource_id": "qnpd:queens-public-library--2", "name": "Queens Public Library", "category": "education-and-jobs", "source": "qnpd", "is_coad_member": false }, "geometry": { "type": "Point", "coordinates": [ -73.794604, 40.707828 ] } },
{ "type": "Feature", "properties": { "resource_id": "qnpd:queens-public-library--3", "name": "Queens Public Library", "category": "health-care", "source": "qnpd", "is_coad_member": false }, "geometry": { "type": "Point", "coordinates": [ -73.764231, 40.681271 ] } },
{ "type": "Feature", "properties": { "resource_id": "qnpd:sisterhood-of-destiny-inc", "name": "Sisterhood Of Destiny, Inc.", "category": "benefits-and-legal", "source": "qnpd", "is_coad_member": false }, "geometry": { "type": "Point", "coordinates": [ -73.780558, 40.697794 ] } },
{ "type": "Feature", "properties": { "resource_id": "qnpd:southeast-queens-residents-environmental-justice-coalition", "name": "Southeast Queens Residents Environmental Justice Coalition", "category": "food-assistance", "source": "qnpd", "is_coad_member": false }, "geometry": { "type": "Point", "coordinates": [ -73.756254, 40.702428 ] } },
{ "type": "Feature", "properties": { "resource_id": "qnpd:southern-queens-park-association-inc", "name": "Southern Queens Park Association, Inc.", "category": "children-and-youth", "source": "qnpd", "is_coad_member": false }, "geometry": { "type": "Point", "coordinates": [ -73.769464, 40.68705 ] } },
{ "type": "Feature", "properties": { "resource_id": "qnpd:the-me-nobody-knows", "name": "The Me Nobody Knows", "category": "children-and-youth", "source": "qnpd", "is_coad_member": false }, "geometry": { "type": "Point", "coordinates": [ -73.773623, 40.682731 ] } },
{ "type": "Feature", "properties": { "resource_id": "qnpd:tyler-nicole-foundation--1", "name": "Tyler Nicole Foundation", "category": "benefits-and-legal", "source": "qnpd", "is_coad_member": false }, "geometry": { "type": "Point", "coordinates": [ -73.774495, 40.679807 ] } },
{ "type": "Feature", "properties": { "resource_id": "qnpd:tyler-nicole-foundation--2", "name": "Tyler Nicole Foundation", "category": "education-and-jobs", "source": "qnpd", "is_coad_member": false }, "geometry": { "type": "Point", "coordinates": [ -73.774495, 40.679807 ] } },
{ "type": "Feature", "properties": { "resource_id": "qnpd:tyler-nicole-foundation--3", "name": "Tyler Nicole Foundation", "category": "mental-health-and-recovery", "source": "qnpd", "is_coad_member": false }, "geometry": { "type": "Point", "coordinates": [ -73.774495, 40.679807 ] } },
{ "type": "Feature", "properties": { "resource_id": "qnpd:venture-house", "name": "Venture House", "category": "mental-health-and-recovery", "source": "qnpd", "is_coad_member": false }, "geometry": { "type": "Point", "coordinates": [ -73.806026, 40.70651 ] } },
{ "type": "Feature", "properties": { "resource_id": "qnpd:wosem-charities-inc", "name": "Wosem Charities, Inc", "category": "food-assistance", "source": "qnpd", "is_coad_member": false }, "geometry": { "type": "Point", "coordinates": [ -73.799506, 40.692823 ] } }
]
}
