{
"type": "FeatureCollection",
"name": "q14",
"features": [
{ "type": "Feature", "properties": { "resource_id": "facdb:00507abb4622afe8c06f6ec951ecc60d", "name": "Temple of Israel Synagogue", "category": "parks-and-environment", "source": "facdb", "is_coad_member": false }, "geometry": { "type": "Point", "coordinates": [ -73.80939, 40.587237 ] } },
{ "type": "Feature", "properties": { "resource_id": "facdb:01208941d24f3e35d44e3355e5b9bfdf", "name": "Infopower International Inc.", "category": "libraries-and-community", "source": "facdb", "is_coad_member": false }, "geometry": { "type": "Point", "coordinates": [ -73.750917, 40.600096 ] } },
{ "type": "Feature", "properties": { "resource_id": "facdb:0179c496ce110eee43f53edd67b93bec", "name": "Central Townhouse", "category": "health-care", "source": "facdb", "is_coad_member": false }, "geometry": { "type": "Point", "coordinates": [ -73.751279, 40.605135 ] } },
{ "type": "Feature", "properties": { "resource_id": "facdb:0288360bdff23a33684b759d5fbca642", "name": "Beacon Rehabilitation and Nursing Center", "category": "health-care", "source": "facdb", "is_coad_member": false }, "geometry": { "type": "Point", "coordinates": [ -73.833255, 40.578994 ] } },
{ "type": "Feature", "properties": { "resource_id": "facdb:038aae9025bef02d0b7da16908d2ecc6", "name": "Goldie Maple Academy", "category": "children-and-youth", "source": "facdb", "is_coad_member": false }, "geometry": { "type": "Point", "coordinates": [ -73.786717, 40.594336 ] } },
{ "type": "Feature", "properties": { "resource_id": "facdb:03aaf376879c2f75b2706d559eb36514", "name": "Jewish Community Council of the Rockaway Peninsula Inc", "category": "housing-and-shelter", "source": "facdb", "is_coad_member": false }, "geometry": { "type": "Point", "coordinates": [ -73.751553, 40.605263 ] } },
{ "type": "Feature", "properties": { "resource_id": "facdb:052dfdeeec7806f55056bab52fd8dd49", "name": "YMCA of Greater New York", "category": "children-and-youth", "source": "facdb", "is_coad_member": false }, "geometry": { "type": "Point", "coordinates": [ -73.801621, 40.589448 ] } },
{ "type": "Feature", "properties": { "resource_id": "facdb:05434e43d4a58ef75485dccf8b861490", "name": "Rockaway Development Revitalization Corp", "category": "children-and-youth", "source": "facdb", "is_coad_member": false }, "geometry": { "type": "Point", "coordinates": [ -73.823595, 40.586582 ] } },
{ "type": "Feature", "properties": { "resource_id": "facdb:056dd114dc0d0aeb8b01fcbc30b949a0", "name": "Long Island Living Center", "category": "health-care", "source": "facdb", "is_coad_member": false }, "geometry": { "type": "Point", "coordinates": [ -73.754658, 40.599263 ] } },
{ "type": "Feature", "properties": { "resource_id": "facdb:057c1a93d0b54103cc3ae72f6024f215", "name": "Lawrence Nursing Care Center, Inc", "category": "health-care", "source": "facdb", "is_coad_member": false }, "geometry": { "type": "Point", "coordinates": [ -73.783986, 40.594251 ] } },
{ "type": "Feature", "properties": { "resource_id": "facdb:05b0c7c821a506da833fa818f080dcfa", "name": "Cassena Kidney Care at Peninsula", "category": "health-care", "source": "facdb", "is_coad_member": false }, "geometry": { "type": "Point", "coordinates": [ -73.781515, 40.594533 ] } },
{ "type": "Feature", "properties": { "resource_id": "facdb:071c5a8d967e87a19be895bdf07bb08a", "name": "Council of Jewish Organizations of Flatbush Inc", "category": "children-and-youth", "source": "facdb", "is_coad_member": false }, "geometry": { "type": "Point", "coordinates": [ -73.751553, 40.605263 ] } },
{ "type": "Feature", "properties": { "resource_id": "facdb:07a5818dc63c0749c8b7f6546883475e", "name": "Psychiatric Day Treatment Clinic", "category": "health-care", "source": "facdb", "is_coad_member": false }, "geometry": { "type": "Point", "coordinates": [ -73.75306, 40.604991 ] } },
{ "type": "Feature", "properties": { "resource_id": "facdb:087fd364e285abd3752eb8833646d4ce", "name": "Bezalel Rehabilitation and Nursing Center", "category": "health-care", "source": "facdb", "is_coad_member": false }, "geometry": { "type": "Point", "coordinates": [ -73.764639, 40.598722 ] } },
{ "type": "Feature", "properties": { "resource_id": "facdb:08d022944af2d7131cadb63be7e94cd7", "name": "Joseph P Addabbo-Family Health Center", "category": "health-care", "source": "facdb", "is_coad_member": false }, "geometry": { "type": "Point", "coordinates": [ -73.791774, 40.59349 ] } },
{ "type": "Feature", "properties": { "resource_id": "facdb:094f720cf89deb86b40241d325241a28", "name": "Police Athletic League Inc", "category": "children-and-youth", "source": "facdb", "is_coad_member": false }, "geometry": { "type": "Point", "coordinates": [ -73.786717, 40.594336 ] } },
{ "type": "Feature", "properties": { "resource_id": "facdb:0a78af04d5e180ac5a239da83097e1c0", "name": "Edgemere Coalition", "category": "parks-and-environment", "source": "facdb", "is_coad_member": false }, "geometry": { "type": "Point", "coordinates": [ -73.774777, 40.598132 ] } },
{ "type": "Feature", "properties": { "resource_id": "facdb:0ad7841a37579731c647d893439e431e", "name": "Far Rockaway", "category": "libraries-and-community", "source": "facdb", "is_coad_member": false }, "geometry": { "type": "Point", "coordinates": [ -73.752466, 40.604334 ] } },
{ "type": "Feature", "properties": { "resource_id": "facdb:0c0b2379bf365ef09e0fa5c0c945185d", "name": "Medcare", "category": "health-care", "source": "facdb", "is_coad_member": false }, "geometry": { "type": "Point", "coordinates": [ -73.817704, 40.585805 ] } },
{ "type": "Feature", "properties": { "resource_id": "facdb:0d1c01c30730265588a5681c166f9dee", "name": "Trinity Chapel", "category": "parks-and-environment", "source": "facdb", "is_coad_member": false }, "geometry": { "type": "Point", "coordinates": [ -73.750923, 40.603877 ] } },
{ "type": "Feature", "properties": { "resource_id": "facdb:0d646252f333bba448058717d3473321", "name": "Far Rockaway Youth Center", "category": "children-and-youth", "source": "facdb", "is_coad_member": false }, "geometry": { "type": "Point", "coordinates": [ -73.752311, 40.605241 ] } },
{ "type": "Feature", "properties": { "resource_id": "facdb:0d9395fd61c92c5d6293985b074047ae", "name": "Channel View School for Research (27Q262)", "category": "benefits-and-legal", "source": "facdb", "is_coad_member": false }, "geometry": { "type": "Point", "coordinates": [ -73.823595, 40.586582 ] } },
{ "type": "Feature", "properties": { "resource_id": "facdb:0ee18b75d670ef1e1d8005af5dd14d8e", "name": "Ocean Bay Community Center", "category": "children-and-youth", "source": "facdb", "is_coad_member": false }, "geometry": { "type": "Point", "coordinates": [ -73.7877, 40.595227 ] } },
{ "type": "Feature", "properties": { "resource_id": "facdb:0f0eefab808c65548abbe810a4e96f51", "name": "Alternate Learning Centerat IS 53 Br", "category": "children-and-youth", "source": "facdb", "is_coad_member": false }, "geometry": { "type": "Point", "coordinates": [ -73.823595, 40.586582 ] } },
{ "type": "Feature", "properties": { "resource_id": "facdb:0f123c21d149ca4cacee9911a9378e64", "name": "Beach 17 Playground", "category": "parks-and-environment", "source": "facdb", "is_coad_member": false }, "geometry": { "type": "Point", "coordinates": [ -73.750564, 40.594189 ] } },
{ "type": "Feature", "properties": { "resource_id": "facdb:0f2f81412e019d717096bf6e37147a0c", "name": "Yeshiva Darchei Torah", "category": "health-care", "source": "facdb", "is_coad_member": false }, "geometry": { "type": "Point", "coordinates": [ -73.751599, 40.596689 ] } },
{ "type": "Feature", "properties": { "resource_id": "facdb:0f33c6113f9897f05044663312c9302b", "name": "Park", "category": "parks-and-environment", "source": "facdb", "is_coad_member": false }, "geometry": { "type": "Point", "coordinates": [ -73.850914, 40.581844 ] } },
{ "type": "Feature", "properties": { "resource_id": "facdb:0f8a20ae806d83c774b8d3b268e94e01", "name": "Queens Borough Public Library", "category": "immigration-and-language", "source": "facdb", "is_coad_member": false }, "geometry": { "type": "Point", "coordinates": [ -73.81606, 40.585847 ] } },
{ "type": "Feature", "properties": { "resource_id": "facdb:0fd25149bf983d3b8c9f3a244106a45e", "name": "Community Mental Health Center", "category": "health-care", "source": "facdb", "is_coad_member": false }, "geometry": { "type": "Point", "coordinates": [ -73.754093, 40.600221 ] } },
{ "type": "Feature", "properties": { "resource_id": "facdb:11cfd7251e21cd16376ff0b7cec55de3", "name": "Garden", "category": "parks-and-environment", "source": "facdb", "is_coad_member": false }, "geometry": { "type": "Point", "coordinates": [ -73.768579, 40.597016 ] } },
{ "type": "Feature", "properties": { "resource_id": "facdb:126d0867b14ec98c69d5a48d4e1be36d", "name": "Rockaway Manor Hfa", "category": "health-care", "source": "facdb", "is_coad_member": false }, "geometry": { "type": "Point", "coordinates": [ -73.743044, 40.595322 ] } },
{ "type": "Feature", "properties": { "resource_id": "facdb:13867ce4cceb29d0f06898ddc260c3df", "name": "Living Rock Christian Center", "category": "children-and-youth", "source": "facdb", "is_coad_member": false }, "geometry": { "type": "Point", "coordinates": [ -73.753637, 40.605928 ] } },
{ "type": "Feature", "properties": { "resource_id": "facdb:1397bd6d9c5aed048b1b077c1fe610af", "name": "Redfern", "category": "libraries-and-community", "source": "facdb", "is_coad_member": false }, "geometry": { "type": "Point", "coordinates": [ -73.752919, 40.609392 ] } },
{ "type": "Feature", "properties": { "resource_id": "facdb:140a0b8971aa6085c5ef47cd3f07d64f", "name": "Vns Early Head Start", "category": "children-and-youth", "source": "facdb", "is_coad_member": false }, "geometry": { "type": "Point", "coordinates": [ -73.812107, 40.586873 ] } },
{ "type": "Feature", "properties": { "resource_id": "facdb:146745b995f7db41ff9738ef021e27a3", "name": "Broad Channel", "category": "libraries-and-community", "source": "facdb", "is_coad_member": false }, "geometry": { "type": "Point", "coordinates": [ -73.820053, 40.60074 ] } },
{ "type": "Feature", "properties": { "resource_id": "facdb:148af13306e38c4904b96be6fae3bfc5", "name": "Edgemere", "category": "children-and-youth", "source": "facdb", "is_coad_member": false }, "geometry": { "type": "Point", "coordinates": [ -73.7877, 40.595227 ] } },
{ "type": "Feature", "properties": { "resource_id": "facdb:1497a2baa62dfb5f71f5bd5b6b939d72", "name": "First Church of God : First Church of God", "category": "food-assistance", "source": "facdb", "is_coad_member": false }, "geometry": { "type": "Point", "coordinates": [ -73.753961, 40.606956 ] } },
{ "type": "Feature", "properties": { "resource_id": "facdb:15abd44bc4dd04a115f9141a5ef9adf4", "name": "First Presbyterian Russel Sage : First Presbyterian Russell Sage", "category": "food-assistance", "source": "facdb", "is_coad_member": false }, "geometry": { "type": "Point", "coordinates": [ -73.747546, 40.609827 ] } },
{ "type": "Feature", "properties": { "resource_id": "facdb:15e1e3d0f4800e807dffb44f6a0b8246", "name": "New Haven Manor", "category": "health-care", "source": "facdb", "is_coad_member": false }, "geometry": { "type": "Point", "coordinates": [ -73.749359, 40.599511 ] } },
{ "type": "Feature", "properties": { "resource_id": "facdb:17be2fcad5af9d7466e8bf2304945169", "name": "Brookhaven Rehabilitation & Health Care Center LLC", "category": "health-care", "source": "facdb", "is_coad_member": false }, "geometry": { "type": "Point", "coordinates": [ -73.750709, 40.596432 ] } },
{ "type": "Feature", "properties": { "resource_id": "facdb:182ba51ddacb156ed9ff48cea99d4ab9", "name": "Rockaway Community Justice Center", "category": "children-and-youth", "source": "facdb", "is_coad_member": false }, "geometry": { "type": "Point", "coordinates": [ -73.752225, 40.604091 ] } },
{ "type": "Feature", "properties": { "resource_id": "facdb:19fd2562222a825c7066b48a438c4ee3", "name": "New York Junior Tennis League Inc", "category": "children-and-youth", "source": "facdb", "is_coad_member": false }, "geometry": { "type": "Point", "coordinates": [ -73.794838, 40.594553 ] } },
{ "type": "Feature", "properties": { "resource_id": "facdb:1b4143bb067d5866564f48d8f4e54fad", "name": "Community Mediation Services, Inc.", "category": "children-and-youth", "source": "facdb", "is_coad_member": false }, "geometry": { "type": "Point", "coordinates": [ -73.781359, 40.595818 ] } },
{ "type": "Feature", "properties": { "resource_id": "facdb:1c251385f792e108d332ecd095edc1a4", "name": "Offices", "category": "government-offices", "source": "facdb", "is_coad_member": false }, "geometry": { "type": "Point", "coordinates": [ -73.752705, 40.603869 ] } },
{ "type": "Feature", "properties": { "resource_id": "facdb:1cece703a8f1c38fa2f4b1695721f6ff", "name": "Brant Point Wildlife Sanctuary", "category": "parks-and-environment", "source": "facdb", "is_coad_member": false }, "geometry": { "type": "Point", "coordinates": [ -73.80319, 40.598452 ] } },
{ "type": "Feature", "properties": { "resource_id": "facdb:1dd61848f110d44e8b16a4a51bb0581c", "name": "Broad Channel American Park", "category": "parks-and-environment", "source": "facdb", "is_coad_member": false }, "geometry": { "type": "Point", "coordinates": [ -73.821609, 40.598332 ] } },
{ "type": "Feature", "properties": { "resource_id": "facdb:1ebc085cdbc810f564cf6b959e974949", "name": "Bethel AME Church/Bethel Avenue Comm. : Bethel AME Church", "category": "food-assistance", "source": "facdb", "is_coad_member": false }, "geometry": { "type": "Point", "coordinates": [ -73.804627, 40.588822 ] } },
{ "type": "Feature", "properties": { "resource_id": "facdb:1f1a7929b8ab6201940b69f1263ee588", "name": "Asian United and Cultural Exchange Council Inc", "category": "libraries-and-community", "source": "facdb", "is_coad_member": false }, "geometry": { "type": "Point", "coordinates": [ -73.913097, 40.557646 ] } },
{ "type": "Feature", "properties": { "resource_id": "facdb:201f72314c99efc3babd250fa153a5b6", "name": "PS 183 Dr. Richard R. Green (27Q183)", "category": "children-and-youth", "source": "facdb", "is_coad_member": false }, "geometry": { "type": "Point", "coordinates": [ -73.805915, 40.589458 ] } },
{ "type": "Feature", "properties": { "resource_id": "facdb:232e4562b20475cdb56e9caf3236a68e", "name": "Seagirt Ave Wetlands", "category": "parks-and-environment", "source": "facdb", "is_coad_member": false }, "geometry": { "type": "Point", "coordinates": [ -73.740157, 40.596872 ] } },
{ "type": "Feature", "properties": { "resource_id": "facdb:23ae2ab0daa02c135876a4c613e81125", "name": "Arverne", "category": "libraries-and-community", "source": "facdb", "is_coad_member": false }, "geometry": { "type": "Point", "coordinates": [ -73.784041, 40.593153 ] } },
{ "type": "Feature", "properties": { "resource_id": "facdb:23cc70765e5ad9bf0a0c8aa8c68e61a5", "name": "Beach 21st Street Plaza", "category": "parks-and-environment", "source": "facdb", "is_coad_member": false }, "geometry": { "type": "Point", "coordinates": [ -73.754052, 40.604311 ] } },
{ "type": "Feature", "properties": { "resource_id": "facdb:23f3bf3180259316218ef3df79648920", "name": "Resort Nursing Home", "category": "health-care", "source": "facdb", "is_coad_member": false }, "geometry": { "type": "Point", "coordinates": [ -73.796845, 40.593638 ] } },
{ "type": "Feature", "properties": { "resource_id": "facdb:24840466a8afbfa5081bc5d4e9fdbd4b", "name": "Mobile Outreach Team", "category": "mental-health-and-recovery", "source": "facdb", "is_coad_member": false }, "geometry": { "type": "Point", "coordinates": [ -73.743565, 40.595857 ] } },
{ "type": "Feature", "properties": { "resource_id": "facdb:2533b9e3d593e42aabb23510484438c5", "name": "Arverne East Nature Preserve", "category": "parks-and-environment", "source": "facdb", "is_coad_member": false }, "geometry": { "type": "Point", "coordinates": [ -73.781116, 40.591477 ] } },
{ "type": "Feature", "properties": { "resource_id": "facdb:25a5ff33988185d728a1043e74eb33ee", "name": "Jewish Community Council of the Rockaway Peninsula Inc", "category": "children-and-youth", "source": "facdb", "is_coad_member": false }, "geometry": { "type": "Point", "coordinates": [ -73.751553, 40.605263 ] } },
{ "type": "Feature", "properties": { "resource_id": "facdb:266756a62cb3d5dee0ad22fdf68b8f38", "name": "Community Mediation Services, Inc.", "category": "children-and-youth", "source": "facdb", "is_coad_member": false }, "geometry": { "type": "Point", "coordinates": [ -73.763586, 40.601764 ] } },
{ "type": "Feature", "properties": { "resource_id": "facdb:2773c1ca9a17dacc2ea1371687f6beba", "name": "AIDS Center of Queens County : AIDS Center of Queens County", "category": "food-assistance", "source": "facdb", "is_coad_member": false }, "geometry": { "type": "Point", "coordinates": [ -73.752311, 40.605241 ] } },
{ "type": "Feature", "properties": { "resource_id": "facdb:279eb2fa7ece3ace5ac4bca7ce937582", "name": "Beach 41st Community Center", "category": "children-and-youth", "source": "facdb", "is_coad_member": false }, "geometry": { "type": "Point", "coordinates": [ -73.77185, 40.596426 ] } },
{ "type": "Feature", "properties": { "resource_id": "facdb:28c2d5a82282db8700ddf12f6a1c64c1", "name": "Village Academy", "category": "health-care", "source": "facdb", "is_coad_member": false }, "geometry": { "type": "Point", "coordinates": [ -73.749802, 40.603951 ] } },
{ "type": "Feature", "properties": { "resource_id": "facdb:291c1439cefc34cbe7f6bbe2a71cac6f", "name": "Rockaway Development and Revitalization Corporation", "category": "children-and-youth", "source": "facdb", "is_coad_member": false }, "geometry": { "type": "Point", "coordinates": [ -73.752225, 40.604091 ] } },
{ "type": "Feature", "properties": { "resource_id": "facdb:29c1d870db15e782c8999ba3c522671f", "name": "PS 105 the Bay School (27Q105)", "category": "children-and-youth", "source": "facdb", "is_coad_member": false }, "geometry": { "type": "Point", "coordinates": [ -73.781359, 40.595818 ] } },
{ "type": "Feature", "properties": { "resource_id": "facdb:2a435fdfa585a7a1b0b1725b39308fec", "name": "The Action Center", "category": "children-and-youth", "source": "facdb", "is_coad_member": false }, "geometry": { "type": "Point", "coordinates": [ -73.752429, 40.605128 ] } },
{ "type": "Feature", "properties": { "resource_id": "facdb:2aaf901d7d4828f4d6a06ee25383e746", "name": "Rockaway Park High School for Environmental Sustainability (27Q324)", "category": "children-and-youth", "source": "facdb", "is_coad_member": false }, "geometry": { "type": "Point", "coordinates": [ -73.823595, 40.586582 ] } },
{ "type": "Feature", "properties": { "resource_id": "facdb:2af7f09e5d5e35295c34775b7c0ee94e", "name": "Cornell Burial Ground", "category": "parks-and-environment", "source": "facdb", "is_coad_member": false }, "geometry": { "type": "Point", "coordinates": [ -73.74963, 40.600088 ] } },
{ "type": "Feature", "properties": { "resource_id": "facdb:2b0cbd1c7b0493e797bf98fcf4792f8e", "name": "Broad Channel Park", "category": "parks-and-environment", "source": "facdb", "is_coad_member": false }, "geometry": { "type": "Point", "coordinates": [ -73.820053, 40.60074 ] } },
{ "type": "Feature", "properties": { "resource_id": "facdb:2cb941bfa259147517c3835272218201", "name": "Scholars' Academy", "category": "children-and-youth", "source": "facdb", "is_coad_member": false }, "geometry": { "type": "Point", "coordinates": [ -73.825172, 40.584404 ] } },
{ "type": "Feature", "properties": { "resource_id": "facdb:2cf32347fba1d3fb24fcc8117659a71a", "name": "Harriman Summer Camp, S-11 Inc", "category": "children-and-youth", "source": "facdb", "is_coad_member": false }, "geometry": { "type": "Point", "coordinates": [ -73.805915, 40.589458 ] } },
{ "type": "Feature", "properties": { "resource_id": "facdb:2d2c8e25a8b3422e700b1ac41bcf3d0d", "name": "Young Israel Programs Inc", "category": "older-adults", "source": "facdb", "is_coad_member": false }, "geometry": { "type": "Point", "coordinates": [ -73.76577, 40.604529 ] } },
{ "type": "Feature", "properties": { "resource_id": "facdb:2d95caa156f84a361a1a22731865621a", "name": "Far Rockaway Beach Bungalow Historic District", "category": "parks-and-environment", "source": "facdb", "is_coad_member": false }, "geometry": { "type": "Point", "coordinates": [ -73.758283, 40.594189 ] } },
{ "type": "Feature", "properties": { "resource_id": "facdb:2de824e81add071c677942e5f21c60a6", "name": "The Jewish Association for Services for the Aged", "category": "older-adults", "source": "facdb", "is_coad_member": false }, "geometry": { "type": "Point", "coordinates": [ -73.741879, 40.595354 ] } },
{ "type": "Feature", "properties": { "resource_id": "facdb:2e840621b38ae2d93228d17079283b92", "name": "Harriman Summer Camp, S-11 Inc", "category": "children-and-youth", "source": "facdb", "is_coad_member": false }, "geometry": { "type": "Point", "coordinates": [ -73.854485, 40.577768 ] } },
{ "type": "Feature", "properties": { "resource_id": "facdb:2ea6ed3d270454640b9f5e76cc8bcbb1", "name": "Far Rockaway Treatment Center", "category": "health-care", "source": "facdb", "is_coad_member": false }, "geometry": { "type": "Point", "coordinates": [ -73.752311, 40.605241 ] } },
{ "type": "Feature", "properties": { "resource_id": "facdb:2fda086b59f0e607aeae7e709224b77c", "name": "Redfern Playground", "category": "parks-and-environment", "source": "facdb", "is_coad_member": false }, "geometry": { "type": "Point", "coordinates": [ -73.749643, 40.611227 ] } },
{ "type": "Feature", "properties": { "resource_id": "facdb:324efb181413faa74078e98ddfc6b268", "name": "Sheltering Arms Children and Family Services Inc", "category": "education-and-jobs", "source": "facdb", "is_coad_member": false }, "geometry": { "type": "Point", "coordinates": [ -73.775437, 40.595523 ] } },
{ "type": "Feature", "properties": { "resource_id": "facdb:343992af1f5d6ca5be6705f017ab8472", "name": "Broad Channel Veteran's Park", "category": "parks-and-environment", "source": "facdb", "is_coad_member": false }, "geometry": { "type": "Point", "coordinates": [ -73.818887, 40.611039 ] } },
{ "type": "Feature", "properties": { "resource_id": "facdb:3471e65c4dbb3d471f5323eec627f2f6", "name": "The Child Center of NY Inc", "category": "children-and-youth", "source": "facdb", "is_coad_member": false }, "geometry": { "type": "Point", "coordinates": [ -73.763586, 40.601764 ] } },
{ "type": "Feature", "properties": { "resource_id": "facdb:353780cf09627c3ffac344848c165a16", "name": "St John Baptist", "category": "children-and-youth", "source": "facdb", "is_coad_member": false }, "geometry": { "type": "Point", "coordinates": [ -73.802205, 40.588494 ] } },
{ "type": "Feature", "properties": { "resource_id": "facdb:35fe367a2dc7a2230e37dd260088c658", "name": "Frederick Douglass Academy Vi High School (27Q260)", "category": "children-and-youth", "source": "facdb", "is_coad_member": false }, "geometry": { "type": "Point", "coordinates": [ -73.763586, 40.601764 ] } },
{ "type": "Feature", "properties": { "resource_id": "facdb:36647c1d6273cccbfee26fd11fb4462f", "name": "Edgemere Urban Renewal Park", "category": "parks-and-environment", "source": "facdb", "is_coad_member": false }, "geometry": { "type": "Point", "coordinates": [ -73.77686, 40.59515 ] } },
{ "type": "Feature", "properties": { "resource_id": "facdb:37034e5d1c97b23a0541dfef95e06356", "name": "Nycha-Ocean Bayside", "category": "children-and-youth", "source": "facdb", "is_coad_member": false }, "geometry": { "type": "Point", "coordinates": [ -73.783164, 40.596521 ] } },
{ "type": "Feature", "properties": { "resource_id": "facdb:37e39fe87609e50f925238c563b83ef2", "name": "Beach Gardens Rehab and Nursing Center", "category": "health-care", "source": "facdb", "is_coad_member": false }, "geometry": { "type": "Point", "coordinates": [ -73.751285, 40.598639 ] } },
{ "type": "Feature", "properties": { "resource_id": "facdb:37fa7784ab4ebc702715f2b81953f79a", "name": "United Methodist Center : United Methodist Center in Far Rockaway", "category": "food-assistance", "source": "facdb", "is_coad_member": false }, "geometry": { "type": "Point", "coordinates": [ -73.75173, 40.603105 ] } },
{ "type": "Feature", "properties": { "resource_id": "facdb:38aaea16783a2b47509e8cbbf472ecf8", "name": "Sheltering Arms Children and Family Services Inc", "category": "children-and-youth", "source": "facdb", "is_coad_member": false }, "geometry": { "type": "Point", "coordinates": [ -73.76507, 40.608008 ] } },
{ "type": "Feature", "properties": { "resource_id": "facdb:38b4d8335f063b2e26245f2984474818", "name": "Mouse Inc", "category": "children-and-youth", "source": "facdb", "is_coad_member": false }, "geometry": { "type": "Point", "coordinates": [ -73.763586, 40.601764 ] } },
{ "type": "Feature", "properties": { "resource_id": "facdb:39b97b65b5c32d7196ee23ff57ae3d93", "name": "Averne Pilgrim Church", "category": "children-and-youth", "source": "facdb", "is_coad_member": false }, "geometry": { "type": "Point", "coordinates": [ -73.802881, 40.590913 ] } },
{ "type": "Feature", "properties": { "resource_id": "facdb:3a2afc4f940ee461d3d3c8278b02548b", "name": "Non Medicaid Care Management C&Y", "category": "mental-health-and-recovery", "source": "facdb", "is_coad_member": false }, "geometry": { "type": "Point", "coordinates": [ -73.753032, 40.599486 ] } },
{ "type": "Feature", "properties": { "resource_id": "facdb:3bbfee1e27f14491166af15b71ff68b2", "name": "Sheltering Arms Children and Family Services Inc", "category": "children-and-youth", "source": "facdb", "is_coad_member": false }, "geometry": { "type": "Point", "coordinates": [ -73.763586, 40.601764 ] } },
{ "type": "Feature", "properties": { "resource_id": "facdb:3c3bd7e0a10c18427ed7ac0fa8c788b2", "name": "Ocean Village Community Center", "category": "children-and-youth", "source": "facdb", "is_coad_member": false }, "geometry": { "type": "Point", "coordinates": [ -73.786256, 40.59146 ] } },
{ "type": "Feature", "properties": { "resource_id": "facdb:3cabceda3093d702eeff0d1100a6ed5b", "name": "Queens Defenders Youth Outreach Center", "category": "children-and-youth", "source": "facdb", "is_coad_member": false }, "geometry": { "type": "Point", "coordinates": [ -73.751541, 40.603307 ] } },
{ "type": "Feature", "properties": { "resource_id": "facdb:3d3dbd71aa57e5500dd51a60ab00dd26", "name": "Oceanview Nursing & Rehabilitation Center, LLC", "category": "health-care", "source": "facdb", "is_coad_member": false }, "geometry": { "type": "Point", "coordinates": [ -73.745167, 40.597823 ] } },
{ "type": "Feature", "properties": { "resource_id": "facdb:3d965e053ca5dfb5579a6f170a4e1116", "name": "Ocean Bay Community Development Corporation", "category": "older-adults", "source": "facdb", "is_coad_member": false }, "geometry": { "type": "Point", "coordinates": [ -73.787828, 40.591547 ] } },
{ "type": "Feature", "properties": { "resource_id": "facdb:3de1d46cdba0b12ea4dc453aa1329f23", "name": "Beach 41ST-BEACH Chanel Drive", "category": "children-and-youth", "source": "facdb", "is_coad_member": false }, "geometry": { "type": "Point", "coordinates": [ -73.77185, 40.596426 ] } },
{ "type": "Feature", "properties": { "resource_id": "facdb:3df462b9bf2d2f074ee54759df8cd266", "name": "Margaret O. Carpenter Womens Health Center", "category": "health-care", "source": "facdb", "is_coad_member": false }, "geometry": { "type": "Point", "coordinates": [ -73.826649, 40.583153 ] } },
{ "type": "Feature", "properties": { "resource_id": "facdb:3f0a626625ac3f75a143f23707d4e85d", "name": "New Horizon Counseling Center Smh Cha", "category": "mental-health-and-recovery", "source": "facdb", "is_coad_member": false }, "geometry": { "type": "Point", "coordinates": [ -73.75357, 40.60148 ] } },
{ "type": "Feature", "properties": { "resource_id": "facdb:3fe0cf6b150f475d3360252048350d64", "name": "Pentecostal Church Rehoboth Summer", "category": "children-and-youth", "source": "facdb", "is_coad_member": false }, "geometry": { "type": "Point", "coordinates": [ -73.754872, 40.607056 ] } },
{ "type": "Feature", "properties": { "resource_id": "facdb:4032ee12f462f6af45a905d122177fb9", "name": "Flight 587 Memorial Park", "category": "parks-and-environment", "source": "facdb", "is_coad_member": false }, "geometry": { "type": "Point", "coordinates": [ -73.836164, 40.577954 ] } },
{ "type": "Feature", "properties": { "resource_id": "facdb:40cc8d63e4c472773dbaf1e9c58d1a55", "name": "The Jewish Association for Services for the Aged", "category": "older-adults", "source": "facdb", "is_coad_member": false }, "geometry": { "type": "Point", "coordinates": [ -73.753823, 40.593165 ] } },
{ "type": "Feature", "properties": { "resource_id": "facdb:427539d366003d435c5f16d0ab84fb23", "name": "Community Center of the Rockaway Peninsula, Inc.", "category": "libraries-and-community", "source": "facdb", "is_coad_member": false }, "geometry": { "type": "Point", "coordinates": [ -73.751599, 40.596689 ] } },
{ "type": "Feature", "properties": { "resource_id": "facdb:42788f0d67df73575bce044e16e131b2", "name": "Rockaways Asc Development, LLC", "category": "health-care", "source": "facdb", "is_coad_member": false }, "geometry": { "type": "Point", "coordinates": [ -73.826649, 40.583153 ] } },
{ "type": "Feature", "properties": { "resource_id": "facdb:437ca151be9dad60f3a26635e1b3f0d6", "name": "P.S. 105 the Bay School", "category": "children-and-youth", "source": "facdb", "is_coad_member": false }, "geometry": { "type": "Point", "coordinates": [ -73.781359, 40.595818 ] } },
{ "type": "Feature", "properties": { "resource_id": "facdb:4495d351c0f5553918b1bf12eb371ef9", "name": "Clinical Learning Center", "category": "health-care", "source": "facdb", "is_coad_member": false }, "geometry": { "type": "Point", "coordinates": [ -73.753419, 40.59738 ] } },
{ "type": "Feature", "properties": { "resource_id": "facdb:46c9615169711858d96e15893be8fa0b", "name": "Grassmere Playground", "category": "parks-and-environment", "source": "facdb", "is_coad_member": false }, "geometry": { "type": "Point", "coordinates": [ -73.75891, 40.599277 ] } },
{ "type": "Feature", "properties": { "resource_id": "facdb:46f3aa4b4197306cb7cc4e278f4e9666", "name": "Park", "category": "parks-and-environment", "source": "facdb", "is_coad_member": false }, "geometry": { "type": "Point", "coordinates": [ -73.77516, 40.601509 ] } },
{ "type": "Feature", "properties": { "resource_id": "facdb:470b14705dad0a69f74153b4ad4ebe81", "name": "Joseph P Addabbo Family Health Center", "category": "health-care", "source": "facdb", "is_coad_member": false }, "geometry": { "type": "Point", "coordinates": [ -73.749008, 40.607697 ] } },
{ "type": "Feature", "properties": { "resource_id": "facdb:4aecf5b270ded784631aff00fda183cb", "name": "Rockaway Development and Revitalization Corporation", "category": "children-and-youth", "source": "facdb", "is_coad_member": false }, "geometry": { "type": "Point", "coordinates": [ -73.752225, 40.604091 ] } },
{ "type": "Feature", "properties": { "resource_id": "facdb:4af145c6679c18c30423bb2261581c59", "name": "Welllife Crisis Residence", "category": "mental-health-and-recovery", "source": "facdb", "is_coad_member": false }, "geometry": { "type": "Point", "coordinates": [ -73.793753, 40.595406 ] } },
{ "type": "Feature", "properties": { "resource_id": "facdb:4b9e2a6cbe8c29af927eb918fbe3accf", "name": "United Methodist Center : United Methodist Center in Far Rockaway", "category": "food-assistance", "source": "facdb", "is_coad_member": false }, "geometry": { "type": "Point", "coordinates": [ -73.75173, 40.603105 ] } },
{ "type": "Feature", "properties": { "resource_id": "facdb:4bab6652058387746f9923db689eaef1", "name": "Eng 265,LAD 121,EMS 47,BAT 47", "category": "emergency-services", "source": "facdb", "is_coad_member": false }, "geometry": { "type": "Point", "coordinates": [ -73.779237, 40.593608 ] } },
{ "type": "Feature", "properties": { "resource_id": "facdb:4c3fb42c82638bd5de80c0491e628f12", "name": "P256Q@J333Q", "category": "health-care", "source": "facdb", "is_coad_member": false }, "geometry": { "type": "Point", "coordinates": [ -73.786717, 40.594336 ] } },
{ "type": "Feature", "properties": { "resource_id": "facdb:4c8df2274b435289cf93c5db8f08ef14", "name": "Beach 41st - Beach Channel Drive", "category": "libraries-and-community", "source": "facdb", "is_coad_member": false }, "geometry": { "type": "Point", "coordinates": [ -73.77185, 40.596426 ] } },
{ "type": "Feature", "properties": { "resource_id": "facdb:4de2ab934f859765f7a16430398c20ec", "name": "United States Post Office-Far Rockaway", "category": "parks-and-environment", "source": "facdb", "is_coad_member": false }, "geometry": { "type": "Point", "coordinates": [ -73.750638, 40.603465 ] } },
{ "type": "Feature", "properties": { "resource_id": "facdb:4e0113c32a1d8b823f2501704ffa8213", "name": "P.S. 183 Dr. Richard R. Green", "category": "children-and-youth", "source": "facdb", "is_coad_member": false }, "geometry": { "type": "Point", "coordinates": [ -73.805915, 40.589458 ] } },
{ "type": "Feature", "properties": { "resource_id": "facdb:4f60296378394f176127f4852acacaab", "name": "New Horizon Counseling Center Smh Cma", "category": "mental-health-and-recovery", "source": "facdb", "is_coad_member": false }, "geometry": { "type": "Point", "coordinates": [ -73.753314, 40.601476 ] } },
{ "type": "Feature", "properties": { "resource_id": "facdb:4fc6adc570af2b124aaf1a0a68988899", "name": "PS 104 the Bays Water (27Q104)", "category": "children-and-youth", "source": "facdb", "is_coad_member": false }, "geometry": { "type": "Point", "coordinates": [ -73.76507, 40.608008 ] } },
{ "type": "Feature", "properties": { "resource_id": "facdb:505a0d254ca44633620cde60875d3777", "name": "Seaview Manor, LLC", "category": "health-care", "source": "facdb", "is_coad_member": false }, "geometry": { "type": "Point", "coordinates": [ -73.777621, 40.593199 ] } },
{ "type": "Feature", "properties": { "resource_id": "facdb:50cb1f52ba8254dca29e74f7e5da736d", "name": "Hammel Playground", "category": "parks-and-environment", "source": "facdb", "is_coad_member": false }, "geometry": { "type": "Point", "coordinates": [ -73.809427, 40.588185 ] } },
{ "type": "Feature", "properties": { "resource_id": "facdb:50d775a8383e78553dc2e33bafd0462b", "name": "Health Home Care Management", "category": "mental-health-and-recovery", "source": "facdb", "is_coad_member": false }, "geometry": { "type": "Point", "coordinates": [ -73.835538, 40.578273 ] } },
{ "type": "Feature", "properties": { "resource_id": "facdb:50da7e7fed7eb277b3a42ddfbc133dab", "name": "Rockaway YMCA", "category": "children-and-youth", "source": "facdb", "is_coad_member": false }, "geometry": { "type": "Point", "coordinates": [ -73.801621, 40.589448 ] } },
{ "type": "Feature", "properties": { "resource_id": "facdb:51107b7222b904652b19f75aa32a7dc3", "name": "Rockaway Dialysis", "category": "health-care", "source": "facdb", "is_coad_member": false }, "geometry": { "type": "Point", "coordinates": [ -73.754106, 40.600494 ] } },
{ "type": "Feature", "properties": { "resource_id": "facdb:51278201d0f925f01e2986286da059ee", "name": "Rockaway Park High School for Environmental Sustainability (27Q324)", "category": "children-and-youth", "source": "facdb", "is_coad_member": false }, "geometry": { "type": "Point", "coordinates": [ -73.823595, 40.586582 ] } },
{ "type": "Feature", "properties": { "resource_id": "facdb:529e2e24c3a6623b2e168a91716f4731", "name": "New York Edge Inc", "category": "children-and-youth", "source": "facdb", "is_coad_member": false }, "geometry": { "type": "Point", "coordinates": [ -73.758373, 40.599746 ] } },
{ "type": "Feature", "properties": { "resource_id": "facdb:531a07da1122df6dd1fd09d481f2b043", "name": "Rockaway Collegiate High School", "category": "children-and-youth", "source": "facdb", "is_coad_member": false }, "geometry": { "type": "Point", "coordinates": [ -73.823595, 40.586582 ] } },
{ "type": "Feature", "properties": { "resource_id": "facdb:550012c05c693af12ed469a9893afc03", "name": "Ocean Side Apartments Community Center", "category": "children-and-youth", "source": "facdb", "is_coad_member": false }, "geometry": { "type": "Point", "coordinates": [ -73.78487, 40.593632 ] } },
{ "type": "Feature", "properties": { "resource_id": "facdb:575eed830caead4dd75c8386c1f4fc52", "name": "Ocean Gardens Care Center", "category": "health-care", "source": "facdb", "is_coad_member": false }, "geometry": { "type": "Point", "coordinates": [ -73.793597, 40.592587 ] } },
{ "type": "Feature", "properties": { "resource_id": "facdb:57cb7f3c7a942532cba77f5fd13d085f", "name": "Ps/Ms 42 Robert Vernam", "category": "children-and-youth", "source": "facdb", "is_coad_member": false }, "geometry": { "type": "Point", "coordinates": [ -73.794838, 40.594553 ] } },
{ "type": "Feature", "properties": { "resource_id": "facdb:584f235dd81a21f2ef75f30a6a6d3736", "name": "Jewish Community Council of the Rockawaypeninsula", "category": "libraries-and-community", "source": "facdb", "is_coad_member": false }, "geometry": { "type": "Point", "coordinates": [ -73.751553, 40.605263 ] } },
{ "type": "Feature", "properties": { "resource_id": "facdb:58bb9fc73fae987d834907c0f14c6c2b", "name": "Broad Channel Wetlands", "category": "parks-and-environment", "source": "facdb", "is_coad_member": false }, "geometry": { "type": "Point", "coordinates": [ -73.822114, 40.610414 ] } },
{ "type": "Feature", "properties": { "resource_id": "facdb:58d943443cebfa1f8305c00badc0ee93", "name": "Lyfe Program at Beach Channel HS", "category": "children-and-youth", "source": "facdb", "is_coad_member": false }, "geometry": { "type": "Point", "coordinates": [ -73.823595, 40.586582 ] } },
{ "type": "Feature", "properties": { "resource_id": "facdb:59a38a5685a8f37835d63fcefa5983c7", "name": "New Horizon Counseling Center Act Team", "category": "mental-health-and-recovery", "source": "facdb", "is_coad_member": false }, "geometry": { "type": "Point", "coordinates": [ -73.813221, 40.587568 ] } },
{ "type": "Feature", "properties": { "resource_id": "facdb:59cd798847cda782c911298007b248d3", "name": "Platinum Recovery Center Otp", "category": "mental-health-and-recovery", "source": "facdb", "is_coad_member": false }, "geometry": { "type": "Point", "coordinates": [ -73.752796, 40.60185 ] } },
{ "type": "Feature", "properties": { "resource_id": "facdb:5a6c3fc4c0da17152619bdf9cf5b769b", "name": "Bergen Basin Community Development Corporation", "category": "children-and-youth", "source": "facdb", "is_coad_member": false }, "geometry": { "type": "Point", "coordinates": [ -73.825172, 40.584404 ] } },
{ "type": "Feature", "properties": { "resource_id": "facdb:5a751082a7bc6423f9d93c444934b21e", "name": "The Child Center of NY Inc", "category": "children-and-youth", "source": "facdb", "is_coad_member": false }, "geometry": { "type": "Point", "coordinates": [ -73.831372, 40.580957 ] } },
{ "type": "Feature", "properties": { "resource_id": "facdb:5a8b749c2aaa58163ffee81039b65686", "name": "Episcopal Health Services Inc", "category": "mental-health-and-recovery", "source": "facdb", "is_coad_member": false }, "geometry": { "type": "Point", "coordinates": [ -73.822652, 40.584305 ] } },
{ "type": "Feature", "properties": { "resource_id": "facdb:5b176c161d1cc126f255f6e8bad0e756", "name": "Tribute Park", "category": "parks-and-environment", "source": "facdb", "is_coad_member": false }, "geometry": { "type": "Point", "coordinates": [ -73.83908, 40.582097 ] } },
{ "type": "Feature", "properties": { "resource_id": "facdb:5c49e54e9cd806eb77ef4517089b0976", "name": "P.S./M.S 042 R. Vernam", "category": "children-and-youth", "source": "facdb", "is_coad_member": false }, "geometry": { "type": "Point", "coordinates": [ -73.794838, 40.594553 ] } },
{ "type": "Feature", "properties": { "resource_id": "facdb:5d89184898037ec800428bb1f00309ef", "name": "Engine 266", "category": "emergency-services", "source": "facdb", "is_coad_member": false }, "geometry": { "type": "Point", "coordinates": [ -73.81631, 40.586372 ] } },
{ "type": "Feature", "properties": { "resource_id": "facdb:5f10c7e63276062c2f8bb48fa78a9c05", "name": "Hammel", "category": "government-offices", "source": "facdb", "is_coad_member": false }, "geometry": { "type": "Point", "coordinates": [ -73.809531, 40.588815 ] } },
{ "type": "Feature", "properties": { "resource_id": "facdb:61d492551dafcb601e74f7858c3bd1e1", "name": "Rockaway Development Revitalization Corp", "category": "children-and-youth", "source": "facdb", "is_coad_member": false }, "geometry": { "type": "Point", "coordinates": [ -73.752225, 40.604091 ] } },
{ "type": "Feature", "properties": { "resource_id": "facdb:62fa7a3dc2fee8516009438af890a176", "name": "Battalion 47/ENGINE 265/LADDER 121", "category": "emergency-services", "source": "facdb", "is_coad_member": false }, "geometry": { "type": "Point", "coordinates": [ -73.779162, 40.593583 ] } },
{ "type": "Feature", "properties": { "resource_id": "facdb:63417eecf572b8a1b64032a508986afc", "name": "Prop Eng 268/LAD 137/TRAINING", "category": "government-offices", "source": "facdb", "is_coad_member": false }, "geometry": { "type": "Point", "coordinates": [ -73.838811, 40.581509 ] } },
{ "type": "Feature", "properties": { "resource_id": "facdb:63428aa6c8f77295bd55b0ba3d907d67", "name": "Battalion Pentecostal Assembly, Inc.", "category": "children-and-youth", "source": "facdb", "is_coad_member": false }, "geometry": { "type": "Point", "coordinates": [ -73.795989, 40.594349 ] } },
{ "type": "Feature", "properties": { "resource_id": "facdb:63c70265396e07073dbc5de3542202ef", "name": "Channel View School for Research (27Q262)", "category": "children-and-youth", "source": "facdb", "is_coad_member": false }, "geometry": { "type": "Point", "coordinates": [ -73.823595, 40.586582 ] } },
{ "type": "Feature", "properties": { "resource_id": "facdb:64356907baa6ee0a7a048cc7c32e7780", "name": "Sorrentino Park Rec Center", "category": "children-and-youth", "source": "facdb", "is_coad_member": false }, "geometry": { "type": "Point", "coordinates": [ -73.751375, 40.602446 ] } },
{ "type": "Feature", "properties": { "resource_id": "facdb:64723e3f4c9ec01814f01e0d0c881c94", "name": "Rockaway YMCA", "category": "children-and-youth", "source": "facdb", "is_coad_member": false }, "geometry": { "type": "Point", "coordinates": [ -73.801621, 40.589448 ] } },
{ "type": "Feature", "properties": { "resource_id": "facdb:64740c56431c54d2a557c2e8ae658a9e", "name": "Beach 30th Street Playground", "category": "parks-and-environment", "source": "facdb", "is_coad_member": false }, "geometry": { "type": "Point", "coordinates": [ -73.76265, 40.592435 ] } },
{ "type": "Feature", "properties": { "resource_id": "facdb:64f2c7498c97ca011e99251a927d2cf2", "name": "Church of God Christian Academy", "category": "children-and-youth", "source": "facdb", "is_coad_member": false }, "geometry": { "type": "Point", "coordinates": [ -73.750179, 40.606966 ] } },
{ "type": "Feature", "properties": { "resource_id": "facdb:653bd101fb910a43ed9bae29729f948f", "name": "Seaside", "category": "libraries-and-community", "source": "facdb", "is_coad_member": false }, "geometry": { "type": "Point", "coordinates": [ -73.837735, 40.579396 ] } },
{ "type": "Feature", "properties": { "resource_id": "facdb:66198fb28dbfa7d1fced069bb634bb8d", "name": "Park", "category": "parks-and-environment", "source": "facdb", "is_coad_member": false }, "geometry": { "type": "Point", "coordinates": [ -73.822238, 40.600821 ] } },
{ "type": "Feature", "properties": { "resource_id": "facdb:66b910c4d89d46385acacc9ac7b7a5b3", "name": "Park Inn Home", "category": "health-care", "source": "facdb", "is_coad_member": false }, "geometry": { "type": "Point", "coordinates": [ -73.835538, 40.578273 ] } },
{ "type": "Feature", "properties": { "resource_id": "facdb:6881dded30b0db6d88725a6e2ee5eb32", "name": "Sheltering Arms Children and Family Services Inc", "category": "children-and-youth", "source": "facdb", "is_coad_member": false }, "geometry": { "type": "Point", "coordinates": [ -73.752311, 40.605241 ] } },
{ "type": "Feature", "properties": { "resource_id": "facdb:69855a74749fb2cc984a68f661501636", "name": "MacHaneh Yisroel", "category": "children-and-youth", "source": "facdb", "is_coad_member": false }, "geometry": { "type": "Point", "coordinates": [ -73.764886, 40.60744 ] } },
{ "type": "Feature", "properties": { "resource_id": "facdb:69ab3e85a384efe4628e87d5a3b667ea", "name": "Patricia A. Brackley Park", "category": "parks-and-environment", "source": "facdb", "is_coad_member": false }, "geometry": { "type": "Point", "coordinates": [ -73.845777, 40.581397 ] } },
{ "type": "Feature", "properties": { "resource_id": "facdb:69e6dffb22d39b0fcded7104a5778be9", "name": "Ocean Bay Community Development Corp", "category": "children-and-youth", "source": "facdb", "is_coad_member": false }, "geometry": { "type": "Point", "coordinates": [ -73.784275, 40.596455 ] } },
{ "type": "Feature", "properties": { "resource_id": "facdb:6ac118f781e05b676e72144db28bf734", "name": "Far Rockaway Center for Rehabilitation and Nursing", "category": "health-care", "source": "facdb", "is_coad_member": false }, "geometry": { "type": "Point", "coordinates": [ -73.745759, 40.610092 ] } },
{ "type": "Feature", "properties": { "resource_id": "facdb:6b0e15c24b65934f099e4b983554bb31", "name": "Peninsula", "category": "libraries-and-community", "source": "facdb", "is_coad_member": false }, "geometry": { "type": "Point", "coordinates": [ -73.81606, 40.585847 ] } },
{ "type": "Feature", "properties": { "resource_id": "facdb:6bfc599eb427f1b4577dd1f3e03be27e", "name": "Bayswater Park", "category": "parks-and-environment", "source": "facdb", "is_coad_member": false }, "geometry": { "type": "Point", "coordinates": [ -73.768918, 40.599174 ] } },
{ "type": "Feature", "properties": { "resource_id": "facdb:6c8b271fbd7bdcc0a5c8b27eef0b2212", "name": "Rckwy Job Center", "category": "government-offices", "source": "facdb", "is_coad_member": false }, "geometry": { "type": "Point", "coordinates": [ -73.789408, 40.592697 ] } },
{ "type": "Feature", "properties": { "resource_id": "facdb:6c9ee6cf64c12f12b3083913f5c24571", "name": "P.S. 197 the Ocean School", "category": "children-and-youth", "source": "facdb", "is_coad_member": false }, "geometry": { "type": "Point", "coordinates": [ -73.74411, 40.599861 ] } },
{ "type": "Feature", "properties": { "resource_id": "facdb:6e4ec1cb6c79fc8b087e27d836226968", "name": "Queens Library-Far Rockaway", "category": "children-and-youth", "source": "facdb", "is_coad_member": false }, "geometry": { "type": "Point", "coordinates": [ -73.752466, 40.604334 ] } },
{ "type": "Feature", "properties": { "resource_id": "facdb:6f7d5018dd6c06f5b444f8658c3a120e", "name": "Sheltering Arms Children and Family Services Inc", "category": "housing-and-shelter", "source": "facdb", "is_coad_member": false }, "geometry": { "type": "Point", "coordinates": [ -73.752311, 40.605241 ] } },
{ "type": "Feature", "properties": { "resource_id": "facdb:701f296f0265f064bfdbd924f8a236cd", "name": "Wavecrest Assisted Living", "category": "health-care", "source": "facdb", "is_coad_member": false }, "geometry": { "type": "Point", "coordinates": [ -73.753686, 40.596661 ] } },
{ "type": "Feature", "properties": { "resource_id": "facdb:706d4a95135028774ff6bde3d8be5fdd", "name": "Rockaway Garage", "category": "parks-and-environment", "source": "facdb", "is_coad_member": false }, "geometry": { "type": "Point", "coordinates": [ -73.802857, 40.591879 ] } },
{ "type": "Feature", "properties": { "resource_id": "facdb:7140dfabddf6c7756c918220e7b11443", "name": "Episcopal Health Services Inc", "category": "mental-health-and-recovery", "source": "facdb", "is_coad_member": false }, "geometry": { "type": "Point", "coordinates": [ -73.753032, 40.599486 ] } },
{ "type": "Feature", "properties": { "resource_id": "facdb:729867ad12d74a7393818baac6c0d88e", "name": "PS 197 the Ocean School", "category": "health-care", "source": "facdb", "is_coad_member": false }, "geometry": { "type": "Point", "coordinates": [ -73.74411, 40.599861 ] } },
{ "type": "Feature", "properties": { "resource_id": "facdb:72ecc6f717366150730f955d00619481", "name": "Sheltering Arms Children and Family Services Inc", "category": "children-and-youth", "source": "facdb", "is_coad_member": false }, "geometry": { "type": "Point", "coordinates": [ -73.781359, 40.595818 ] } },
{ "type": "Feature", "properties": { "resource_id": "facdb:733cb39fd2f29ed0d8fd0307c97ab90a", "name": "Waterside School for Leadership", "category": "children-and-youth", "source": "facdb", "is_coad_member": false }, "geometry": { "type": "Point", "coordinates": [ -73.831372, 40.580957 ] } },
{ "type": "Feature", "properties": { "resource_id": "facdb:735e18774ebbf9f23349ec8ed355143e", "name": "Rockaway Freeway", "category": "parks-and-environment", "source": "facdb", "is_coad_member": false }, "geometry": { "type": "Point", "coordinates": [ -73.795118, 40.591802 ] } },
{ "type": "Feature", "properties": { "resource_id": "facdb:75d1bac75b2634ca3a4c7ba64b735f3e", "name": "P.S./M.S. 114 Belle Harbor", "category": "children-and-youth", "source": "facdb", "is_coad_member": false }, "geometry": { "type": "Point", "coordinates": [ -73.854485, 40.577768 ] } },
{ "type": "Feature", "properties": { "resource_id": "facdb:75f484eb5327a531c306c67759d65cea", "name": "Seaside Playground", "category": "parks-and-environment", "source": "facdb", "is_coad_member": false }, "geometry": { "type": "Point", "coordinates": [ -73.831372, 40.580957 ] } },
{ "type": "Feature", "properties": { "resource_id": "facdb:76403f08f96834802feafa0925df7fca", "name": "Beach 9 Playground", "category": "parks-and-environment", "source": "facdb", "is_coad_member": false }, "geometry": { "type": "Point", "coordinates": [ -73.750564, 40.594189 ] } },
{ "type": "Feature", "properties": { "resource_id": "facdb:780bdc50e7b7e57800191de235545cc4", "name": "Redfern Community Center", "category": "children-and-youth", "source": "facdb", "is_coad_member": false }, "geometry": { "type": "Point", "coordinates": [ -73.752919, 40.609392 ] } },
{ "type": "Feature", "properties": { "resource_id": "facdb:781ef619d26999d02ed874561d1b602c", "name": "Redfern Cornerstone Center", "category": "children-and-youth", "source": "facdb", "is_coad_member": false }, "geometry": { "type": "Point", "coordinates": [ -73.752919, 40.609392 ] } },
{ "type": "Feature", "properties": { "resource_id": "facdb:7a3eef6d60eeb49c33793ad96196298d", "name": "Rockaway Development Revitalization Corp", "category": "children-and-youth", "source": "facdb", "is_coad_member": false }, "geometry": { "type": "Point", "coordinates": [ -73.752225, 40.604091 ] } },
{ "type": "Feature", "properties": { "resource_id": "facdb:7ad89b12ada2c48c90937b9a09798533", "name": "Gene Gray Playground", "category": "parks-and-environment", "source": "facdb", "is_coad_member": false }, "geometry": { "type": "Point", "coordinates": [ -73.819197, 40.606247 ] } },
{ "type": "Feature", "properties": { "resource_id": "facdb:7bfe30d3518e8a2a8d6d2d0ab8559cc0", "name": "The Jewish Association for Services for the Aged", "category": "older-adults", "source": "facdb", "is_coad_member": false }, "geometry": { "type": "Point", "coordinates": [ -73.753823, 40.593165 ] } },
{ "type": "Feature", "properties": { "resource_id": "facdb:7c60bda6f189b27b96b131f956672a86", "name": "Far Rockaway HS Clinic", "category": "health-care", "source": "facdb", "is_coad_member": false }, "geometry": { "type": "Point", "coordinates": [ -73.763586, 40.601764 ] } },
{ "type": "Feature", "properties": { "resource_id": "facdb:7d5a242120b151ff1b5d86ee2de96cd5", "name": "Beach 41st Street-Beach Channel Drive Community Center", "category": "children-and-youth", "source": "facdb", "is_coad_member": false }, "geometry": { "type": "Point", "coordinates": [ -73.77185, 40.596426 ] } },
{ "type": "Feature", "properties": { "resource_id": "facdb:7d7fd28e1e0865e18abddb9fa62643dc", "name": "Rockaway Care Center", "category": "health-care", "source": "facdb", "is_coad_member": false }, "geometry": { "type": "Point", "coordinates": [ -73.779355, 40.594893 ] } },
{ "type": "Feature", "properties": { "resource_id": "facdb:7dac60495cc9af0390d749cd007480b1", "name": "Brian Picolo/Intermediate School #53 School Clinic", "category": "health-care", "source": "facdb", "is_coad_member": false }, "geometry": { "type": "Point", "coordinates": [ -73.749802, 40.603951 ] } },
{ "type": "Feature", "properties": { "resource_id": "facdb:7dc133243b82f730ff5e0ecf3611dcaa", "name": "Scholars' Academy (27Q323)", "category": "children-and-youth", "source": "facdb", "is_coad_member": false }, "geometry": { "type": "Point", "coordinates": [ -73.825172, 40.584404 ] } },
{ "type": "Feature", "properties": { "resource_id": "facdb:7dd0ef3322121dcb14d7a8d097a1c846", "name": "Engine 268/LADDER 137", "category": "emergency-services", "source": "facdb", "is_coad_member": false }, "geometry": { "type": "Point", "coordinates": [ -73.838111, 40.580733 ] } },
{ "type": "Feature", "properties": { "resource_id": "facdb:7ebc09ef14ddfa49f37f69f7bec606e7", "name": "St. John's Episcopal South Shore Division Cmhc", "category": "mental-health-and-recovery", "source": "facdb", "is_coad_member": false }, "geometry": { "type": "Point", "coordinates": [ -73.754093, 40.600221 ] } },
{ "type": "Feature", "properties": { "resource_id": "facdb:7f89b4066040fd2c5c11164393d62c3e", "name": "Life Camp Inc", "category": "benefits-and-legal", "source": "facdb", "is_coad_member": false }, "geometry": { "type": "Point", "coordinates": [ -73.752311, 40.605241 ] } },
{ "type": "Feature", "properties": { "resource_id": "facdb:7fd4f6591420e6b4c58a46747b9bc23b", "name": "Family Peer Support Services", "category": "mental-health-and-recovery", "source": "facdb", "is_coad_member": false }, "geometry": { "type": "Point", "coordinates": [ -73.753032, 40.599486 ] } },
{ "type": "Feature", "properties": { "resource_id": "facdb:81f8f02603c76a82c1fa1c3893522a12", "name": "Catholic Charities Neighborhood Services Inc", "category": "children-and-youth", "source": "facdb", "is_coad_member": false }, "geometry": { "type": "Point", "coordinates": [ -73.7877, 40.595227 ] } },
{ "type": "Feature", "properties": { "resource_id": "facdb:82b376a8c2dfc0b60c365dd05ead99b9", "name": "Full Gospel Tabernacle Food Pantry : Full Gospel Tabernacle Food Pantry", "category": "food-assistance", "source": "facdb", "is_coad_member": false }, "geometry": { "type": "Point", "coordinates": [ -73.774121, 40.595459 ] } },
{ "type": "Feature", "properties": { "resource_id": "facdb:82d158ba336fb1d7421cf71429e3016f", "name": "Sorrentino Recreation Center", "category": "parks-and-environment", "source": "facdb", "is_coad_member": false }, "geometry": { "type": "Point", "coordinates": [ -73.751356, 40.602429 ] } },
{ "type": "Feature", "properties": { "resource_id": "facdb:83d81ba54e493c70e4dcd6cff5940c03", "name": "Waterside Children's Studio School (27Q317)", "category": "children-and-youth", "source": "facdb", "is_coad_member": false }, "geometry": { "type": "Point", "coordinates": [ -73.83286, 40.579994 ] } },
{ "type": "Feature", "properties": { "resource_id": "facdb:86499c911f0248ff180d1b4a28bb29cd", "name": "Nycha-Hammel", "category": "children-and-youth", "source": "facdb", "is_coad_member": false }, "geometry": { "type": "Point", "coordinates": [ -73.810368, 40.589195 ] } },
{ "type": "Feature", "properties": { "resource_id": "facdb:8662edcf441a09bccbebdc0d096a4bcb", "name": "The Jewish Association for Services for the Aged", "category": "older-adults", "source": "facdb", "is_coad_member": false }, "geometry": { "type": "Point", "coordinates": [ -73.753823, 40.593165 ] } },
{ "type": "Feature", "properties": { "resource_id": "facdb:86ed19f56008ebc032d8c26d97a554a4", "name": "Police Athletic League Inc", "category": "children-and-youth", "source": "facdb", "is_coad_member": false }, "geometry": { "type": "Point", "coordinates": [ -73.786717, 40.594336 ] } },
{ "type": "Feature", "properties": { "resource_id": "facdb:873c06540ee0e7af32f61d6e7379a1aa", "name": "Far Rockaway Teen Library Youth Justice Court", "category": "children-and-youth", "source": "facdb", "is_coad_member": false }, "geometry": { "type": "Point", "coordinates": [ -73.75356, 40.602505 ] } },
{ "type": "Feature", "properties": { "resource_id": "facdb:87a5b03f1c251fafff3a4adcb654c072", "name": "Nycha-Ocean Bay", "category": "children-and-youth", "source": "facdb", "is_coad_member": false }, "geometry": { "type": "Point", "coordinates": [ -73.78487, 40.593632 ] } },
{ "type": "Feature", "properties": { "resource_id": "facdb:88c085fc0f6a9dfe532233c95f20c083", "name": "New York Edge Inc", "category": "children-and-youth", "source": "facdb", "is_coad_member": false }, "geometry": { "type": "Point", "coordinates": [ -73.794838, 40.594553 ] } },
{ "type": "Feature", "properties": { "resource_id": "facdb:8aef415ef05d1854499258b8b71c5762", "name": "David Dinkins Center. at PS 183", "category": "children-and-youth", "source": "facdb", "is_coad_member": false }, "geometry": { "type": "Point", "coordinates": [ -73.805915, 40.589458 ] } },
{ "type": "Feature", "properties": { "resource_id": "facdb:8b9fe1c5e1eec437d0fd4e90f0457a68", "name": "The Child Center of NY Inc", "category": "children-and-youth", "source": "facdb", "is_coad_member": false }, "geometry": { "type": "Point", "coordinates": [ -73.77185, 40.596426 ] } },
{ "type": "Feature", "properties": { "resource_id": "facdb:8c1e2330ae2cf46f3533753d7d668bf3", "name": "Episcopal Hbci Queens", "category": "mental-health-and-recovery", "source": "facdb", "is_coad_member": false }, "geometry": { "type": "Point", "coordinates": [ -73.753032, 40.599486 ] } },
{ "type": "Feature", "properties": { "resource_id": "facdb:8c63f8d9a0cc72bd5b38e0fbb8fe067e", "name": "H. Kelly Temple : H. Kelly Temple C.O.G.I.C", "category": "food-assistance", "source": "facdb", "is_coad_member": false }, "geometry": { "type": "Point", "coordinates": [ -73.753637, 40.605928 ] } },
{ "type": "Feature", "properties": { "resource_id": "facdb:8da628a2df54769b4277a46b1efb921d", "name": "New Horizon Counseling Center Arverne Clinic", "category": "mental-health-and-recovery", "source": "facdb", "is_coad_member": false }, "geometry": { "type": "Point", "coordinates": [ -73.795372, 40.592729 ] } },
{ "type": "Feature", "properties": { "resource_id": "facdb:8df870f3928d5d3fc7f6c20926a0b5c3", "name": "Seagirt Extension Site", "category": "health-care", "source": "facdb", "is_coad_member": false }, "geometry": { "type": "Point", "coordinates": [ -73.74662, 40.596042 ] } },
{ "type": "Feature", "properties": { "resource_id": "facdb:8e36b32d3a939d6808a125175abf19d6", "name": "Bayswater", "category": "parks-and-environment", "source": "facdb", "is_coad_member": false }, "geometry": { "type": "Point", "coordinates": [ -73.771697, 40.612922 ] } },
{ "type": "Feature", "properties": { "resource_id": "facdb:90c3d77dacd226a3011e5dddfd569926", "name": "David Dinkins Center at PS 215", "category": "children-and-youth", "source": "facdb", "is_coad_member": false }, "geometry": { "type": "Point", "coordinates": [ -73.758373, 40.599746 ] } },
{ "type": "Feature", "properties": { "resource_id": "facdb:92dea1220d143d0f6b49ded7d15cff8c", "name": "Community Mediation Services, Inc.", "category": "children-and-youth", "source": "facdb", "is_coad_member": false }, "geometry": { "type": "Point", "coordinates": [ -73.749802, 40.603951 ] } },
{ "type": "Feature", "properties": { "resource_id": "facdb:968bf330fb494750a68218fe1dda733c", "name": "Park Nursing Home", "category": "health-care", "source": "facdb", "is_coad_member": false }, "geometry": { "type": "Point", "coordinates": [ -73.834993, 40.578484 ] } },
{ "type": "Feature", "properties": { "resource_id": "facdb:96be2cd9e7c742d47f942ad2d9bc19e2", "name": "Westbourne Playground", "category": "parks-and-environment", "source": "facdb", "is_coad_member": false }, "geometry": { "type": "Point", "coordinates": [ -73.764409, 40.607997 ] } },
{ "type": "Feature", "properties": { "resource_id": "facdb:977d3f1b423a81ea656c894efa526081", "name": "Nameoke Park", "category": "parks-and-environment", "source": "facdb", "is_coad_member": false }, "geometry": { "type": "Point", "coordinates": [ -73.750829, 40.607257 ] } },
{ "type": "Feature", "properties": { "resource_id": "facdb:9806d7b53e94d0c4a1309526e67448fb", "name": "New Horizon Counseling Center Continuing Day Treatment Prog.", "category": "mental-health-and-recovery", "source": "facdb", "is_coad_member": false }, "geometry": { "type": "Point", "coordinates": [ -73.7674, 40.59874 ] } },
{ "type": "Feature", "properties": { "resource_id": "facdb:9879078d3d081d4e3aba0d05e15cdaa6", "name": "St Johns Residence School Boys", "category": "children-and-youth", "source": "facdb", "is_coad_member": false }, "geometry": { "type": "Point", "coordinates": [ -73.830716, 40.580097 ] } },
{ "type": "Feature", "properties": { "resource_id": "facdb:9882d08c918cb0e48575f887d4556771", "name": "St. John's Episcopal Hospital Ambulatory Care Center", "category": "health-care", "source": "facdb", "is_coad_member": false }, "geometry": { "type": "Point", "coordinates": [ -73.754473, 40.59961 ] } },
{ "type": "Feature", "properties": { "resource_id": "facdb:9a92954eaa9a272d53e5d228008c9405", "name": "Advocacy Support Services", "category": "mental-health-and-recovery", "source": "facdb", "is_coad_member": false }, "geometry": { "type": "Point", "coordinates": [ -73.743565, 40.595857 ] } },
{ "type": "Feature", "properties": { "resource_id": "facdb:9afbe4d77ba48fcf9d9b8698f9d8df94", "name": "The Elliot Pearl House", "category": "health-care", "source": "facdb", "is_coad_member": false }, "geometry": { "type": "Point", "coordinates": [ -73.838501, 40.577525 ] } },
{ "type": "Feature", "properties": { "resource_id": "facdb:9c1278e5e1a57d7e2467b14e780fe419", "name": "Norton Basin Natural Resource Area", "category": "parks-and-environment", "source": "facdb", "is_coad_member": false }, "geometry": { "type": "Point", "coordinates": [ -73.769852, 40.601793 ] } },
{ "type": "Feature", "properties": { "resource_id": "facdb:9c5f9c9d383fa4cd24aaf1566ecdeaff", "name": "Park", "category": "parks-and-environment", "source": "facdb", "is_coad_member": false }, "geometry": { "type": "Point", "coordinates": [ -73.759418, 40.592492 ] } },
{ "type": "Feature", "properties": { "resource_id": "facdb:9e2f95317b1f2ad098bfb8c028c14f64", "name": "Neponsit Mall", "category": "parks-and-environment", "source": "facdb", "is_coad_member": false }, "geometry": { "type": "Point", "coordinates": [ -73.861228, 40.570532 ] } },
{ "type": "Feature", "properties": { "resource_id": "facdb:9ecf68240e55ad3eb71f89581f7f96d6", "name": "Parents Action Program Inc", "category": "children-and-youth", "source": "facdb", "is_coad_member": false }, "geometry": { "type": "Point", "coordinates": [ -73.769468, 40.611704 ] } },
{ "type": "Feature", "properties": { "resource_id": "facdb:Q140001", "name": "Rockaway Village", "category": "parks-and-environment", "source": "facdb", "is_coad_member": false }, "geometry": { "type": "Point", "coordinates": [ -73.752814, 40.605997 ] } },
{ "type": "Feature", "properties": { "resource_id": "facdb:a0d8022171e5ab39cc1df27c21abaae5", "name": "Sheltering Arms Children and Family Services Inc", "category": "children-and-youth", "source": "facdb", "is_coad_member": false }, "geometry": { "type": "Point", "coordinates": [ -73.752311, 40.605241 ] } },
{ "type": "Feature", "properties": { "resource_id": "facdb:a1ffc364120bf107afc92a954d69d3c0", "name": "Eng 266", "category": "emergency-services", "source": "facdb", "is_coad_member": false }, "geometry": { "type": "Point", "coordinates": [ -73.816524, 40.586469 ] } },
{ "type": "Feature", "properties": { "resource_id": "facdb:a4e9055345fc8d869ac9893315a3cc04", "name": "Sheltering Arms Children and Family Services Inc", "category": "benefits-and-legal", "source": "facdb", "is_coad_member": false }, "geometry": { "type": "Point", "coordinates": [ -73.775437, 40.595523 ] } },
{ "type": "Feature", "properties": { "resource_id": "facdb:a59978da6fbcb0c043d84b05a54ca2e7", "name": "The Child Center of NY Inc", "category": "children-and-youth", "source": "facdb", "is_coad_member": false }, "geometry": { "type": "Point", "coordinates": [ -73.7877, 40.595227 ] } },
{ "type": "Feature", "properties": { "resource_id": "facdb:a67bd365af0046e6a2dc543fe1b79014", "name": "Rockaway Community Park", "category": "parks-and-environment", "source": "facdb", "is_coad_member": false }, "geometry": { "type": "Point", "coordinates": [ -73.780251, 40.603772 ] } },
{ "type": "Feature", "properties": { "resource_id": "facdb:a76787faf9b95603af58e92fabd4057f", "name": "Beach 59th St Playground", "category": "parks-and-environment", "source": "facdb", "is_coad_member": false }, "geometry": { "type": "Point", "coordinates": [ -73.789057, 40.588896 ] } },
{ "type": "Feature", "properties": { "resource_id": "facdb:a9206a67fb856eaf64fa2c42af634f20", "name": "YMCA of Greater New York", "category": "children-and-youth", "source": "facdb", "is_coad_member": false }, "geometry": { "type": "Point", "coordinates": [ -73.761395, 40.594071 ] } },
{ "type": "Feature", "properties": { "resource_id": "facdb:a9800b48933c2dca137b90b74cdd9d2f", "name": "YMCA of Greater New York", "category": "children-and-youth", "source": "facdb", "is_coad_member": false }, "geometry": { "type": "Point", "coordinates": [ -73.74411, 40.599861 ] } },
{ "type": "Feature", "properties": { "resource_id": "facdb:aabdab1b1110d0ca1e826ab9fbcc1d73", "name": "Surfside Manor Home for Adults, LLC", "category": "health-care", "source": "facdb", "is_coad_member": false }, "geometry": { "type": "Point", "coordinates": [ -73.817704, 40.585805 ] } },
{ "type": "Feature", "properties": { "resource_id": "facdb:ac08b613dfad86efeb46d655bd700cbe", "name": "Queens Nassau Rehabilitation and Nursing Center", "category": "health-care", "source": "facdb", "is_coad_member": false }, "geometry": { "type": "Point", "coordinates": [ -73.751835, 40.600025 ] } },
{ "type": "Feature", "properties": { "resource_id": "facdb:ac985cfc6fd948eeeeae7b15e253f00e", "name": "Culinary Kids Garden", "category": "parks-and-environment", "source": "facdb", "is_coad_member": false }, "geometry": { "type": "Point", "coordinates": [ -73.763592, 40.595586 ] } },
{ "type": "Feature", "properties": { "resource_id": "facdb:b12f7ba13427f3f1217800a661462a38", "name": "Long Island Jewish Medical Center", "category": "mental-health-and-recovery", "source": "facdb", "is_coad_member": false }, "geometry": { "type": "Point", "coordinates": [ -73.752311, 40.605241 ] } },
{ "type": "Feature", "properties": { "resource_id": "facdb:b2a639a7742a01078218dda643ae03b9", "name": "Queens Library Arverne", "category": "children-and-youth", "source": "facdb", "is_coad_member": false }, "geometry": { "type": "Point", "coordinates": [ -73.784041, 40.593153 ] } },
{ "type": "Feature", "properties": { "resource_id": "facdb:b3b88f501e56fbeabe5498aa33cb2270", "name": "East Side House Inc", "category": "children-and-youth", "source": "facdb", "is_coad_member": false }, "geometry": { "type": "Point", "coordinates": [ -73.749802, 40.603951 ] } },
{ "type": "Feature", "properties": { "resource_id": "facdb:b3dc1547351227a4299a768a17d226cf", "name": "The Child Center of NY Inc", "category": "children-and-youth", "source": "facdb", "is_coad_member": false }, "geometry": { "type": "Point", "coordinates": [ -73.808302, 40.588462 ] } },
{ "type": "Feature", "properties": { "resource_id": "facdb:b4da925d393d5e2778a9a25da3cbdf0c", "name": "Jewish Community Council of the Rockaway Peninsula : Jewish Community Council of the Rockaway Peninsula", "category": "food-assistance", "source": "facdb", "is_coad_member": false }, "geometry": { "type": "Point", "coordinates": [ -73.751553, 40.605263 ] } },
{ "type": "Feature", "properties": { "resource_id": "facdb:b4f6b7434e3898f37a7a2221224239f1", "name": "Knowledge and Power Preparatory Academy Vi (27Q282)", "category": "children-and-youth", "source": "facdb", "is_coad_member": false }, "geometry": { "type": "Point", "coordinates": [ -73.763586, 40.601764 ] } },
{ "type": "Feature", "properties": { "resource_id": "facdb:b50f71f3fc8ad0c3178cc0300b2ae245", "name": "Cardozo Playground", "category": "parks-and-environment", "source": "facdb", "is_coad_member": false }, "geometry": { "type": "Point", "coordinates": [ -73.786717, 40.594336 ] } },
{ "type": "Feature", "properties": { "resource_id": "facdb:b5197d01f5c39ee5bd6d7ed4a5c7bbd6", "name": "P256Q@P043Q", "category": "health-care", "source": "facdb", "is_coad_member": false }, "geometry": { "type": "Point", "coordinates": [ -73.761395, 40.594071 ] } },
{ "type": "Feature", "properties": { "resource_id": "facdb:b53e354ffbd9b11cca9decd41154daf4", "name": "Rockaway WORKFORCE1 Career Center", "category": "education-and-jobs", "source": "facdb", "is_coad_member": false }, "geometry": { "type": "Point", "coordinates": [ -73.787828, 40.591547 ] } },
{ "type": "Feature", "properties": { "resource_id": "facdb:b63e30609585afe33dc38a78bc67ca6c", "name": "The Child Center of NY Inc", "category": "children-and-youth", "source": "facdb", "is_coad_member": false }, "geometry": { "type": "Point", "coordinates": [ -73.763586, 40.601764 ] } },
{ "type": "Feature", "properties": { "resource_id": "facdb:b8bc9a6128e8d25d4fecbabb2cc9ed59", "name": "The Child Center of NY Inc", "category": "children-and-youth", "source": "facdb", "is_coad_member": false }, "geometry": { "type": "Point", "coordinates": [ -73.752919, 40.609392 ] } },
{ "type": "Feature", "properties": { "resource_id": "facdb:b98762dfb934152ae777d283db7ed903", "name": "St. John's Episcopal Hospital South Shore Division Ip Unit", "category": "mental-health-and-recovery", "source": "facdb", "is_coad_member": false }, "geometry": { "type": "Point", "coordinates": [ -73.753468, 40.598581 ] } },
{ "type": "Feature", "properties": { "resource_id": "facdb:b9b5b0bb3c4384b2305977a707d26dde", "name": "YMCA of Greater New York", "category": "children-and-youth", "source": "facdb", "is_coad_member": false }, "geometry": { "type": "Point", "coordinates": [ -73.749802, 40.603951 ] } },
{ "type": "Feature", "properties": { "resource_id": "facdb:b9e7b493427b32cb82ca5de5874e438b", "name": "Sage, Russell, Memorial Church", "category": "parks-and-environment", "source": "facdb", "is_coad_member": false }, "geometry": { "type": "Point", "coordinates": [ -73.74709, 40.609669 ] } },
{ "type": "Feature", "properties": { "resource_id": "facdb:ba662d7e2f267fd7794e030c062178bf", "name": "Hammel (2)", "category": "children-and-youth", "source": "facdb", "is_coad_member": false }, "geometry": { "type": "Point", "coordinates": [ -73.807711, 40.588372 ] } },
{ "type": "Feature", "properties": { "resource_id": "facdb:ba95078a319760b712eb4b17cf72a32f", "name": "Hammel Community Center", "category": "children-and-youth", "source": "facdb", "is_coad_member": false }, "geometry": { "type": "Point", "coordinates": [ -73.808302, 40.588462 ] } },
{ "type": "Feature", "properties": { "resource_id": "facdb:bae4cb35049e3a3982846a7607a30791", "name": "Breezy Point Mobile Library", "category": "libraries-and-community", "source": "facdb", "is_coad_member": false }, "geometry": { "type": "Point", "coordinates": [ -73.913675, 40.56121 ] } },
{ "type": "Feature", "properties": { "resource_id": "facdb:bbbe59eaa921597e2c59368d6e5ffd96", "name": "Bergen Basin Community Development Corporation", "category": "children-and-youth", "source": "facdb", "is_coad_member": false }, "geometry": { "type": "Point", "coordinates": [ -73.831372, 40.580957 ] } },
{ "type": "Feature", "properties": { "resource_id": "facdb:bc65437a8a1e3f1454bb0a73d43079b1", "name": "Bayside Playground", "category": "parks-and-environment", "source": "facdb", "is_coad_member": false }, "geometry": { "type": "Point", "coordinates": [ -73.825144, 40.584861 ] } },
{ "type": "Feature", "properties": { "resource_id": "facdb:bc88ea93dcc9689687a00f62dcc0edb3", "name": "West Lawrence Care Center, LLC", "category": "health-care", "source": "facdb", "is_coad_member": false }, "geometry": { "type": "Point", "coordinates": [ -73.74882, 40.595695 ] } },
{ "type": "Feature", "properties": { "resource_id": "facdb:be0ace2fa2b50af4479df77d4e83ba90", "name": "Catholic Charities Neighborhood Services Inc", "category": "older-adults", "source": "facdb", "is_coad_member": false }, "geometry": { "type": "Point", "coordinates": [ -73.816929, 40.587439 ] } },
{ "type": "Feature", "properties": { "resource_id": "facdb:c04b1a00b5f474bbc41815f9269f9ba0", "name": "Sunset Cove Park", "category": "parks-and-environment", "source": "facdb", "is_coad_member": false }, "geometry": { "type": "Point", "coordinates": [ -73.822995, 40.59853 ] } },
{ "type": "Feature", "properties": { "resource_id": "facdb:c05fd2f23712592eb010cb4d251416d9", "name": "Rockaway Beach and Boardwalk", "category": "parks-and-environment", "source": "facdb", "is_coad_member": false }, "geometry": { "type": "Point", "coordinates": [ -73.753299, 40.592936 ] } },
{ "type": "Feature", "properties": { "resource_id": "facdb:c0c4ade5a7cbd24bb57bdf0315b3fafb", "name": "Vernam Barbadoes Peninsula", "category": "parks-and-environment", "source": "facdb", "is_coad_member": false }, "geometry": { "type": "Point", "coordinates": [ -73.806069, 40.594107 ] } },
{ "type": "Feature", "properties": { "resource_id": "facdb:c15842df5dcd36bebe55f6dc59113a23", "name": "Bergen Basin Community Development Corporation", "category": "children-and-youth", "source": "facdb", "is_coad_member": false }, "geometry": { "type": "Point", "coordinates": [ -73.823595, 40.586582 ] } },
{ "type": "Feature", "properties": { "resource_id": "facdb:c2f22d3ece1503075e368ff3fd1ba930", "name": "Far Rockaway Teen Library", "category": "libraries-and-community", "source": "facdb", "is_coad_member": false }, "geometry": { "type": "Point", "coordinates": [ -73.75356, 40.602505 ] } },
{ "type": "Feature", "properties": { "resource_id": "facdb:c46ffed5981a73e26e106544212df1db", "name": "Village Academy", "category": "children-and-youth", "source": "facdb", "is_coad_member": false }, "geometry": { "type": "Point", "coordinates": [ -73.749802, 40.603951 ] } },
{ "type": "Feature", "properties": { "resource_id": "facdb:c474438d131caf621b46d2c133cd017d", "name": "PS 43 (27Q043)", "category": "children-and-youth", "source": "facdb", "is_coad_member": false }, "geometry": { "type": "Point", "coordinates": [ -73.761395, 40.594071 ] } },
{ "type": "Feature", "properties": { "resource_id": "facdb:c58c5456bc1bc84f748b9eb1f8a74769", "name": "Arverne Church of God Inc", "category": "children-and-youth", "source": "facdb", "is_coad_member": false }, "geometry": { "type": "Point", "coordinates": [ -73.750179, 40.606966 ] } },
{ "type": "Feature", "properties": { "resource_id": "facdb:c85a3ca2838cf4fb91a3ed3243780508", "name": "New Horizon Counseling Center Inc.", "category": "disability-and-access", "source": "facdb", "is_coad_member": false }, "geometry": { "type": "Point", "coordinates": [ -73.753111, 40.602124 ] } },
{ "type": "Feature", "properties": { "resource_id": "facdb:c8f96d88e6613ad207f03a281703a128", "name": "Beach Channel Playground", "category": "parks-and-environment", "source": "facdb", "is_coad_member": false }, "geometry": { "type": "Point", "coordinates": [ -73.805847, 40.588916 ] } },
{ "type": "Feature", "properties": { "resource_id": "facdb:c971a16df49362e34c0095e3830b81af", "name": "M.S. 53 Brian Piccolo", "category": "children-and-youth", "source": "facdb", "is_coad_member": false }, "geometry": { "type": "Point", "coordinates": [ -73.749802, 40.603951 ] } },
{ "type": "Feature", "properties": { "resource_id": "facdb:ca74c83dd4ff4853d231eed5d192712f", "name": "Queens Library Seaside", "category": "children-and-youth", "source": "facdb", "is_coad_member": false }, "geometry": { "type": "Point", "coordinates": [ -73.837735, 40.579396 ] } },
{ "type": "Feature", "properties": { "resource_id": "facdb:ca77393dec895c6b304508707a4ded00", "name": "J.U.S.T.I.C.E. Organization Jesus Justice Mission : J.U.S.T.I.C.E. Organization", "category": "food-assistance", "source": "facdb", "is_coad_member": false }, "geometry": { "type": "Point", "coordinates": [ -73.761428, 40.595596 ] } },
{ "type": "Feature", "properties": { "resource_id": "facdb:cb20bbd4186939033b5453f1e20c601e", "name": "Lyfe Program at Far Rockaway HS", "category": "children-and-youth", "source": "facdb", "is_coad_member": false }, "geometry": { "type": "Point", "coordinates": [ -73.763586, 40.601764 ] } },
{ "type": "Feature", "properties": { "resource_id": "facdb:cb6cdc32a5e16b666830c3e003f3467c", "name": "New Horizon Counseling - Far Rockaway Clinic", "category": "mental-health-and-recovery", "source": "facdb", "is_coad_member": false }, "geometry": { "type": "Point", "coordinates": [ -73.7674, 40.59874 ] } },
{ "type": "Feature", "properties": { "resource_id": "facdb:cb80ca1d4057d669af1b863fae23edcf", "name": "MacEdonia Bible Summer Program", "category": "children-and-youth", "source": "facdb", "is_coad_member": false }, "geometry": { "type": "Point", "coordinates": [ -73.795722, 40.592028 ] } },
{ "type": "Feature", "properties": { "resource_id": "facdb:cb9f2d6395da2569b5509700290c09ea", "name": "Promenade Rehabilitation and Health Care Center", "category": "health-care", "source": "facdb", "is_coad_member": false }, "geometry": { "type": "Point", "coordinates": [ -73.834062, 40.578805 ] } },
{ "type": "Feature", "properties": { "resource_id": "facdb:ccf92dd511618251c06c7fef48fafb9c", "name": "Ocean Bay Apartments Community Center", "category": "children-and-youth", "source": "facdb", "is_coad_member": false }, "geometry": { "type": "Point", "coordinates": [ -73.7877, 40.595227 ] } },
{ "type": "Feature", "properties": { "resource_id": "facdb:ce1b72303dd74def6acd92cb3f3c0073", "name": "The Jewish Association for Services for the Aged", "category": "older-adults", "source": "facdb", "is_coad_member": false }, "geometry": { "type": "Point", "coordinates": [ -73.82711, 40.581378 ] } },
{ "type": "Feature", "properties": { "resource_id": "facdb:d07afd840e67f139b3ba4bde96c3b6f3", "name": "Jewish Community Council of the Rockaway Peninsula", "category": "children-and-youth", "source": "facdb", "is_coad_member": false }, "geometry": { "type": "Point", "coordinates": [ -73.751553, 40.605263 ] } },
{ "type": "Feature", "properties": { "resource_id": "facdb:d0ebf5c648630361613c00d9dde1922f", "name": "Ocean Bay Apartments (Oceanside)", "category": "libraries-and-community", "source": "facdb", "is_coad_member": false }, "geometry": { "type": "Point", "coordinates": [ -73.78487, 40.593632 ] } },
{ "type": "Feature", "properties": { "resource_id": "facdb:d2db6fa7b2680ad6ddbe35f598d14f5b", "name": "Romimu Special Programs", "category": "children-and-youth", "source": "facdb", "is_coad_member": false }, "geometry": { "type": "Point", "coordinates": [ -73.739578, 40.602517 ] } },
{ "type": "Feature", "properties": { "resource_id": "facdb:d3ab0f9ac697ae0a7e97c421897f6679", "name": "Beach 20th Street Plaza", "category": "parks-and-environment", "source": "facdb", "is_coad_member": false }, "geometry": { "type": "Point", "coordinates": [ -73.753502, 40.603275 ] } },
{ "type": "Feature", "properties": { "resource_id": "facdb:d3c5f5ac03735dddc04051eded7f8b10", "name": "HRA Benefits Access Center Rockaway", "category": "education-and-jobs", "source": "facdb", "is_coad_member": false }, "geometry": { "type": "Point", "coordinates": [ -73.789307, 40.592723 ] } },
{ "type": "Feature", "properties": { "resource_id": "facdb:d5153f8dc0f3077fdbf5cd87a2800dae", "name": "Haven Manor Health Care Center,LLC", "category": "health-care", "source": "facdb", "is_coad_member": false }, "geometry": { "type": "Point", "coordinates": [ -73.749803, 40.600672 ] } },
{ "type": "Feature", "properties": { "resource_id": "facdb:d5482a34691f21bf63cb52ce3849114a", "name": "Central Assisted Living, LLC", "category": "health-care", "source": "facdb", "is_coad_member": false }, "geometry": { "type": "Point", "coordinates": [ -73.750997, 40.605313 ] } },
{ "type": "Feature", "properties": { "resource_id": "facdb:d5afd0cfc7e0a7d5801c51bc7be37c1a", "name": "Partnership with Children, Inc.", "category": "children-and-youth", "source": "facdb", "is_coad_member": false }, "geometry": { "type": "Point", "coordinates": [ -73.823595, 40.586582 ] } },
{ "type": "Feature", "properties": { "resource_id": "facdb:d6dd16f4a27e397ce95dac040f142650", "name": "Northeastern Conference Adventist Community Svcs : Solid Rock SDA Church", "category": "food-assistance", "source": "facdb", "is_coad_member": false }, "geometry": { "type": "Point", "coordinates": [ -73.782697, 40.592684 ] } },
{ "type": "Feature", "properties": { "resource_id": "facdb:d6e1eab5ecd7686bc6d131a9dcf81366", "name": "Queensrail Corporation", "category": "children-and-youth", "source": "facdb", "is_coad_member": false }, "geometry": { "type": "Point", "coordinates": [ -73.846845, 40.578019 ] } },
{ "type": "Feature", "properties": { "resource_id": "facdb:d75e6f7024e2fc34e4a0f3e7250675c5", "name": "Beach 41st - Beach Channel Drive", "category": "libraries-and-community", "source": "facdb", "is_coad_member": false }, "geometry": { "type": "Point", "coordinates": [ -73.77185, 40.596426 ] } },
{ "type": "Feature", "properties": { "resource_id": "facdb:d893c165c9edd770be56dc814b90f91e", "name": "Goldie Maple Academy", "category": "health-care", "source": "facdb", "is_coad_member": false }, "geometry": { "type": "Point", "coordinates": [ -73.786717, 40.594336 ] } },
{ "type": "Feature", "properties": { "resource_id": "facdb:d8e43ba2b09c6b2ae96b2df885a80f25", "name": "Memorial Circle", "category": "parks-and-environment", "source": "facdb", "is_coad_member": false }, "geometry": { "type": "Point", "coordinates": [ -73.84099, 40.578547 ] } },
{ "type": "Feature", "properties": { "resource_id": "facdb:d946840c31ab23a0f33d65dc1b4c28b6", "name": "Bay Breeze Park", "category": "parks-and-environment", "source": "facdb", "is_coad_member": false }, "geometry": { "type": "Point", "coordinates": [ -73.814529, 40.590662 ] } },
{ "type": "Feature", "properties": { "resource_id": "facdb:d9efb4f055826d91366e53f1de47cbc5", "name": "Peninsula Nursing and Rehabilitation Center", "category": "health-care", "source": "facdb", "is_coad_member": false }, "geometry": { "type": "Point", "coordinates": [ -73.781515, 40.594533 ] } },
{ "type": "Feature", "properties": { "resource_id": "facdb:dc2bc835927c965fe3aea85337d6dba1", "name": "Queens High School for Information, Research, and Technology (27Q302)", "category": "children-and-youth", "source": "facdb", "is_coad_member": false }, "geometry": { "type": "Point", "coordinates": [ -73.763586, 40.601764 ] } },
{ "type": "Feature", "properties": { "resource_id": "facdb:dd6c17ea44207ff3a6fb3e5263377ae0", "name": "Catholic Charities Neighborhood Services Inc", "category": "housing-and-shelter", "source": "facdb", "is_coad_member": false }, "geometry": { "type": "Point", "coordinates": [ -73.751541, 40.603307 ] } },
{ "type": "Feature", "properties": { "resource_id": "facdb:dfda998f70c1770fb9b0d55e46710e12", "name": "Ccns - Rockaway Pros", "category": "mental-health-and-recovery", "source": "facdb", "is_coad_member": false }, "geometry": { "type": "Point", "coordinates": [ -73.751541, 40.603307 ] } },
{ "type": "Feature", "properties": { "resource_id": "facdb:e07d705cff6df2ba9544b4d072c8d6c5", "name": "First Church of God Vcb", "category": "children-and-youth", "source": "facdb", "is_coad_member": false }, "geometry": { "type": "Point", "coordinates": [ -73.7542, 40.60897 ] } },
{ "type": "Feature", "properties": { "resource_id": "facdb:e0aab80a0adc4585f41481b9d2619595", "name": "Conch Playground", "category": "parks-and-environment", "source": "facdb", "is_coad_member": false }, "geometry": { "type": "Point", "coordinates": [ -73.780675, 40.595998 ] } },
{ "type": "Feature", "properties": { "resource_id": "facdb:e0fca2e0ec2ed09b3a022c58b3e66c83", "name": "Richard Mott House", "category": "parks-and-environment", "source": "facdb", "is_coad_member": false }, "geometry": { "type": "Point", "coordinates": [ -73.769317, 40.606599 ] } },
{ "type": "Feature", "properties": { "resource_id": "facdb:e131bf2f6c1772690ae8c2d28fe311a5", "name": "Wheelchairs Against Guns Inc", "category": "children-and-youth", "source": "facdb", "is_coad_member": false }, "geometry": { "type": "Point", "coordinates": [ -73.766659, 40.596875 ] } },
{ "type": "Feature", "properties": { "resource_id": "facdb:e1c35551ac16b12fca513f1863e15b9b", "name": "The Young Airmans Association", "category": "children-and-youth", "source": "facdb", "is_coad_member": false }, "geometry": { "type": "Point", "coordinates": [ -73.793475, 40.590488 ] } },
{ "type": "Feature", "properties": { "resource_id": "facdb:e1f0d1ed3fd311167e421b7810ab3e57", "name": "Enrichment Series", "category": "children-and-youth", "source": "facdb", "is_coad_member": false }, "geometry": { "type": "Point", "coordinates": [ -73.789608, 40.589336 ] } },
{ "type": "Feature", "properties": { "resource_id": "facdb:e2b531522c77228133c7734bf9aa8d87", "name": "Ho Scott-Peach Cobbler", "category": "children-and-youth", "source": "facdb", "is_coad_member": false }, "geometry": { "type": "Point", "coordinates": [ -73.752267, 40.608499 ] } },
{ "type": "Feature", "properties": { "resource_id": "facdb:e47d4ddd12138159439568f331527787", "name": "Central Avenue Clinic", "category": "mental-health-and-recovery", "source": "facdb", "is_coad_member": false }, "geometry": { "type": "Point", "coordinates": [ -73.752539, 40.604933 ] } },
{ "type": "Feature", "properties": { "resource_id": "facdb:e4bd3e9224770d47ea625c810f62c57a", "name": "Far Rockaway Church of Christ : Far Rockaway Church of Christ Food Pantry", "category": "food-assistance", "source": "facdb", "is_coad_member": false }, "geometry": { "type": "Point", "coordinates": [ -73.753448, 40.607743 ] } },
{ "type": "Feature", "properties": { "resource_id": "facdb:e5a47611e9a8b3d7b4669e59dff51c36", "name": "Rockaway Artists Alliance Inc", "category": "children-and-youth", "source": "facdb", "is_coad_member": false }, "geometry": { "type": "Point", "coordinates": [ -73.854485, 40.577768 ] } },
{ "type": "Feature", "properties": { "resource_id": "facdb:e613b1fe18f19082f19aefd3dab32a63", "name": "Thursby Basin Park", "category": "parks-and-environment", "source": "facdb", "is_coad_member": false }, "geometry": { "type": "Point", "coordinates": [ -73.791812, 40.59557 ] } },
{ "type": "Feature", "properties": { "resource_id": "facdb:e7f33b4608b60ee04def28b006455179", "name": "Rockaway Courthouse", "category": "parks-and-environment", "source": "facdb", "is_coad_member": false }, "geometry": { "type": "Point", "coordinates": [ -73.815758, 40.588979 ] } },
{ "type": "Feature", "properties": { "resource_id": "facdb:e957d69deb4d24bcd8d9b3f447a8200c", "name": "Rockaway SNAP Center", "category": "benefits-and-legal", "source": "facdb", "is_coad_member": false }, "geometry": { "type": "Point", "coordinates": [ -73.789307, 40.592723 ] } },
{ "type": "Feature", "properties": { "resource_id": "facdb:e96f55ef0bd2040f772d5bcc651549fa", "name": "New York Career Training School, LLC", "category": "education-and-jobs", "source": "facdb", "is_coad_member": false }, "geometry": { "type": "Point", "coordinates": [ -73.752841, 40.60315 ] } },
{ "type": "Feature", "properties": { "resource_id": "facdb:eab464a8daf32a6a50ee0a96ebe48de6", "name": "Hammel", "category": "libraries-and-community", "source": "facdb", "is_coad_member": false }, "geometry": { "type": "Point", "coordinates": [ -73.808302, 40.588462 ] } },
{ "type": "Feature", "properties": { "resource_id": "facdb:eacb5d11599d9cf2540a072ecdd3a586", "name": "Congregation Camp D'Masmidim Inc", "category": "children-and-youth", "source": "facdb", "is_coad_member": false }, "geometry": { "type": "Point", "coordinates": [ -73.743256, 40.603656 ] } },
{ "type": "Feature", "properties": { "resource_id": "facdb:eb1f5d6ba020f652083fe8f452bc8bae", "name": "Almeda Playground", "category": "parks-and-environment", "source": "facdb", "is_coad_member": false }, "geometry": { "type": "Point", "coordinates": [ -73.794684, 40.593544 ] } },
{ "type": "Feature", "properties": { "resource_id": "facdb:ec255afd34b3bdae148a47c9e1a0b506", "name": "Queens Library-Peninsula", "category": "children-and-youth", "source": "facdb", "is_coad_member": false }, "geometry": { "type": "Point", "coordinates": [ -73.81606, 40.585847 ] } },
{ "type": "Feature", "properties": { "resource_id": "facdb:ed11da8edcc0c9d38a37c935d55155cf", "name": "PS 043", "category": "health-care", "source": "facdb", "is_coad_member": false }, "geometry": { "type": "Point", "coordinates": [ -73.761395, 40.594071 ] } },
{ "type": "Feature", "properties": { "resource_id": "facdb:ed84a4ffa28e5c6fbee0e5ff04954182", "name": "Queens Borough Public Library", "category": "children-and-youth", "source": "facdb", "is_coad_member": false }, "geometry": { "type": "Point", "coordinates": [ -73.75356, 40.602505 ] } },
{ "type": "Feature", "properties": { "resource_id": "facdb:eee41119130ad1d44a00fd5a005688b3", "name": "Sheltering Arms Children and Family Services Inc", "category": "education-and-jobs", "source": "facdb", "is_coad_member": false }, "geometry": { "type": "Point", "coordinates": [ -73.752311, 40.605241 ] } },
{ "type": "Feature", "properties": { "resource_id": "facdb:eef481f9d3503ee75f707011dfacc437", "name": "Channel View School for Research", "category": "children-and-youth", "source": "facdb", "is_coad_member": false }, "geometry": { "type": "Point", "coordinates": [ -73.823595, 40.586582 ] } },
{ "type": "Feature", "properties": { "resource_id": "facdb:ef6f6082df33bc29b1c3ac82e9f1ba9a", "name": "Bay Beach 84 Garden", "category": "parks-and-environment", "source": "facdb", "is_coad_member": false }, "geometry": { "type": "Point", "coordinates": [ -73.809839, 40.591087 ] } },
{ "type": "Feature", "properties": { "resource_id": "facdb:f09f9ae93113451e320937c6214746ae", "name": "New Horizon Counseling Center West Rockaway Clinic", "category": "mental-health-and-recovery", "source": "facdb", "is_coad_member": false }, "geometry": { "type": "Point", "coordinates": [ -73.813221, 40.587568 ] } },
{ "type": "Feature", "properties": { "resource_id": "facdb:f0b6ad6aa79db706ab10ba07939b14c0", "name": "Ccns Rockaway Behavioral Health Center", "category": "mental-health-and-recovery", "source": "facdb", "is_coad_member": false }, "geometry": { "type": "Point", "coordinates": [ -73.751541, 40.603307 ] } },
{ "type": "Feature", "properties": { "resource_id": "facdb:f16f6866826f2630e142c3542405a2db", "name": "The Jewish Association for Services for the Aged", "category": "older-adults", "source": "facdb", "is_coad_member": false }, "geometry": { "type": "Point", "coordinates": [ -73.753823, 40.593165 ] } },
{ "type": "Feature", "properties": { "resource_id": "facdb:f308e2f1212abdaae0402cd94f071331", "name": "Bayswater Park", "category": "children-and-youth", "source": "facdb", "is_coad_member": false }, "geometry": { "type": "Point", "coordinates": [ -73.76147, 40.60112 ] } },
{ "type": "Feature", "properties": { "resource_id": "facdb:f56570b8c9bea1bac19375a7fbb1f769", "name": "NYPD 101st Precinct", "category": "emergency-services", "source": "facdb", "is_coad_member": false }, "geometry": { "type": "Point", "coordinates": [ -73.749975, 40.602944 ] } },
{ "type": "Feature", "properties": { "resource_id": "facdb:f5708f14cfb4acf01290822cd1bfdf5e", "name": "Seagirt Housing and Beach Channel", "category": "children-and-youth", "source": "facdb", "is_coad_member": false }, "geometry": { "type": "Point", "coordinates": [ -73.754168, 40.594193 ] } },
{ "type": "Feature", "properties": { "resource_id": "facdb:f584a3001ae5bbdd38d664c449331d1f", "name": "Police Athletic League Inc", "category": "children-and-youth", "source": "facdb", "is_coad_member": false }, "geometry": { "type": "Point", "coordinates": [ -73.787673, 40.594378 ] } },
{ "type": "Feature", "properties": { "resource_id": "facdb:f5862aaa8dad44c32a73848119da2398", "name": "Lanett Playground", "category": "parks-and-environment", "source": "facdb", "is_coad_member": false }, "geometry": { "type": "Point", "coordinates": [ -73.744247, 40.599303 ] } },
{ "type": "Feature", "properties": { "resource_id": "facdb:f5a89ff12bf50c9e8ad06e41760fae36", "name": "Engine 264/ENGINE 328/LADDER 134", "category": "emergency-services", "source": "facdb", "is_coad_member": false }, "geometry": { "type": "Point", "coordinates": [ -73.75231, 40.604505 ] } },
{ "type": "Feature", "properties": { "resource_id": "facdb:f65786c8bac00a92ef2ee90b18616dab", "name": "Arverne Playground", "category": "parks-and-environment", "source": "facdb", "is_coad_member": false }, "geometry": { "type": "Point", "coordinates": [ -73.785183, 40.592858 ] } },
{ "type": "Feature", "properties": { "resource_id": "facdb:f6c7ec00815f5e5c356a8451107be11a", "name": "Belle Harbor Manor", "category": "health-care", "source": "facdb", "is_coad_member": false }, "geometry": { "type": "Point", "coordinates": [ -73.845185, 40.577595 ] } },
{ "type": "Feature", "properties": { "resource_id": "facdb:f6f078fdd27effe3ca72f021c9b19855", "name": "Redfern Community Center", "category": "children-and-youth", "source": "facdb", "is_coad_member": false }, "geometry": { "type": "Point", "coordinates": [ -73.752919, 40.609392 ] } },
{ "type": "Feature", "properties": { "resource_id": "facdb:f7482cc3ea891c4e2d832d22cf39246d", "name": "Rockaway Artists Alliance, Inc.", "category": "libraries-and-community", "source": "facdb", "is_coad_member": false }, "geometry": { "type": "Point", "coordinates": [ -73.837592, 40.581124 ] } },
{ "type": "Feature", "properties": { "resource_id": "facdb:f7eb8b1673c606827e3dc357432475fa", "name": "Wavecrest Clinic", "category": "mental-health-and-recovery", "source": "facdb", "is_coad_member": false }, "geometry": { "type": "Point", "coordinates": [ -73.753686, 40.596661 ] } },
{ "type": "Feature", "properties": { "resource_id": "facdb:f83f4859a9f6f89d31a08938b6653b32", "name": "Rockaway Waterfront Alliance", "category": "children-and-youth", "source": "facdb", "is_coad_member": false }, "geometry": { "type": "Point", "coordinates": [ -73.788242, 40.591868 ] } },
{ "type": "Feature", "properties": { "resource_id": "facdb:f9014a34001f2b422dfadb23df325f76", "name": "Redfern Houses", "category": "children-and-youth", "source": "facdb", "is_coad_member": false }, "geometry": { "type": "Point", "coordinates": [ -73.753167, 40.610177 ] } },
{ "type": "Feature", "properties": { "resource_id": "facdb:fcc6d84e4531cf06ee878f7ebe74b605", "name": "St Johns Episcopal Hospital So Shore", "category": "health-care", "source": "facdb", "is_coad_member": false }, "geometry": { "type": "Point", "coordinates": [ -73.753468, 40.598581 ] } },
{ "type": "Feature", "properties": { "resource_id": "facdb:fe1fd43a9ea42bc3d27c501b3a6924b7", "name": "The Child Center of NY Inc", "category": "children-and-youth", "source": "facdb", "is_coad_member": false }, "geometry": { "type": "Point", "coordinates": [ -73.77185, 40.596426 ] } },
{ "type": "Feature", "properties": { "resource_id": "facdb:ff333f637a4886a0d299f7c8e22b728b", "name": "Academy of Medical Technology: a College Board School", "category": "children-and-youth", "source": "facdb", "is_coad_member": false }, "geometry": { "type": "Point", "coordinates": [ -73.763586, 40.601764 ] } },
{ "type": "Feature", "properties": { "resource_id": "facdb:ffb4f41150410b78a206b655fffcef7d", "name": "Premier Nursing and Rehab Center of Far Rockaway", "category": "health-care", "source": "facdb", "is_coad_member": false }, "geometry": { "type": "Point", "coordinates": [ -73.757043, 40.600907 ] } },
{ "type": "Feature", "properties": { "resource_id": "franc:101st-precinct", "name": "101st Precinct", "category": "emergency-services", "source": "franc", "is_coad_member": false }, "geometry": { "type": "Point", "coordinates": [ -73.749952, 40.602986 ] } },
{ "type": "Feature", "properties": { "resource_id": "franc:acqc", "name": "Acqc", "category": "health-care", "source": "franc", "is_coad_member": false }, "geometry": { "type": "Point", "coordinates": [ -73.752324, 40.605246 ] } },
{ "type": "Feature", "properties": { "resource_id": "franc:acqc-aids-center-of-queens-county", "name": "ACQC - Aids Center of Queens County", "category": "health-care", "source": "franc", "is_coad_member": false }, "geometry": { "type": "Point", "coordinates": [ -73.751583, 40.605009 ] } },
{ "type": "Feature", "properties": { "resource_id": "franc:advantage-care-physicians-rockaway-medical-office", "name": "Advantage care Physicians- Rockaway Medical Office", "category": "health-care", "source": "franc", "is_coad_member": false }, "geometry": { "type": "Point", "coordinates": [ -73.82672, 40.583071 ] } },
{ "type": "Feature", "properties": { "resource_id": "franc:advantagecare-physicians-rockaway-medical-office", "name": "AdvantageCare Physicians - Rockaway Medical Office", "category": "health-care", "source": "franc", "is_coad_member": false }, "geometry": { "type": "Point", "coordinates": [ -73.763663, 40.598648 ] } },
{ "type": "Feature", "properties": { "resource_id": "franc:advantagecare-rockaway-covid-testing", "name": "AdvantageCare - Rockaway\nCOVID Testing\n", "category": "health-care", "source": "franc", "is_coad_member": false }, "geometry": { "type": "Point", "coordinates": [ -73.763644, 40.598617 ] } },
{ "type": "Feature", "properties": { "resource_id": "franc:ahrc-far-rockaway-center--1", "name": "AHRC - Far Rockaway Center\n", "category": "disability-and-access", "source": "franc", "is_coad_member": false }, "geometry": { "type": "Point", "coordinates": [ -73.760922, 40.604497 ] } },
{ "type": "Feature", "properties": { "resource_id": "franc:ahrc-far-rockaway-center--2", "name": "AHRC Far Rockaway Center", "category": "disability-and-access", "source": "franc", "is_coad_member": false }, "geometry": { "type": "Point", "coordinates": [ -73.7517, 40.60311 ] } },
{ "type": "Feature", "properties": { "resource_id": "franc:assembly-member-khaleel-anderson", "name": "Assembly Member Khaleel Anderson", "category": "government-offices", "source": "franc", "is_coad_member": false }, "geometry": { "type": "Point", "coordinates": [ -73.752699, 40.60399 ] } },
{ "type": "Feature", "properties": { "resource_id": "franc:assemblywoman-stacey-pheffer-amato", "name": "Assemblywoman Stacey Pheffer Amato", "category": "government-offices", "source": "franc", "is_coad_member": false }, "geometry": { "type": "Point", "coordinates": [ -73.816047, 40.586343 ] } },
{ "type": "Feature", "properties": { "resource_id": "franc:battalion-pentecostal-food-distribution-center", "name": "Battalion Pentecostal Food\nDistribution Center", "category": "food-assistance", "source": "franc", "is_coad_member": false }, "geometry": { "type": "Point", "coordinates": [ -73.796001, 40.594373 ] } },
{ "type": "Feature", "properties": { "resource_id": "franc:bay-towers-team-association", "name": "Bay Towers Team\nAssociation", "category": "housing-and-shelter", "source": "franc", "is_coad_member": false }, "geometry": { "type": "Point", "coordinates": [ -73.820218, 40.586164 ] } },
{ "type": "Feature", "properties": { "resource_id": "franc:beach-25-st", "name": "Beach 25 St", "category": "emergency-services", "source": "franc", "is_coad_member": false }, "geometry": { "type": "Point", "coordinates": [ -73.761756, 40.599526 ] } },
{ "type": "Feature", "properties": { "resource_id": "franc:beach-41st-st-cornerstone-community-center-ccny", "name": "Beach 41st St. Cornerstone Community Center -CCNY\n", "category": "libraries-and-community", "source": "franc", "is_coad_member": true }, "geometry": { "type": "Point", "coordinates": [ -73.772125, 40.596252 ] } },
{ "type": "Feature", "properties": { "resource_id": "franc:bethel-ame-church", "name": "Bethel AME Church", "category": "food-assistance", "source": "franc", "is_coad_member": false }, "geometry": { "type": "Point", "coordinates": [ -73.804523, 40.588852 ] } },
{ "type": "Feature", "properties": { "resource_id": "franc:camba-arverne-view-recovery-project", "name": "CAMBA - Arverne View Recovery Project", "category": "libraries-and-community", "source": "franc", "is_coad_member": true }, "geometry": { "type": "Point", "coordinates": [ -73.787779, 40.5917 ] } },
{ "type": "Feature", "properties": { "resource_id": "franc:campaign-against-hunger", "name": "Campaign Against Hunger", "category": "food-assistance", "source": "franc", "is_coad_member": false }, "geometry": { "type": "Point", "coordinates": [ -73.787474, 40.591817 ] } },
{ "type": "Feature", "properties": { "resource_id": "franc:catholic-charities", "name": "Catholic Charities", "category": "food-assistance", "source": "franc", "is_coad_member": false }, "geometry": { "type": "Point", "coordinates": [ -73.784883, 40.595584 ] } },
{ "type": "Feature", "properties": { "resource_id": "franc:catholic-charities-far-rockaway-clinic", "name": "Catholic Charities - Far Rockaway Clinic", "category": "health-care", "source": "franc", "is_coad_member": true }, "geometry": { "type": "Point", "coordinates": [ -73.75153, 40.603296 ] } },
{ "type": "Feature", "properties": { "resource_id": "franc:ccbq-catholic-charities-oceanbay", "name": "CCBQ - Catholic Charities @ OceanBay\n", "category": "libraries-and-community", "source": "franc", "is_coad_member": true }, "geometry": { "type": "Point", "coordinates": [ -73.787521, 40.595048 ] } },
{ "type": "Feature", "properties": { "resource_id": "franc:ccbq-food-pantry-service", "name": "CCBQ Food Pantry Service\n", "category": "food-assistance", "source": "franc", "is_coad_member": false }, "geometry": { "type": "Point", "coordinates": [ -73.784883, 40.595584 ] } },
{ "type": "Feature", "properties": { "resource_id": "franc:church-of-god-christian-academy", "name": "Church of God Christian Academy", "category": "health-care", "source": "franc", "is_coad_member": true }, "geometry": { "type": "Point", "coordinates": [ -73.750181, 40.606866 ] } },
{ "type": "Feature", "properties": { "resource_id": "franc:congressman-gregory-w-meeks", "name": "Congressman Gregory W. Meeks", "category": "government-offices", "source": "franc", "is_coad_member": false }, "geometry": { "type": "Point", "coordinates": [ -73.796148, 40.590889 ] } },
{ "type": "Feature", "properties": { "resource_id": "franc:council-member-selvena-brooks-powers-far-rockaway-office", "name": "Council Member Selvena Brooks-Powers - Far Rockaway office", "category": "government-offices", "source": "franc", "is_coad_member": false }, "geometry": { "type": "Point", "coordinates": [ -73.752699, 40.60399 ] } },
{ "type": "Feature", "properties": { "resource_id": "franc:engine-265-ladder-121-battalion-47-fdny-ems-station-47", "name": "Engine 265 , Ladder 121 & Battalion 47 FDNY EMS Station 47", "category": "emergency-services", "source": "franc", "is_coad_member": false }, "geometry": { "type": "Point", "coordinates": [ -73.77921, 40.593482 ] } },
{ "type": "Feature", "properties": { "resource_id": "franc:far-rockaway-greek-council", "name": "Far Rockaway Greek Council\n", "category": "libraries-and-community", "source": "franc", "is_coad_member": true }, "geometry": { "type": "Point", "coordinates": [ -73.76424, 40.596876 ] } },
{ "type": "Feature", "properties": { "resource_id": "franc:far-rockaway-lirr", "name": "Far Rockaway - LIRR\n", "category": "emergency-services", "source": "franc", "is_coad_member": false }, "geometry": { "type": "Point", "coordinates": [ -73.75177, 40.607735 ] } },
{ "type": "Feature", "properties": { "resource_id": "franc:far-rockaway-mott-av", "name": "Far Rockaway - Mott Av", "category": "emergency-services", "source": "franc", "is_coad_member": false }, "geometry": { "type": "Point", "coordinates": [ -73.755, 40.604218 ] } },
{ "type": "Feature", "properties": { "resource_id": "franc:fdny-engine-264-engine-328-ladder-134", "name": "FDNY Engine 264/Engine 328/Ladder 134", "category": "emergency-services", "source": "franc", "is_coad_member": false }, "geometry": { "type": "Point", "coordinates": [ -73.752157, 40.60486 ] } },
{ "type": "Feature", "properties": { "resource_id": "franc:fdny-engine-268-ladder-137", "name": "FDNY Engine 268/Ladder 137", "category": "emergency-services", "source": "franc", "is_coad_member": false }, "geometry": { "type": "Point", "coordinates": [ -73.838171, 40.580876 ] } },
{ "type": "Feature", "properties": { "resource_id": "franc:fdny-engine-328", "name": "FDNY Engine 328", "category": "emergency-services", "source": "franc", "is_coad_member": false }, "geometry": { "type": "Point", "coordinates": [ -73.837714, 40.58117 ] } },
{ "type": "Feature", "properties": { "resource_id": "franc:first-baptist-church", "name": "First Baptist Church", "category": "food-assistance", "source": "franc", "is_coad_member": false }, "geometry": { "type": "Point", "coordinates": [ -73.752245, 40.608499 ] } },
{ "type": "Feature", "properties": { "resource_id": "franc:first-church-of-god", "name": "First Church of God", "category": "food-assistance", "source": "franc", "is_coad_member": false }, "geometry": { "type": "Point", "coordinates": [ -73.754203, 40.60897 ] } },
{ "type": "Feature", "properties": { "resource_id": "franc:first-presbyterian-russell-sage-memorial-church", "name": "First Presbyterian Russell\nSage Memorial Church", "category": "food-assistance", "source": "franc", "is_coad_member": false }, "geometry": { "type": "Point", "coordinates": [ -73.747004, 40.609677 ] } },
{ "type": "Feature", "properties": { "resource_id": "franc:full-gospel-tabernacle", "name": "Full Gospel Tabernacle", "category": "food-assistance", "source": "franc", "is_coad_member": false }, "geometry": { "type": "Point", "coordinates": [ -73.774355, 40.595401 ] } },
{ "type": "Feature", "properties": { "resource_id": "franc:hatzalah-rockaways-nassau-county", "name": "Hatzalah Rockaways & Nassau County", "category": "emergency-services", "source": "franc", "is_coad_member": false }, "geometry": { "type": "Point", "coordinates": [ -73.745465, 40.601342 ] } },
{ "type": "Feature", "properties": { "resource_id": "franc:heartshare-human-services", "name": "Heartshare Human Services", "category": "disability-and-access", "source": "franc", "is_coad_member": false }, "geometry": { "type": "Point", "coordinates": [ -73.752222, 40.600743 ] } },
{ "type": "Feature", "properties": { "resource_id": "franc:jasa-jewish-association-serving-the-aging", "name": "Jasa - Jewish Association Serving the Aging \n", "category": "older-adults", "source": "franc", "is_coad_member": false }, "geometry": { "type": "Point", "coordinates": [ -73.75349, 40.594316 ] } },
{ "type": "Feature", "properties": { "resource_id": "franc:jccrp", "name": "Jccrp", "category": "benefits-and-legal", "source": "franc", "is_coad_member": false }, "geometry": { "type": "Point", "coordinates": [ -73.751532, 40.605245 ] } },
{ "type": "Feature", "properties": { "resource_id": "franc:jesus-is-justice", "name": "Jesus is Justice", "category": "food-assistance", "source": "franc", "is_coad_member": false }, "geometry": { "type": "Point", "coordinates": [ -73.761426, 40.595601 ] } },
{ "type": "Feature", "properties": { "resource_id": "franc:jewish-community-council", "name": "Jewish Community Council", "category": "libraries-and-community", "source": "franc", "is_coad_member": false }, "geometry": { "type": "Point", "coordinates": [ -73.751506, 40.605211 ] } },
{ "type": "Feature", "properties": { "resource_id": "franc:magnificent-sevens-car-service", "name": "Magnificent Sevens - Car Service\n", "category": "emergency-services", "source": "franc", "is_coad_member": false }, "geometry": { "type": "Point", "coordinates": [ -73.753765, 40.604399 ] } },
{ "type": "Feature", "properties": { "resource_id": "franc:mott-express-car-services-inc", "name": "Mott Express Car Services Inc", "category": "emergency-services", "source": "franc", "is_coad_member": false }, "geometry": { "type": "Point", "coordinates": [ -73.753753, 40.604376 ] } },
{ "type": "Feature", "properties": { "resource_id": "franc:new-york-city-police-department-101st-precinct", "name": "New York City Police Department - 101st Precinct", "category": "government-offices", "source": "franc", "is_coad_member": true }, "geometry": { "type": "Point", "coordinates": [ -73.749962, 40.602921 ] } },
{ "type": "Feature", "properties": { "resource_id": "franc:northwell-school-based-health-center", "name": "Northwell School Based Health Center\n", "category": "health-care", "source": "franc", "is_coad_member": true }, "geometry": { "type": "Point", "coordinates": [ -73.764062, 40.602186 ] } },
{ "type": "Feature", "properties": { "resource_id": "franc:nyc-dept-of-sanitation-dsny-q14-garage", "name": "NYC Dept Of Sanitation DSNY Q14 Garage", "category": "government-offices", "source": "franc", "is_coad_member": false }, "geometry": { "type": "Point", "coordinates": [ -73.781374, 40.600551 ] } },
{ "type": "Feature", "properties": { "resource_id": "franc:nyc-health-hospitals-beach-39th-covid-testing", "name": "NYC Health + Hospitals/Beach 39th\nCOVID Testing\n", "category": "health-care", "source": "franc", "is_coad_member": false }, "geometry": { "type": "Point", "coordinates": [ -73.7716, 40.594436 ] } },
{ "type": "Feature", "properties": { "resource_id": "franc:nyc-health-hospitals-sorrentino-recreation-center", "name": "NYC Health + Hospitals/Sorrentino Recreation Center", "category": "health-care", "source": "franc", "is_coad_member": false }, "geometry": { "type": "Point", "coordinates": [ -73.751325, 40.602489 ] } },
{ "type": "Feature", "properties": { "resource_id": "franc:nyc-heath-hospitals-far-rockaway", "name": "NYC Heath + Hospitals Far Rockaway", "category": "health-care", "source": "franc", "is_coad_member": false }, "geometry": { "type": "Point", "coordinates": [ -73.753728, 40.605444 ] } },
{ "type": "Feature", "properties": { "resource_id": "franc:nypd-100th-precinct", "name": "NYPD 100th Precinct", "category": "emergency-services", "source": "franc", "is_coad_member": false }, "geometry": { "type": "Point", "coordinates": [ -73.816508, 40.586288 ] } },
{ "type": "Feature", "properties": { "resource_id": "franc:nys-senator-james-sanders-jr", "name": "NYS Senator James Sanders, Jr.\n", "category": "government-offices", "source": "franc", "is_coad_member": false }, "geometry": { "type": "Point", "coordinates": [ -73.752726, 40.603892 ] } },
{ "type": "Feature", "properties": { "resource_id": "franc:ocean-bay-community-development-corporation-obcdc", "name": "Ocean Bay Community Development Corporation -OBCDC\n", "category": "libraries-and-community", "source": "franc", "is_coad_member": true }, "geometry": { "type": "Point", "coordinates": [ -73.786619, 40.596649 ] } },
{ "type": "Feature", "properties": { "resource_id": "franc:ocean-park-drugs-covid-testing-pharmacy-clinic", "name": "Ocean Park Drugs - COVID Testing\nPharmacy Clinic\n", "category": "health-care", "source": "franc", "is_coad_member": false }, "geometry": { "type": "Point", "coordinates": [ -73.751959, 40.594734 ] } },
{ "type": "Feature", "properties": { "resource_id": "franc:ohel-regional-family-center", "name": "Ohel Regional Family Center", "category": "disability-and-access", "source": "franc", "is_coad_member": false }, "geometry": { "type": "Point", "coordinates": [ -73.743717, 40.595955 ] } },
{ "type": "Feature", "properties": { "resource_id": "franc:police-athletic-league-inc-goldie-maple-academy-beacon", "name": "Police Athletic League, Inc. Goldie Maple Academy Beacon", "category": "children-and-youth", "source": "franc", "is_coad_member": true }, "geometry": { "type": "Point", "coordinates": [ -73.787191, 40.594506 ] } },
{ "type": "Feature", "properties": { "resource_id": "franc:queens-defenders-outreach-center", "name": "Queens Defenders Outreach Center", "category": "benefits-and-legal", "source": "franc", "is_coad_member": true }, "geometry": { "type": "Point", "coordinates": [ -73.751647, 40.603457 ] } },
{ "type": "Feature", "properties": { "resource_id": "franc:queens-defenders-pop-up-food-pantry", "name": "Queens Defenders Pop-Up Food Pantry", "category": "food-assistance", "source": "franc", "is_coad_member": false }, "geometry": { "type": "Point", "coordinates": [ -73.752156, 40.604048 ] } },
{ "type": "Feature", "properties": { "resource_id": "franc:queens-high-school-for-information-research-and-technology", "name": "Queens High School For Information, Research, And Technology", "category": "children-and-youth", "source": "franc", "is_coad_member": true }, "geometry": { "type": "Point", "coordinates": [ -73.763979, 40.601532 ] } },
{ "type": "Feature", "properties": { "resource_id": "franc:queens-public-library-for-teens-at-far-rockaway", "name": "Queens Public Library for Teens at Far Rockaway", "category": "children-and-youth", "source": "franc", "is_coad_member": true }, "geometry": { "type": "Point", "coordinates": [ -73.753506, 40.602533 ] } },
{ "type": "Feature", "properties": { "resource_id": "franc:rca-ambulance-service-far-rockaway", "name": "RCA Ambulance Service Far Rockaway", "category": "emergency-services", "source": "franc", "is_coad_member": false }, "geometry": { "type": "Point", "coordinates": [ -73.748686, 40.610014 ] } },
{ "type": "Feature", "properties": { "resource_id": "franc:redfern-cornerstone-community-center-ccny", "name": "Redfern Cornerstone Community Center - CCNY\n", "category": "children-and-youth", "source": "franc", "is_coad_member": true }, "geometry": { "type": "Point", "coordinates": [ -73.752908, 40.609088 ] } },
{ "type": "Feature", "properties": { "resource_id": "franc:rock-safe-streets-sheltering-arms", "name": "Rock Safe Streets - Sheltering Arms\n", "category": "benefits-and-legal", "source": "franc", "is_coad_member": true }, "geometry": { "type": "Point", "coordinates": [ -73.775352, 40.595578 ] } },
{ "type": "Feature", "properties": { "resource_id": "franc:rockaway-development-revitalization-corporation", "name": "Rockaway Development & Revitalization Corporation", "category": "housing-and-shelter", "source": "franc", "is_coad_member": true }, "geometry": { "type": "Point", "coordinates": [ -73.752141, 40.603949 ] } },
{ "type": "Feature", "properties": { "resource_id": "franc:rockaway-initiative-for-sustainability-environment", "name": "Rockaway Initiative for Sustainability & Environment", "category": "parks-and-environment", "source": "franc", "is_coad_member": true }, "geometry": { "type": "Point", "coordinates": [ -73.788281, 40.591863 ] } },
{ "type": "Feature", "properties": { "resource_id": "franc:rockaway-testing-center-covid-clinic", "name": "Rockaway Testing Center - COVID\nClinic\n", "category": "health-care", "source": "franc", "is_coad_member": false }, "geometry": { "type": "Point", "coordinates": [ -73.743602, 40.595499 ] } },
{ "type": "Feature", "properties": { "resource_id": "franc:rockaway-ymca", "name": "Rockaway YMCA", "category": "libraries-and-community", "source": "franc", "is_coad_member": true }, "geometry": { "type": "Point", "coordinates": [ -73.801529, 40.589413 ] } },
{ "type": "Feature", "properties": { "resource_id": "franc:saint-camillus-rc-church", "name": "Saint Camillus RC Church", "category": "food-assistance", "source": "franc", "is_coad_member": false }, "geometry": { "type": "Point", "coordinates": [ -73.820425, 40.583753 ] } },
{ "type": "Feature", "properties": { "resource_id": "franc:saint-mary-star-of-the-sea", "name": "Saint Mary Star of the Sea", "category": "food-assistance", "source": "franc", "is_coad_member": false }, "geometry": { "type": "Point", "coordinates": [ -73.752729, 40.600758 ] } },
{ "type": "Feature", "properties": { "resource_id": "franc:saint-rose-of-lima", "name": "Saint Rose of Lima", "category": "food-assistance", "source": "franc", "is_coad_member": false }, "geometry": { "type": "Point", "coordinates": [ -73.809525, 40.586265 ] } },
{ "type": "Feature", "properties": { "resource_id": "franc:sheltering-arms", "name": "Sheltering Arms", "category": "benefits-and-legal", "source": "franc", "is_coad_member": true }, "geometry": { "type": "Point", "coordinates": [ -73.752245, 40.605174 ] } },
{ "type": "Feature", "properties": { "resource_id": "franc:solid-rock-sda-church", "name": "Solid Rock SDA Church", "category": "food-assistance", "source": "franc", "is_coad_member": false }, "geometry": { "type": "Point", "coordinates": [ -73.782705, 40.592686 ] } },
{ "type": "Feature", "properties": { "resource_id": "franc:st-john-s-episcopal-hospital--1", "name": "St. John's Episcopal Hospital", "category": "health-care", "source": "franc", "is_coad_member": false }, "geometry": { "type": "Point", "coordinates": [ -73.753484, 40.598624 ] } },
{ "type": "Feature", "properties": { "resource_id": "franc:st-john-s-episcopal-hospital--2", "name": "St. John's Episcopal Hospital", "category": "health-care", "source": "franc", "is_coad_member": true }, "geometry": { "type": "Point", "coordinates": [ -73.753484, 40.598624 ] } },
{ "type": "Feature", "properties": { "resource_id": "franc:the-addabbo-family-health-center-covid-testing", "name": "The Addabbo Family Health Center COVID Testing\n", "category": "health-care", "source": "franc", "is_coad_member": false }, "geometry": { "type": "Point", "coordinates": [ -73.749116, 40.607855 ] } },
{ "type": "Feature", "properties": { "resource_id": "franc:the-campaign-against-hunger-at-world-harvest-deliverance-cen", "name": "The Campaign Against\nHunger At World Harvest\nDeliverance Center", "category": "food-assistance", "source": "franc", "is_coad_member": false }, "geometry": { "type": "Point", "coordinates": [ -73.75142, 40.60532 ] } },
{ "type": "Feature", "properties": { "resource_id": "franc:the-child-center-of-ny-ocean-bay-community-cornerstone", "name": "The Child Center of NY Ocean Bay Community Cornerstone", "category": "children-and-youth", "source": "franc", "is_coad_member": true }, "geometry": { "type": "Point", "coordinates": [ -73.787305, 40.594755 ] } },
{ "type": "Feature", "properties": { "resource_id": "franc:the-joseph-p-addabbo-family-health-center", "name": "The Joseph P. Addabbo Family Health Center", "category": "health-care", "source": "franc", "is_coad_member": false }, "geometry": { "type": "Point", "coordinates": [ -73.749116, 40.607855 ] } },
{ "type": "Feature", "properties": { "resource_id": "franc:the-joseph-p-addabbo-family-health-center-inc", "name": "The Joseph P. Addabbo Family Health Center, Inc.", "category": "health-care", "source": "franc", "is_coad_member": false }, "geometry": { "type": "Point", "coordinates": [ -73.791738, 40.593463 ] } },
{ "type": "Feature", "properties": { "resource_id": "franc:united-methodist-center", "name": "United Methodist Center ", "category": "food-assistance", "source": "franc", "is_coad_member": false }, "geometry": { "type": "Point", "coordinates": [ -73.751693, 40.603084 ] } },
{ "type": "Feature", "properties": { "resource_id": "qnpd:her-care-inc", "name": "Her Care Inc", "category": "education-and-jobs", "source": "qnpd", "is_coad_member": false }, "geometry": { "type": "Point", "coordinates": [ -73.793937, 40.589163 ] } },
{ "type": "Feature", "properties": { "resource_id": "qnpd:jamaica-bay-rockaway-parks-conservancy", "name": "Jamaica Bay-Rockaway Parks Conservancy", "category": "parks-and-environment", "source": "qnpd", "is_coad_member": false }, "geometry": { "type": "Point", "coordinates": [ -73.836932, 40.582612 ] } },
{ "type": "Feature", "properties": { "resource_id": "qnpd:jewish-community-council-of-the-rockaway-peninsula", "name": "Jewish Community Council of the Rockaway Peninsula", "category": "older-adults", "source": "qnpd", "is_coad_member": false }, "geometry": { "type": "Point", "coordinates": [ -73.751554, 40.605264 ] } },
{ "type": "Feature", "properties": { "resource_id": "qnpd:ocean-bay-community-development-corporation", "name": "Ocean Bay Community Development Corporation", "category": "benefits-and-legal", "source": "qnpd", "is_coad_member": false }, "geometry": { "type": "Point", "coordinates": [ -73.784268, 40.596456 ] } },
{ "type": "Feature", "properties": { "resource_id": "qnpd:perfect-piece-of-the-puzzle-inc", "name": "Perfect Piece of the Puzzle Inc.", "category": "benefits-and-legal", "source": "qnpd", "is_coad_member": false }, "geometry": { "type": "Point", "coordinates": [ -73.789608, 40.589332 ] } },
{ "type": "Feature", "properties": { "resource_id": "qnpd:ugo-home-care-services-inc", "name": "Ugo Home Care Services Inc", "category": "benefits-and-legal", "source": "qnpd", "is_coad_member": false }, "geometry": { "type": "Point", "coordinates": [ -73.757752, 40.603241 ] } },
{ "type": "Feature", "properties": { "resource_id": "qnpd:veteran-in-command-inc", "name": "Veteran in Command inc", "category": "education-and-jobs", "source": "qnpd", "is_coad_member": false }, "geometry": { "type": "Point", "coordinates": [ -73.838003, 40.579761 ] } }
]
}
